[34m2025-01-25 15:07:49.740[39m | [1m[37m      INFO      [39m[49m[0m | bittensor:loggingmachine.py:439 | Debug enabled.
[34m2025-01-25 15:07:59.409[39m | [1m[37m      INFO      [39m[49m[0m | bittensor:base.py:67 | Targon version 404020
[34m2025-01-25 15:07:59.410[39m | [1m[37m      INFO      [39m[49m[0m | bittensor:config.py:51 | Logging path: /Users/tutu/.bittensor/miners/default/default/netuid4/targon
[34m2025-01-25 15:07:59.410[39m | [1m[37m      INFO      [39m[49m[0m | bittensor:loggingmachine.py:426 | Enabling debug.
[34m2025-01-25 15:07:59.411[39m | [1m[37m      INFO      [39m[49m[0m | bittensor:loggingmachine.py:439 | Debug enabled.
[34m2025-01-25 15:07:59.411[39m | [1m[37m      INFO      [39m[49m[0m | bittensor:loggingmachine.py:390 | Enabling info logging.
[34m2025-01-25 15:07:59.412[39m | [1m[37m      INFO      [39m[49m[0m | bittensor:loggingmachine.py:399 | Info enabled.
[34m2025-01-25 15:07:59.412[39m | [1m[37m      INFO      [39m[49m[0m | bittensor:loggingmachine.py:426 | Enabling debug.
[34m2025-01-25 15:07:59.413[39m | [1m[37m      INFO      [39m[49m[0m | bittensor:loggingmachine.py:439 | Debug enabled.
[34m2025-01-25 15:08:15.882[39m | [1m[34m     DEBUG      [39m[49m[0m | bittensor:base.py:109 | Wallet: Wallet (Name: 'default', Hotkey: 'default', Path: '~/.bittensor/wallets/')
[34m2025-01-25 15:08:15.882[39m | [1m[34m     DEBUG      [39m[49m[0m | bittensor:base.py:110 | Subtensor: subtensor(test, wss://test.finney.opentensor.ai:443)
[34m2025-01-25 15:08:15.882[39m | [1m[34m     DEBUG      [39m[49m[0m | bittensor:base.py:111 | Metagraph: metagraph(netuid:4, n:30, block:3751272, network:test)
[34m2025-01-25 15:08:17.099[39m | [1m[31m     ERROR      [39m[49m[0m | bittensor:base.py:44 | Wallet: Wallet (Name: 'default', Hotkey: 'default', Path: '~/.bittensor/wallets/') is not registered on netuid 4. Please register the hotkey using `btcli subnets register` before trying again
[34m2025-01-25 15:08:17.580[39m | [1m[37m      INFO      [39m[49m[0m | bittensor:loggingmachine.py:439 | Debug enabled.
[34m2025-01-25 15:08:18.025[39m | [1m[37m      INFO      [39m[49m[0m | bittensor:base.py:67 | Targon version 404020
[34m2025-01-25 15:08:18.026[39m | [1m[37m      INFO      [39m[49m[0m | bittensor:config.py:51 | Logging path: /Users/tutu/.bittensor/miners/default/default/netuid4/targon
[34m2025-01-25 15:08:18.026[39m | [1m[37m      INFO      [39m[49m[0m | bittensor:loggingmachine.py:426 | Enabling debug.
[34m2025-01-25 15:08:18.027[39m | [1m[37m      INFO      [39m[49m[0m | bittensor:loggingmachine.py:439 | Debug enabled.
[34m2025-01-25 15:08:18.027[39m | [1m[37m      INFO      [39m[49m[0m | bittensor:loggingmachine.py:390 | Enabling info logging.
[34m2025-01-25 15:08:18.027[39m | [1m[37m      INFO      [39m[49m[0m | bittensor:loggingmachine.py:399 | Info enabled.
[34m2025-01-25 15:08:18.028[39m | [1m[37m      INFO      [39m[49m[0m | bittensor:loggingmachine.py:426 | Enabling debug.
[34m2025-01-25 15:08:18.028[39m | [1m[37m      INFO      [39m[49m[0m | bittensor:loggingmachine.py:439 | Debug enabled.
[34m2025-01-25 15:08:23.244[39m | [1m[34m     DEBUG      [39m[49m[0m | bittensor:base.py:109 | Wallet: Wallet (Name: 'default', Hotkey: 'default', Path: '~/.bittensor/wallets/')
[34m2025-01-25 15:08:23.245[39m | [1m[34m     DEBUG      [39m[49m[0m | bittensor:base.py:110 | Subtensor: subtensor(test, wss://test.finney.opentensor.ai:443)
[34m2025-01-25 15:08:23.245[39m | [1m[34m     DEBUG      [39m[49m[0m | bittensor:base.py:111 | Metagraph: metagraph(netuid:4, n:30, block:3751272, network:test)
[34m2025-01-25 15:08:23.667[39m | [1m[31m     ERROR      [39m[49m[0m | bittensor:base.py:44 | Wallet: Wallet (Name: 'default', Hotkey: 'default', Path: '~/.bittensor/wallets/') is not registered on netuid 4. Please register the hotkey using `btcli subnets register` before trying again
[34m2025-01-25 15:08:24.159[39m | [1m[37m      INFO      [39m[49m[0m | bittensor:loggingmachine.py:439 | Debug enabled.
[34m2025-01-25 15:08:24.615[39m | [1m[37m      INFO      [39m[49m[0m | bittensor:base.py:67 | Targon version 404020
[34m2025-01-25 15:08:24.616[39m | [1m[37m      INFO      [39m[49m[0m | bittensor:config.py:51 | Logging path: /Users/tutu/.bittensor/miners/default/default/netuid4/targon
[34m2025-01-25 15:08:24.616[39m | [1m[37m      INFO      [39m[49m[0m | bittensor:loggingmachine.py:426 | Enabling debug.
[34m2025-01-25 15:08:24.617[39m | [1m[37m      INFO      [39m[49m[0m | bittensor:loggingmachine.py:439 | Debug enabled.
[34m2025-01-25 15:08:24.617[39m | [1m[37m      INFO      [39m[49m[0m | bittensor:loggingmachine.py:390 | Enabling info logging.
[34m2025-01-25 15:08:24.618[39m | [1m[37m      INFO      [39m[49m[0m | bittensor:loggingmachine.py:399 | Info enabled.
[34m2025-01-25 15:08:24.618[39m | [1m[37m      INFO      [39m[49m[0m | bittensor:loggingmachine.py:426 | Enabling debug.
[34m2025-01-25 15:08:24.619[39m | [1m[37m      INFO      [39m[49m[0m | bittensor:loggingmachine.py:439 | Debug enabled.
[34m2025-01-25 15:08:43.430[39m | [1m[34m     DEBUG      [39m[49m[0m | bittensor:base.py:109 | Wallet: Wallet (Name: 'default', Hotkey: 'default', Path: '~/.bittensor/wallets/')
[34m2025-01-25 15:08:43.430[39m | [1m[34m     DEBUG      [39m[49m[0m | bittensor:base.py:110 | Subtensor: subtensor(test, wss://test.finney.opentensor.ai:443)
[34m2025-01-25 15:08:43.430[39m | [1m[34m     DEBUG      [39m[49m[0m | bittensor:base.py:111 | Metagraph: metagraph(netuid:4, n:30, block:3751274, network:test)
[34m2025-01-25 15:08:44.555[39m | [1m[31m     ERROR      [39m[49m[0m | bittensor:base.py:44 | Wallet: Wallet (Name: 'default', Hotkey: 'default', Path: '~/.bittensor/wallets/') is not registered on netuid 4. Please register the hotkey using `btcli subnets register` before trying again
[34m2025-01-25 15:08:45.019[39m | [1m[37m      INFO      [39m[49m[0m | bittensor:loggingmachine.py:439 | Debug enabled.
[34m2025-01-25 15:08:45.481[39m | [1m[37m      INFO      [39m[49m[0m | bittensor:base.py:67 | Targon version 404020
[34m2025-01-25 15:08:45.482[39m | [1m[37m      INFO      [39m[49m[0m | bittensor:config.py:51 | Logging path: /Users/tutu/.bittensor/miners/default/default/netuid4/targon
[34m2025-01-25 15:08:45.483[39m | [1m[37m      INFO      [39m[49m[0m | bittensor:loggingmachine.py:426 | Enabling debug.
[34m2025-01-25 15:08:45.483[39m | [1m[37m      INFO      [39m[49m[0m | bittensor:loggingmachine.py:439 | Debug enabled.
[34m2025-01-25 15:08:45.483[39m | [1m[37m      INFO      [39m[49m[0m | bittensor:loggingmachine.py:390 | Enabling info logging.
[34m2025-01-25 15:08:45.484[39m | [1m[37m      INFO      [39m[49m[0m | bittensor:loggingmachine.py:399 | Info enabled.
[34m2025-01-25 15:08:45.484[39m | [1m[37m      INFO      [39m[49m[0m | bittensor:loggingmachine.py:426 | Enabling debug.
[34m2025-01-25 15:08:45.485[39m | [1m[37m      INFO      [39m[49m[0m | bittensor:loggingmachine.py:439 | Debug enabled.
[34m2025-01-25 15:09:03.339[39m | [1m[34m     DEBUG      [39m[49m[0m | bittensor:base.py:109 | Wallet: Wallet (Name: 'default', Hotkey: 'default', Path: '~/.bittensor/wallets/')
[34m2025-01-25 15:09:03.339[39m | [1m[34m     DEBUG      [39m[49m[0m | bittensor:base.py:110 | Subtensor: subtensor(test, wss://test.finney.opentensor.ai:443)
[34m2025-01-25 15:09:03.339[39m | [1m[34m     DEBUG      [39m[49m[0m | bittensor:base.py:111 | Metagraph: metagraph(netuid:4, n:30, block:3751276, network:test)
[34m2025-01-25 15:09:04.522[39m | [1m[31m     ERROR      [39m[49m[0m | bittensor:base.py:44 | Wallet: Wallet (Name: 'default', Hotkey: 'default', Path: '~/.bittensor/wallets/') is not registered on netuid 4. Please register the hotkey using `btcli subnets register` before trying again
[34m2025-01-25 15:09:04.987[39m | [1m[37m      INFO      [39m[49m[0m | bittensor:loggingmachine.py:439 | Debug enabled.
[34m2025-01-25 15:09:05.472[39m | [1m[37m      INFO      [39m[49m[0m | bittensor:base.py:67 | Targon version 404020
[34m2025-01-25 15:09:05.473[39m | [1m[37m      INFO      [39m[49m[0m | bittensor:config.py:51 | Logging path: /Users/tutu/.bittensor/miners/default/default/netuid4/targon
[34m2025-01-25 15:09:05.473[39m | [1m[37m      INFO      [39m[49m[0m | bittensor:loggingmachine.py:426 | Enabling debug.
[34m2025-01-25 15:09:05.474[39m | [1m[37m      INFO      [39m[49m[0m | bittensor:loggingmachine.py:439 | Debug enabled.
[34m2025-01-25 15:09:05.474[39m | [1m[37m      INFO      [39m[49m[0m | bittensor:loggingmachine.py:390 | Enabling info logging.
[34m2025-01-25 15:09:05.475[39m | [1m[37m      INFO      [39m[49m[0m | bittensor:loggingmachine.py:399 | Info enabled.
[34m2025-01-25 15:09:05.475[39m | [1m[37m      INFO      [39m[49m[0m | bittensor:loggingmachine.py:426 | Enabling debug.
[34m2025-01-25 15:09:05.475[39m | [1m[37m      INFO      [39m[49m[0m | bittensor:loggingmachine.py:439 | Debug enabled.
[34m2025-01-25 15:09:15.364[39m | [1m[34m     DEBUG      [39m[49m[0m | bittensor:base.py:109 | Wallet: Wallet (Name: 'default', Hotkey: 'default', Path: '~/.bittensor/wallets/')
[34m2025-01-25 15:09:15.365[39m | [1m[34m     DEBUG      [39m[49m[0m | bittensor:base.py:110 | Subtensor: subtensor(test, wss://test.finney.opentensor.ai:443)
[34m2025-01-25 15:09:15.365[39m | [1m[34m     DEBUG      [39m[49m[0m | bittensor:base.py:111 | Metagraph: metagraph(netuid:4, n:30, block:3751277, network:test)
[34m2025-01-25 15:09:16.157[39m | [1m[31m     ERROR      [39m[49m[0m | bittensor:base.py:44 | Wallet: Wallet (Name: 'default', Hotkey: 'default', Path: '~/.bittensor/wallets/') is not registered on netuid 4. Please register the hotkey using `btcli subnets register` before trying again
[34m2025-01-25 15:09:16.637[39m | [1m[37m      INFO      [39m[49m[0m | bittensor:loggingmachine.py:439 | Debug enabled.
[34m2025-01-25 15:09:17.093[39m | [1m[37m      INFO      [39m[49m[0m | bittensor:base.py:67 | Targon version 404020
[34m2025-01-25 15:09:17.094[39m | [1m[37m      INFO      [39m[49m[0m | bittensor:config.py:51 | Logging path: /Users/tutu/.bittensor/miners/default/default/netuid4/targon
[34m2025-01-25 15:09:17.094[39m | [1m[37m      INFO      [39m[49m[0m | bittensor:loggingmachine.py:426 | Enabling debug.
[34m2025-01-25 15:09:17.095[39m | [1m[37m      INFO      [39m[49m[0m | bittensor:loggingmachine.py:439 | Debug enabled.
[34m2025-01-25 15:09:17.095[39m | [1m[37m      INFO      [39m[49m[0m | bittensor:loggingmachine.py:390 | Enabling info logging.
[34m2025-01-25 15:09:17.096[39m | [1m[37m      INFO      [39m[49m[0m | bittensor:loggingmachine.py:399 | Info enabled.
[34m2025-01-25 15:09:17.096[39m | [1m[37m      INFO      [39m[49m[0m | bittensor:loggingmachine.py:426 | Enabling debug.
[34m2025-01-25 15:09:17.097[39m | [1m[37m      INFO      [39m[49m[0m | bittensor:loggingmachine.py:439 | Debug enabled.
[34m2025-01-25 15:09:35.652[39m | [1m[34m     DEBUG      [39m[49m[0m | bittensor:base.py:109 | Wallet: Wallet (Name: 'default', Hotkey: 'default', Path: '~/.bittensor/wallets/')
[34m2025-01-25 15:09:35.652[39m | [1m[34m     DEBUG      [39m[49m[0m | bittensor:base.py:110 | Subtensor: subtensor(test, wss://test.finney.opentensor.ai:443)
[34m2025-01-25 15:09:35.652[39m | [1m[34m     DEBUG      [39m[49m[0m | bittensor:base.py:111 | Metagraph: metagraph(netuid:4, n:30, block:3751278, network:test)
[34m2025-01-25 15:09:36.778[39m | [1m[31m     ERROR      [39m[49m[0m | bittensor:base.py:44 | Wallet: Wallet (Name: 'default', Hotkey: 'default', Path: '~/.bittensor/wallets/') is not registered on netuid 4. Please register the hotkey using `btcli subnets register` before trying again
[34m2025-01-25 15:09:37.268[39m | [1m[37m      INFO      [39m[49m[0m | bittensor:loggingmachine.py:439 | Debug enabled.
[34m2025-01-25 15:09:37.725[39m | [1m[37m      INFO      [39m[49m[0m | bittensor:base.py:67 | Targon version 404020
[34m2025-01-25 15:09:37.726[39m | [1m[37m      INFO      [39m[49m[0m | bittensor:config.py:51 | Logging path: /Users/tutu/.bittensor/miners/default/default/netuid4/targon
[34m2025-01-25 15:09:37.726[39m | [1m[37m      INFO      [39m[49m[0m | bittensor:loggingmachine.py:426 | Enabling debug.
[34m2025-01-25 15:09:37.727[39m | [1m[37m      INFO      [39m[49m[0m | bittensor:loggingmachine.py:439 | Debug enabled.
[34m2025-01-25 15:09:37.727[39m | [1m[37m      INFO      [39m[49m[0m | bittensor:loggingmachine.py:390 | Enabling info logging.
[34m2025-01-25 15:09:37.728[39m | [1m[37m      INFO      [39m[49m[0m | bittensor:loggingmachine.py:399 | Info enabled.
[34m2025-01-25 15:09:37.728[39m | [1m[37m      INFO      [39m[49m[0m | bittensor:loggingmachine.py:426 | Enabling debug.
[34m2025-01-25 15:09:37.728[39m | [1m[37m      INFO      [39m[49m[0m | bittensor:loggingmachine.py:439 | Debug enabled.
[34m2025-01-25 15:09:51.508[39m | [1m[37m      INFO      [39m[49m[0m | bittensor:loggingmachine.py:439 | Debug enabled.
[34m2025-01-25 15:09:51.960[39m | [1m[37m      INFO      [39m[49m[0m | bittensor:base.py:67 | Targon version 404020
[34m2025-01-25 15:09:51.961[39m | [1m[37m      INFO      [39m[49m[0m | bittensor:config.py:51 | Logging path: /Users/tutu/.bittensor/miners/default/default/netuid40/targon
[34m2025-01-25 15:09:51.961[39m | [1m[37m      INFO      [39m[49m[0m | bittensor:loggingmachine.py:426 | Enabling debug.
[34m2025-01-25 15:09:51.962[39m | [1m[37m      INFO      [39m[49m[0m | bittensor:loggingmachine.py:439 | Debug enabled.
[34m2025-01-25 15:09:51.962[39m | [1m[37m      INFO      [39m[49m[0m | bittensor:loggingmachine.py:390 | Enabling info logging.
[34m2025-01-25 15:09:51.963[39m | [1m[37m      INFO      [39m[49m[0m | bittensor:loggingmachine.py:399 | Info enabled.
[34m2025-01-25 15:09:51.963[39m | [1m[37m      INFO      [39m[49m[0m | bittensor:loggingmachine.py:426 | Enabling debug.
[34m2025-01-25 15:09:51.963[39m | [1m[37m      INFO      [39m[49m[0m | bittensor:loggingmachine.py:439 | Debug enabled.
[34m2025-01-25 15:10:00.840[39m | [1m[34m     DEBUG      [39m[49m[0m | bittensor:base.py:109 | Wallet: Wallet (Name: 'default', Hotkey: 'default', Path: '~/.bittensor/wallets/')
[34m2025-01-25 15:10:00.841[39m | [1m[34m     DEBUG      [39m[49m[0m | bittensor:base.py:110 | Subtensor: subtensor(test, wss://test.finney.opentensor.ai:443)
[34m2025-01-25 15:10:00.841[39m | [1m[34m     DEBUG      [39m[49m[0m | bittensor:base.py:111 | Metagraph: metagraph(netuid:40, n:43, block:3751281, network:test)
[34m2025-01-25 15:10:01.811[39m | [1m[31m     ERROR      [39m[49m[0m | bittensor:base.py:44 | Wallet: Wallet (Name: 'default', Hotkey: 'default', Path: '~/.bittensor/wallets/') is not registered on netuid 40. Please register the hotkey using `btcli subnets register` before trying again
[34m2025-01-25 15:10:02.310[39m | [1m[37m      INFO      [39m[49m[0m | bittensor:loggingmachine.py:439 | Debug enabled.
[34m2025-01-25 15:10:02.758[39m | [1m[37m      INFO      [39m[49m[0m | bittensor:base.py:67 | Targon version 404020
[34m2025-01-25 15:10:02.759[39m | [1m[37m      INFO      [39m[49m[0m | bittensor:config.py:51 | Logging path: /Users/tutu/.bittensor/miners/default/default/netuid40/targon
[34m2025-01-25 15:10:02.759[39m | [1m[37m      INFO      [39m[49m[0m | bittensor:loggingmachine.py:426 | Enabling debug.
[34m2025-01-25 15:10:02.760[39m | [1m[37m      INFO      [39m[49m[0m | bittensor:loggingmachine.py:439 | Debug enabled.
[34m2025-01-25 15:10:02.760[39m | [1m[37m      INFO      [39m[49m[0m | bittensor:loggingmachine.py:390 | Enabling info logging.
[34m2025-01-25 15:10:02.761[39m | [1m[37m      INFO      [39m[49m[0m | bittensor:loggingmachine.py:399 | Info enabled.
[34m2025-01-25 15:10:02.761[39m | [1m[37m      INFO      [39m[49m[0m | bittensor:loggingmachine.py:426 | Enabling debug.
[34m2025-01-25 15:10:02.761[39m | [1m[37m      INFO      [39m[49m[0m | bittensor:loggingmachine.py:439 | Debug enabled.
[34m2025-01-25 15:10:18.100[39m | [1m[34m     DEBUG      [39m[49m[0m | bittensor:base.py:109 | Wallet: Wallet (Name: 'default', Hotkey: 'default', Path: '~/.bittensor/wallets/')
[34m2025-01-25 15:10:18.100[39m | [1m[34m     DEBUG      [39m[49m[0m | bittensor:base.py:110 | Subtensor: subtensor(test, wss://test.finney.opentensor.ai:443)
[34m2025-01-25 15:10:18.101[39m | [1m[34m     DEBUG      [39m[49m[0m | bittensor:base.py:111 | Metagraph: metagraph(netuid:40, n:43, block:3751282, network:test)
[34m2025-01-25 15:10:19.500[39m | [1m[31m     ERROR      [39m[49m[0m | bittensor:base.py:44 | Wallet: Wallet (Name: 'default', Hotkey: 'default', Path: '~/.bittensor/wallets/') is not registered on netuid 40. Please register the hotkey using `btcli subnets register` before trying again
[34m2025-01-25 15:10:19.963[39m | [1m[37m      INFO      [39m[49m[0m | bittensor:loggingmachine.py:439 | Debug enabled.
[34m2025-01-25 15:10:20.418[39m | [1m[37m      INFO      [39m[49m[0m | bittensor:base.py:67 | Targon version 404020
[34m2025-01-25 15:10:20.419[39m | [1m[37m      INFO      [39m[49m[0m | bittensor:config.py:51 | Logging path: /Users/tutu/.bittensor/miners/default/default/netuid40/targon
[34m2025-01-25 15:10:20.419[39m | [1m[37m      INFO      [39m[49m[0m | bittensor:loggingmachine.py:426 | Enabling debug.
[34m2025-01-25 15:10:20.420[39m | [1m[37m      INFO      [39m[49m[0m | bittensor:loggingmachine.py:439 | Debug enabled.
[34m2025-01-25 15:10:20.420[39m | [1m[37m      INFO      [39m[49m[0m | bittensor:loggingmachine.py:390 | Enabling info logging.
[34m2025-01-25 15:10:20.421[39m | [1m[37m      INFO      [39m[49m[0m | bittensor:loggingmachine.py:399 | Info enabled.
[34m2025-01-25 15:10:20.421[39m | [1m[37m      INFO      [39m[49m[0m | bittensor:loggingmachine.py:426 | Enabling debug.
[34m2025-01-25 15:10:20.421[39m | [1m[37m      INFO      [39m[49m[0m | bittensor:loggingmachine.py:439 | Debug enabled.
[34m2025-01-25 15:10:41.702[39m | [1m[34m     DEBUG      [39m[49m[0m | bittensor:base.py:109 | Wallet: Wallet (Name: 'default', Hotkey: 'default', Path: '~/.bittensor/wallets/')
[34m2025-01-25 15:10:41.703[39m | [1m[34m     DEBUG      [39m[49m[0m | bittensor:base.py:110 | Subtensor: subtensor(test, wss://test.finney.opentensor.ai:443)
[34m2025-01-25 15:10:41.703[39m | [1m[34m     DEBUG      [39m[49m[0m | bittensor:base.py:111 | Metagraph: metagraph(netuid:40, n:43, block:3751284, network:test)
[34m2025-01-25 15:10:42.798[39m | [1m[31m     ERROR      [39m[49m[0m | bittensor:base.py:44 | Wallet: Wallet (Name: 'default', Hotkey: 'default', Path: '~/.bittensor/wallets/') is not registered on netuid 40. Please register the hotkey using `btcli subnets register` before trying again
[34m2025-01-25 15:10:43.251[39m | [1m[37m      INFO      [39m[49m[0m | bittensor:loggingmachine.py:439 | Debug enabled.
[34m2025-01-25 15:10:43.702[39m | [1m[37m      INFO      [39m[49m[0m | bittensor:base.py:67 | Targon version 404020
[34m2025-01-25 15:10:43.703[39m | [1m[37m      INFO      [39m[49m[0m | bittensor:config.py:51 | Logging path: /Users/tutu/.bittensor/miners/default/default/netuid40/targon
[34m2025-01-25 15:10:43.703[39m | [1m[37m      INFO      [39m[49m[0m | bittensor:loggingmachine.py:426 | Enabling debug.
[34m2025-01-25 15:10:43.704[39m | [1m[37m      INFO      [39m[49m[0m | bittensor:loggingmachine.py:439 | Debug enabled.
[34m2025-01-25 15:10:43.704[39m | [1m[37m      INFO      [39m[49m[0m | bittensor:loggingmachine.py:390 | Enabling info logging.
[34m2025-01-25 15:10:43.704[39m | [1m[37m      INFO      [39m[49m[0m | bittensor:loggingmachine.py:399 | Info enabled.
[34m2025-01-25 15:10:43.705[39m | [1m[37m      INFO      [39m[49m[0m | bittensor:loggingmachine.py:426 | Enabling debug.
[34m2025-01-25 15:10:43.705[39m | [1m[37m      INFO      [39m[49m[0m | bittensor:loggingmachine.py:439 | Debug enabled.
[34m2025-01-25 15:11:05.010[39m | [1m[34m     DEBUG      [39m[49m[0m | bittensor:base.py:109 | Wallet: Wallet (Name: 'default', Hotkey: 'default', Path: '~/.bittensor/wallets/')
[34m2025-01-25 15:11:05.011[39m | [1m[34m     DEBUG      [39m[49m[0m | bittensor:base.py:110 | Subtensor: subtensor(test, wss://test.finney.opentensor.ai:443)
[34m2025-01-25 15:11:05.011[39m | [1m[34m     DEBUG      [39m[49m[0m | bittensor:base.py:111 | Metagraph: metagraph(netuid:40, n:43, block:3751286, network:test)
[34m2025-01-25 15:11:06.201[39m | [1m[31m     ERROR      [39m[49m[0m | bittensor:base.py:44 | Wallet: Wallet (Name: 'default', Hotkey: 'default', Path: '~/.bittensor/wallets/') is not registered on netuid 40. Please register the hotkey using `btcli subnets register` before trying again
[34m2025-01-25 15:11:06.666[39m | [1m[37m      INFO      [39m[49m[0m | bittensor:loggingmachine.py:439 | Debug enabled.
[34m2025-01-25 15:11:07.156[39m | [1m[37m      INFO      [39m[49m[0m | bittensor:base.py:67 | Targon version 404020
[34m2025-01-25 15:11:07.157[39m | [1m[37m      INFO      [39m[49m[0m | bittensor:config.py:51 | Logging path: /Users/tutu/.bittensor/miners/default/default/netuid40/targon
[34m2025-01-25 15:11:07.157[39m | [1m[37m      INFO      [39m[49m[0m | bittensor:loggingmachine.py:426 | Enabling debug.
[34m2025-01-25 15:11:07.157[39m | [1m[37m      INFO      [39m[49m[0m | bittensor:loggingmachine.py:439 | Debug enabled.
[34m2025-01-25 15:11:07.158[39m | [1m[37m      INFO      [39m[49m[0m | bittensor:loggingmachine.py:390 | Enabling info logging.
[34m2025-01-25 15:11:07.158[39m | [1m[37m      INFO      [39m[49m[0m | bittensor:loggingmachine.py:399 | Info enabled.
[34m2025-01-25 15:11:07.159[39m | [1m[37m      INFO      [39m[49m[0m | bittensor:loggingmachine.py:426 | Enabling debug.
[34m2025-01-25 15:11:07.159[39m | [1m[37m      INFO      [39m[49m[0m | bittensor:loggingmachine.py:439 | Debug enabled.
[34m2025-01-25 15:11:13.343[39m | [1m[34m     DEBUG      [39m[49m[0m | bittensor:base.py:109 | Wallet: Wallet (Name: 'default', Hotkey: 'default', Path: '~/.bittensor/wallets/')
[34m2025-01-25 15:11:13.344[39m | [1m[34m     DEBUG      [39m[49m[0m | bittensor:base.py:110 | Subtensor: subtensor(test, wss://test.finney.opentensor.ai:443)
[34m2025-01-25 15:11:13.344[39m | [1m[34m     DEBUG      [39m[49m[0m | bittensor:base.py:111 | Metagraph: metagraph(netuid:40, n:43, block:3751287, network:test)
[34m2025-01-25 15:11:14.392[39m | [1m[31m     ERROR      [39m[49m[0m | bittensor:base.py:44 | Wallet: Wallet (Name: 'default', Hotkey: 'default', Path: '~/.bittensor/wallets/') is not registered on netuid 40. Please register the hotkey using `btcli subnets register` before trying again
[34m2025-01-25 15:11:14.878[39m | [1m[37m      INFO      [39m[49m[0m | bittensor:loggingmachine.py:439 | Debug enabled.
[34m2025-01-25 15:11:15.333[39m | [1m[37m      INFO      [39m[49m[0m | bittensor:base.py:67 | Targon version 404020
[34m2025-01-25 15:11:15.335[39m | [1m[37m      INFO      [39m[49m[0m | bittensor:config.py:51 | Logging path: /Users/tutu/.bittensor/miners/default/default/netuid40/targon
[34m2025-01-25 15:11:15.335[39m | [1m[37m      INFO      [39m[49m[0m | bittensor:loggingmachine.py:426 | Enabling debug.
[34m2025-01-25 15:11:15.336[39m | [1m[37m      INFO      [39m[49m[0m | bittensor:loggingmachine.py:439 | Debug enabled.
[34m2025-01-25 15:11:15.336[39m | [1m[37m      INFO      [39m[49m[0m | bittensor:loggingmachine.py:390 | Enabling info logging.
[34m2025-01-25 15:11:15.336[39m | [1m[37m      INFO      [39m[49m[0m | bittensor:loggingmachine.py:399 | Info enabled.
[34m2025-01-25 15:11:15.337[39m | [1m[37m      INFO      [39m[49m[0m | bittensor:loggingmachine.py:426 | Enabling debug.
[34m2025-01-25 15:11:15.337[39m | [1m[37m      INFO      [39m[49m[0m | bittensor:loggingmachine.py:439 | Debug enabled.
[34m2025-01-25 15:11:33.112[39m | [1m[34m     DEBUG      [39m[49m[0m | bittensor:base.py:109 | Wallet: Wallet (Name: 'default', Hotkey: 'default', Path: '~/.bittensor/wallets/')
[34m2025-01-25 15:11:33.113[39m | [1m[34m     DEBUG      [39m[49m[0m | bittensor:base.py:110 | Subtensor: subtensor(test, wss://test.finney.opentensor.ai:443)
[34m2025-01-25 15:11:33.113[39m | [1m[34m     DEBUG      [39m[49m[0m | bittensor:base.py:111 | Metagraph: metagraph(netuid:40, n:43, block:3751288, network:test)
[34m2025-01-25 15:11:34.190[39m | [1m[31m     ERROR      [39m[49m[0m | bittensor:base.py:44 | Wallet: Wallet (Name: 'default', Hotkey: 'default', Path: '~/.bittensor/wallets/') is not registered on netuid 40. Please register the hotkey using `btcli subnets register` before trying again
[34m2025-01-25 15:11:34.760[39m | [1m[37m      INFO      [39m[49m[0m | bittensor:loggingmachine.py:439 | Debug enabled.
[34m2025-01-25 15:11:35.349[39m | [1m[37m      INFO      [39m[49m[0m | bittensor:base.py:67 | Targon version 404020
[34m2025-01-25 15:11:35.350[39m | [1m[37m      INFO      [39m[49m[0m | bittensor:config.py:51 | Logging path: /Users/tutu/.bittensor/miners/default/default/netuid40/targon
[34m2025-01-25 15:11:35.350[39m | [1m[37m      INFO      [39m[49m[0m | bittensor:loggingmachine.py:426 | Enabling debug.
[34m2025-01-25 15:11:35.351[39m | [1m[37m      INFO      [39m[49m[0m | bittensor:loggingmachine.py:439 | Debug enabled.
[34m2025-01-25 15:11:35.351[39m | [1m[37m      INFO      [39m[49m[0m | bittensor:loggingmachine.py:390 | Enabling info logging.
[34m2025-01-25 15:11:35.352[39m | [1m[37m      INFO      [39m[49m[0m | bittensor:loggingmachine.py:399 | Info enabled.
[34m2025-01-25 15:11:35.352[39m | [1m[37m      INFO      [39m[49m[0m | bittensor:loggingmachine.py:426 | Enabling debug.
[34m2025-01-25 15:11:35.352[39m | [1m[37m      INFO      [39m[49m[0m | bittensor:loggingmachine.py:439 | Debug enabled.
[34m2025-01-25 15:11:51.498[39m | [1m[34m     DEBUG      [39m[49m[0m | bittensor:base.py:109 | Wallet: Wallet (Name: 'default', Hotkey: 'default', Path: '~/.bittensor/wallets/')
[34m2025-01-25 15:11:51.498[39m | [1m[34m     DEBUG      [39m[49m[0m | bittensor:base.py:110 | Subtensor: subtensor(test, wss://test.finney.opentensor.ai:443)
[34m2025-01-25 15:11:51.499[39m | [1m[34m     DEBUG      [39m[49m[0m | bittensor:base.py:111 | Metagraph: metagraph(netuid:40, n:43, block:3751290, network:test)
[34m2025-01-25 15:11:52.698[39m | [1m[31m     ERROR      [39m[49m[0m | bittensor:base.py:44 | Wallet: Wallet (Name: 'default', Hotkey: 'default', Path: '~/.bittensor/wallets/') is not registered on netuid 40. Please register the hotkey using `btcli subnets register` before trying again
[34m2025-01-25 15:11:53.177[39m | [1m[37m      INFO      [39m[49m[0m | bittensor:loggingmachine.py:439 | Debug enabled.
[34m2025-01-25 15:11:53.640[39m | [1m[37m      INFO      [39m[49m[0m | bittensor:base.py:67 | Targon version 404020
[34m2025-01-25 15:11:53.641[39m | [1m[37m      INFO      [39m[49m[0m | bittensor:config.py:51 | Logging path: /Users/tutu/.bittensor/miners/default/default/netuid40/targon
[34m2025-01-25 15:11:53.641[39m | [1m[37m      INFO      [39m[49m[0m | bittensor:loggingmachine.py:426 | Enabling debug.
[34m2025-01-25 15:11:53.642[39m | [1m[37m      INFO      [39m[49m[0m | bittensor:loggingmachine.py:439 | Debug enabled.
[34m2025-01-25 15:11:53.642[39m | [1m[37m      INFO      [39m[49m[0m | bittensor:loggingmachine.py:390 | Enabling info logging.
[34m2025-01-25 15:11:53.643[39m | [1m[37m      INFO      [39m[49m[0m | bittensor:loggingmachine.py:399 | Info enabled.
[34m2025-01-25 15:11:53.643[39m | [1m[37m      INFO      [39m[49m[0m | bittensor:loggingmachine.py:426 | Enabling debug.
[34m2025-01-25 15:11:53.644[39m | [1m[37m      INFO      [39m[49m[0m | bittensor:loggingmachine.py:439 | Debug enabled.
[34m2025-01-25 15:12:11.679[39m | [1m[34m     DEBUG      [39m[49m[0m | bittensor:base.py:109 | Wallet: Wallet (Name: 'default', Hotkey: 'default', Path: '~/.bittensor/wallets/')
[34m2025-01-25 15:12:11.679[39m | [1m[34m     DEBUG      [39m[49m[0m | bittensor:base.py:110 | Subtensor: subtensor(test, wss://test.finney.opentensor.ai:443)
[34m2025-01-25 15:12:11.679[39m | [1m[34m     DEBUG      [39m[49m[0m | bittensor:base.py:111 | Metagraph: metagraph(netuid:40, n:43, block:3751291, network:test)
[34m2025-01-25 15:12:12.837[39m | [1m[31m     ERROR      [39m[49m[0m | bittensor:base.py:44 | Wallet: Wallet (Name: 'default', Hotkey: 'default', Path: '~/.bittensor/wallets/') is not registered on netuid 40. Please register the hotkey using `btcli subnets register` before trying again
[34m2025-01-25 15:12:13.302[39m | [1m[37m      INFO      [39m[49m[0m | bittensor:loggingmachine.py:439 | Debug enabled.
[34m2025-01-25 15:12:13.771[39m | [1m[37m      INFO      [39m[49m[0m | bittensor:base.py:67 | Targon version 404020
[34m2025-01-25 15:12:13.772[39m | [1m[37m      INFO      [39m[49m[0m | bittensor:config.py:51 | Logging path: /Users/tutu/.bittensor/miners/default/default/netuid40/targon
[34m2025-01-25 15:12:13.772[39m | [1m[37m      INFO      [39m[49m[0m | bittensor:loggingmachine.py:426 | Enabling debug.
[34m2025-01-25 15:12:13.773[39m | [1m[37m      INFO      [39m[49m[0m | bittensor:loggingmachine.py:439 | Debug enabled.
[34m2025-01-25 15:12:13.773[39m | [1m[37m      INFO      [39m[49m[0m | bittensor:loggingmachine.py:390 | Enabling info logging.
[34m2025-01-25 15:12:13.774[39m | [1m[37m      INFO      [39m[49m[0m | bittensor:loggingmachine.py:399 | Info enabled.
[34m2025-01-25 15:12:13.774[39m | [1m[37m      INFO      [39m[49m[0m | bittensor:loggingmachine.py:426 | Enabling debug.
[34m2025-01-25 15:12:13.775[39m | [1m[37m      INFO      [39m[49m[0m | bittensor:loggingmachine.py:439 | Debug enabled.
[34m2025-01-25 15:12:21.898[39m | [1m[34m     DEBUG      [39m[49m[0m | bittensor:base.py:109 | Wallet: Wallet (Name: 'default', Hotkey: 'default', Path: '~/.bittensor/wallets/')
[34m2025-01-25 15:12:21.898[39m | [1m[34m     DEBUG      [39m[49m[0m | bittensor:base.py:110 | Subtensor: subtensor(test, wss://test.finney.opentensor.ai:443)
[34m2025-01-25 15:12:21.898[39m | [1m[34m     DEBUG      [39m[49m[0m | bittensor:base.py:111 | Metagraph: metagraph(netuid:40, n:43, block:3751292, network:test)
[34m2025-01-25 15:12:22.447[39m | [1m[31m     ERROR      [39m[49m[0m | bittensor:base.py:44 | Wallet: Wallet (Name: 'default', Hotkey: 'default', Path: '~/.bittensor/wallets/') is not registered on netuid 40. Please register the hotkey using `btcli subnets register` before trying again
[34m2025-01-25 15:12:22.959[39m | [1m[37m      INFO      [39m[49m[0m | bittensor:loggingmachine.py:439 | Debug enabled.
[34m2025-01-25 15:12:23.434[39m | [1m[37m      INFO      [39m[49m[0m | bittensor:base.py:67 | Targon version 404020
[34m2025-01-25 15:12:23.436[39m | [1m[37m      INFO      [39m[49m[0m | bittensor:config.py:51 | Logging path: /Users/tutu/.bittensor/miners/default/default/netuid40/targon
[34m2025-01-25 15:12:23.436[39m | [1m[37m      INFO      [39m[49m[0m | bittensor:loggingmachine.py:426 | Enabling debug.
[34m2025-01-25 15:12:23.436[39m | [1m[37m      INFO      [39m[49m[0m | bittensor:loggingmachine.py:439 | Debug enabled.
[34m2025-01-25 15:12:23.437[39m | [1m[37m      INFO      [39m[49m[0m | bittensor:loggingmachine.py:390 | Enabling info logging.
[34m2025-01-25 15:12:23.437[39m | [1m[37m      INFO      [39m[49m[0m | bittensor:loggingmachine.py:399 | Info enabled.
[34m2025-01-25 15:12:23.437[39m | [1m[37m      INFO      [39m[49m[0m | bittensor:loggingmachine.py:426 | Enabling debug.
[34m2025-01-25 15:12:23.438[39m | [1m[37m      INFO      [39m[49m[0m | bittensor:loggingmachine.py:439 | Debug enabled.
[34m2025-01-25 15:12:34.239[39m | [1m[34m     DEBUG      [39m[49m[0m | bittensor:base.py:109 | Wallet: Wallet (Name: 'default', Hotkey: 'default', Path: '~/.bittensor/wallets/')
[34m2025-01-25 15:12:34.239[39m | [1m[34m     DEBUG      [39m[49m[0m | bittensor:base.py:110 | Subtensor: subtensor(test, wss://test.finney.opentensor.ai:443)
[34m2025-01-25 15:12:34.239[39m | [1m[34m     DEBUG      [39m[49m[0m | bittensor:base.py:111 | Metagraph: metagraph(netuid:40, n:43, block:3751293, network:test)
[34m2025-01-25 15:12:34.750[39m | [1m[31m     ERROR      [39m[49m[0m | bittensor:base.py:44 | Wallet: Wallet (Name: 'default', Hotkey: 'default', Path: '~/.bittensor/wallets/') is not registered on netuid 40. Please register the hotkey using `btcli subnets register` before trying again
[34m2025-01-25 15:12:35.400[39m | [1m[37m      INFO      [39m[49m[0m | bittensor:loggingmachine.py:439 | Debug enabled.
[34m2025-01-25 15:12:35.970[39m | [1m[37m      INFO      [39m[49m[0m | bittensor:base.py:67 | Targon version 404020
[34m2025-01-25 15:12:35.971[39m | [1m[37m      INFO      [39m[49m[0m | bittensor:config.py:51 | Logging path: /Users/tutu/.bittensor/miners/default/default/netuid40/targon
[34m2025-01-25 15:12:35.971[39m | [1m[37m      INFO      [39m[49m[0m | bittensor:loggingmachine.py:426 | Enabling debug.
[34m2025-01-25 15:12:35.972[39m | [1m[37m      INFO      [39m[49m[0m | bittensor:loggingmachine.py:439 | Debug enabled.
[34m2025-01-25 15:12:35.972[39m | [1m[37m      INFO      [39m[49m[0m | bittensor:loggingmachine.py:390 | Enabling info logging.
[34m2025-01-25 15:12:35.973[39m | [1m[37m      INFO      [39m[49m[0m | bittensor:loggingmachine.py:399 | Info enabled.
[34m2025-01-25 15:12:35.973[39m | [1m[37m      INFO      [39m[49m[0m | bittensor:loggingmachine.py:426 | Enabling debug.
[34m2025-01-25 15:12:35.974[39m | [1m[37m      INFO      [39m[49m[0m | bittensor:loggingmachine.py:439 | Debug enabled.
[34m2025-01-25 15:12:50.212[39m | [1m[34m     DEBUG      [39m[49m[0m | bittensor:base.py:109 | Wallet: Wallet (Name: 'default', Hotkey: 'default', Path: '~/.bittensor/wallets/')
[34m2025-01-25 15:12:50.213[39m | [1m[34m     DEBUG      [39m[49m[0m | bittensor:base.py:110 | Subtensor: subtensor(test, wss://test.finney.opentensor.ai:443)
[34m2025-01-25 15:12:50.213[39m | [1m[34m     DEBUG      [39m[49m[0m | bittensor:base.py:111 | Metagraph: metagraph(netuid:40, n:43, block:3751295, network:test)
[34m2025-01-25 15:12:51.236[39m | [1m[31m     ERROR      [39m[49m[0m | bittensor:base.py:44 | Wallet: Wallet (Name: 'default', Hotkey: 'default', Path: '~/.bittensor/wallets/') is not registered on netuid 40. Please register the hotkey using `btcli subnets register` before trying again
[34m2025-01-25 15:12:51.934[39m | [1m[37m      INFO      [39m[49m[0m | bittensor:loggingmachine.py:439 | Debug enabled.
[34m2025-01-25 15:12:52.637[39m | [1m[37m      INFO      [39m[49m[0m | bittensor:base.py:67 | Targon version 404020
[34m2025-01-25 15:12:52.638[39m | [1m[37m      INFO      [39m[49m[0m | bittensor:config.py:51 | Logging path: /Users/tutu/.bittensor/miners/default/default/netuid40/targon
[34m2025-01-25 15:12:52.638[39m | [1m[37m      INFO      [39m[49m[0m | bittensor:loggingmachine.py:426 | Enabling debug.
[34m2025-01-25 15:12:52.639[39m | [1m[37m      INFO      [39m[49m[0m | bittensor:loggingmachine.py:439 | Debug enabled.
[34m2025-01-25 15:12:52.639[39m | [1m[37m      INFO      [39m[49m[0m | bittensor:loggingmachine.py:390 | Enabling info logging.
[34m2025-01-25 15:12:52.640[39m | [1m[37m      INFO      [39m[49m[0m | bittensor:loggingmachine.py:399 | Info enabled.
[34m2025-01-25 15:12:52.640[39m | [1m[37m      INFO      [39m[49m[0m | bittensor:loggingmachine.py:426 | Enabling debug.
[34m2025-01-25 15:12:52.641[39m | [1m[37m      INFO      [39m[49m[0m | bittensor:loggingmachine.py:439 | Debug enabled.
[34m2025-01-25 15:13:06.334[39m | [1m[34m     DEBUG      [39m[49m[0m | bittensor:base.py:109 | Wallet: Wallet (Name: 'default', Hotkey: 'default', Path: '~/.bittensor/wallets/')
[34m2025-01-25 15:13:06.334[39m | [1m[34m     DEBUG      [39m[49m[0m | bittensor:base.py:110 | Subtensor: subtensor(test, wss://test.finney.opentensor.ai:443)
[34m2025-01-25 15:13:06.334[39m | [1m[34m     DEBUG      [39m[49m[0m | bittensor:base.py:111 | Metagraph: metagraph(netuid:40, n:43, block:3751296, network:test)
[34m2025-01-25 15:13:07.367[39m | [1m[31m     ERROR      [39m[49m[0m | bittensor:base.py:44 | Wallet: Wallet (Name: 'default', Hotkey: 'default', Path: '~/.bittensor/wallets/') is not registered on netuid 40. Please register the hotkey using `btcli subnets register` before trying again
[34m2025-01-25 15:13:07.909[39m | [1m[37m      INFO      [39m[49m[0m | bittensor:loggingmachine.py:439 | Debug enabled.
[34m2025-01-25 15:13:08.417[39m | [1m[37m      INFO      [39m[49m[0m | bittensor:base.py:67 | Targon version 404020
[34m2025-01-25 15:13:08.418[39m | [1m[37m      INFO      [39m[49m[0m | bittensor:config.py:51 | Logging path: /Users/tutu/.bittensor/miners/default/default/netuid40/targon
[34m2025-01-25 15:13:08.418[39m | [1m[37m      INFO      [39m[49m[0m | bittensor:loggingmachine.py:426 | Enabling debug.
[34m2025-01-25 15:13:08.419[39m | [1m[37m      INFO      [39m[49m[0m | bittensor:loggingmachine.py:439 | Debug enabled.
[34m2025-01-25 15:13:08.419[39m | [1m[37m      INFO      [39m[49m[0m | bittensor:loggingmachine.py:390 | Enabling info logging.
[34m2025-01-25 15:13:08.420[39m | [1m[37m      INFO      [39m[49m[0m | bittensor:loggingmachine.py:399 | Info enabled.
[34m2025-01-25 15:13:08.420[39m | [1m[37m      INFO      [39m[49m[0m | bittensor:loggingmachine.py:426 | Enabling debug.
[34m2025-01-25 15:13:08.421[39m | [1m[37m      INFO      [39m[49m[0m | bittensor:loggingmachine.py:439 | Debug enabled.
[34m2025-01-25 15:13:26.334[39m | [1m[34m     DEBUG      [39m[49m[0m | bittensor:base.py:109 | Wallet: Wallet (Name: 'default', Hotkey: 'default', Path: '~/.bittensor/wallets/')
[34m2025-01-25 15:13:26.335[39m | [1m[34m     DEBUG      [39m[49m[0m | bittensor:base.py:110 | Subtensor: subtensor(test, wss://test.finney.opentensor.ai:443)
[34m2025-01-25 15:13:26.335[39m | [1m[34m     DEBUG      [39m[49m[0m | bittensor:base.py:111 | Metagraph: metagraph(netuid:40, n:43, block:3751298, network:test)
[34m2025-01-25 15:13:27.435[39m | [1m[31m     ERROR      [39m[49m[0m | bittensor:base.py:44 | Wallet: Wallet (Name: 'default', Hotkey: 'default', Path: '~/.bittensor/wallets/') is not registered on netuid 40. Please register the hotkey using `btcli subnets register` before trying again
[34m2025-01-25 15:13:28.067[39m | [1m[37m      INFO      [39m[49m[0m | bittensor:loggingmachine.py:439 | Debug enabled.
[34m2025-01-25 15:13:28.592[39m | [1m[37m      INFO      [39m[49m[0m | bittensor:base.py:67 | Targon version 404020
[34m2025-01-25 15:13:28.593[39m | [1m[37m      INFO      [39m[49m[0m | bittensor:config.py:51 | Logging path: /Users/tutu/.bittensor/miners/default/default/netuid40/targon
[34m2025-01-25 15:13:28.593[39m | [1m[37m      INFO      [39m[49m[0m | bittensor:loggingmachine.py:426 | Enabling debug.
[34m2025-01-25 15:13:28.594[39m | [1m[37m      INFO      [39m[49m[0m | bittensor:loggingmachine.py:439 | Debug enabled.
[34m2025-01-25 15:13:28.594[39m | [1m[37m      INFO      [39m[49m[0m | bittensor:loggingmachine.py:390 | Enabling info logging.
[34m2025-01-25 15:13:28.595[39m | [1m[37m      INFO      [39m[49m[0m | bittensor:loggingmachine.py:399 | Info enabled.
[34m2025-01-25 15:13:28.595[39m | [1m[37m      INFO      [39m[49m[0m | bittensor:loggingmachine.py:426 | Enabling debug.
[34m2025-01-25 15:13:28.596[39m | [1m[37m      INFO      [39m[49m[0m | bittensor:loggingmachine.py:439 | Debug enabled.
[34m2025-01-25 15:13:40.682[39m | [1m[34m     DEBUG      [39m[49m[0m | bittensor:base.py:109 | Wallet: Wallet (Name: 'default', Hotkey: 'default', Path: '~/.bittensor/wallets/')
[34m2025-01-25 15:13:40.682[39m | [1m[34m     DEBUG      [39m[49m[0m | bittensor:base.py:110 | Subtensor: subtensor(test, wss://test.finney.opentensor.ai:443)
[34m2025-01-25 15:13:40.683[39m | [1m[34m     DEBUG      [39m[49m[0m | bittensor:base.py:111 | Metagraph: metagraph(netuid:40, n:43, block:3751299, network:test)
[34m2025-01-25 15:13:42.231[39m | [1m[31m     ERROR      [39m[49m[0m | bittensor:base.py:44 | Wallet: Wallet (Name: 'default', Hotkey: 'default', Path: '~/.bittensor/wallets/') is not registered on netuid 40. Please register the hotkey using `btcli subnets register` before trying again
[34m2025-01-25 15:13:42.731[39m | [1m[37m      INFO      [39m[49m[0m | bittensor:loggingmachine.py:439 | Debug enabled.
[34m2025-01-25 15:13:43.231[39m | [1m[37m      INFO      [39m[49m[0m | bittensor:base.py:67 | Targon version 404020
[34m2025-01-25 15:13:43.232[39m | [1m[37m      INFO      [39m[49m[0m | bittensor:config.py:51 | Logging path: /Users/tutu/.bittensor/miners/default/default/netuid40/targon
[34m2025-01-25 15:13:43.232[39m | [1m[37m      INFO      [39m[49m[0m | bittensor:loggingmachine.py:426 | Enabling debug.
[34m2025-01-25 15:13:43.233[39m | [1m[37m      INFO      [39m[49m[0m | bittensor:loggingmachine.py:439 | Debug enabled.
[34m2025-01-25 15:13:43.233[39m | [1m[37m      INFO      [39m[49m[0m | bittensor:loggingmachine.py:390 | Enabling info logging.
[34m2025-01-25 15:13:43.234[39m | [1m[37m      INFO      [39m[49m[0m | bittensor:loggingmachine.py:399 | Info enabled.
[34m2025-01-25 15:13:43.234[39m | [1m[37m      INFO      [39m[49m[0m | bittensor:loggingmachine.py:426 | Enabling debug.
[34m2025-01-25 15:13:43.235[39m | [1m[37m      INFO      [39m[49m[0m | bittensor:loggingmachine.py:439 | Debug enabled.
[34m2025-01-25 15:13:54.337[39m | [1m[34m     DEBUG      [39m[49m[0m | bittensor:base.py:109 | Wallet: Wallet (Name: 'default', Hotkey: 'default', Path: '~/.bittensor/wallets/')
[34m2025-01-25 15:13:54.337[39m | [1m[34m     DEBUG      [39m[49m[0m | bittensor:base.py:110 | Subtensor: subtensor(test, wss://test.finney.opentensor.ai:443)
[34m2025-01-25 15:13:54.337[39m | [1m[34m     DEBUG      [39m[49m[0m | bittensor:base.py:111 | Metagraph: metagraph(netuid:40, n:43, block:3751300, network:test)
[34m2025-01-25 15:13:55.853[39m | [1m[31m     ERROR      [39m[49m[0m | bittensor:base.py:44 | Wallet: Wallet (Name: 'default', Hotkey: 'default', Path: '~/.bittensor/wallets/') is not registered on netuid 40. Please register the hotkey using `btcli subnets register` before trying again
[34m2025-01-25 15:13:56.425[39m | [1m[37m      INFO      [39m[49m[0m | bittensor:loggingmachine.py:439 | Debug enabled.
[34m2025-01-25 15:13:56.938[39m | [1m[37m      INFO      [39m[49m[0m | bittensor:base.py:67 | Targon version 404020
[34m2025-01-25 15:13:56.940[39m | [1m[37m      INFO      [39m[49m[0m | bittensor:config.py:51 | Logging path: /Users/tutu/.bittensor/miners/default/default/netuid40/targon
[34m2025-01-25 15:13:56.940[39m | [1m[37m      INFO      [39m[49m[0m | bittensor:loggingmachine.py:426 | Enabling debug.
[34m2025-01-25 15:13:56.940[39m | [1m[37m      INFO      [39m[49m[0m | bittensor:loggingmachine.py:439 | Debug enabled.
[34m2025-01-25 15:13:56.941[39m | [1m[37m      INFO      [39m[49m[0m | bittensor:loggingmachine.py:390 | Enabling info logging.
[34m2025-01-25 15:13:56.941[39m | [1m[37m      INFO      [39m[49m[0m | bittensor:loggingmachine.py:399 | Info enabled.
[34m2025-01-25 15:13:56.941[39m | [1m[37m      INFO      [39m[49m[0m | bittensor:loggingmachine.py:426 | Enabling debug.
[34m2025-01-25 15:13:56.942[39m | [1m[37m      INFO      [39m[49m[0m | bittensor:loggingmachine.py:439 | Debug enabled.
[34m2025-01-25 15:14:08.026[39m | [1m[34m     DEBUG      [39m[49m[0m | bittensor:base.py:109 | Wallet: Wallet (Name: 'default', Hotkey: 'default', Path: '~/.bittensor/wallets/')
[34m2025-01-25 15:14:08.027[39m | [1m[34m     DEBUG      [39m[49m[0m | bittensor:base.py:110 | Subtensor: subtensor(test, wss://test.finney.opentensor.ai:443)
[34m2025-01-25 15:14:08.027[39m | [1m[34m     DEBUG      [39m[49m[0m | bittensor:base.py:111 | Metagraph: metagraph(netuid:40, n:43, block:3751301, network:test)
[34m2025-01-25 15:14:09.266[39m | [1m[31m     ERROR      [39m[49m[0m | bittensor:base.py:44 | Wallet: Wallet (Name: 'default', Hotkey: 'default', Path: '~/.bittensor/wallets/') is not registered on netuid 40. Please register the hotkey using `btcli subnets register` before trying again
[34m2025-01-25 15:14:09.775[39m | [1m[37m      INFO      [39m[49m[0m | bittensor:loggingmachine.py:439 | Debug enabled.
[34m2025-01-25 15:14:10.270[39m | [1m[37m      INFO      [39m[49m[0m | bittensor:base.py:67 | Targon version 404020
[34m2025-01-25 15:14:10.271[39m | [1m[37m      INFO      [39m[49m[0m | bittensor:config.py:51 | Logging path: /Users/tutu/.bittensor/miners/default/default/netuid40/targon
[34m2025-01-25 15:14:10.271[39m | [1m[37m      INFO      [39m[49m[0m | bittensor:loggingmachine.py:426 | Enabling debug.
[34m2025-01-25 15:14:10.272[39m | [1m[37m      INFO      [39m[49m[0m | bittensor:loggingmachine.py:439 | Debug enabled.
[34m2025-01-25 15:14:10.272[39m | [1m[37m      INFO      [39m[49m[0m | bittensor:loggingmachine.py:390 | Enabling info logging.
[34m2025-01-25 15:14:10.273[39m | [1m[37m      INFO      [39m[49m[0m | bittensor:loggingmachine.py:399 | Info enabled.
[34m2025-01-25 15:14:10.273[39m | [1m[37m      INFO      [39m[49m[0m | bittensor:loggingmachine.py:426 | Enabling debug.
[34m2025-01-25 15:14:10.273[39m | [1m[37m      INFO      [39m[49m[0m | bittensor:loggingmachine.py:439 | Debug enabled.
[34m2025-01-25 15:14:26.002[39m | [1m[34m     DEBUG      [39m[49m[0m | bittensor:base.py:109 | Wallet: Wallet (Name: 'default', Hotkey: 'default', Path: '~/.bittensor/wallets/')
[34m2025-01-25 15:14:26.002[39m | [1m[34m     DEBUG      [39m[49m[0m | bittensor:base.py:110 | Subtensor: subtensor(test, wss://test.finney.opentensor.ai:443)
[34m2025-01-25 15:14:26.002[39m | [1m[34m     DEBUG      [39m[49m[0m | bittensor:base.py:111 | Metagraph: metagraph(netuid:40, n:43, block:3751303, network:test)
[34m2025-01-25 15:14:27.404[39m | [1m[31m     ERROR      [39m[49m[0m | bittensor:base.py:44 | Wallet: Wallet (Name: 'default', Hotkey: 'default', Path: '~/.bittensor/wallets/') is not registered on netuid 40. Please register the hotkey using `btcli subnets register` before trying again
[34m2025-01-25 15:14:27.875[39m | [1m[37m      INFO      [39m[49m[0m | bittensor:loggingmachine.py:439 | Debug enabled.
[34m2025-01-25 15:14:28.354[39m | [1m[37m      INFO      [39m[49m[0m | bittensor:base.py:67 | Targon version 404020
[34m2025-01-25 15:14:28.355[39m | [1m[37m      INFO      [39m[49m[0m | bittensor:config.py:51 | Logging path: /Users/tutu/.bittensor/miners/default/default/netuid40/targon
[34m2025-01-25 15:14:28.355[39m | [1m[37m      INFO      [39m[49m[0m | bittensor:loggingmachine.py:426 | Enabling debug.
[34m2025-01-25 15:14:28.356[39m | [1m[37m      INFO      [39m[49m[0m | bittensor:loggingmachine.py:439 | Debug enabled.
[34m2025-01-25 15:14:28.356[39m | [1m[37m      INFO      [39m[49m[0m | bittensor:loggingmachine.py:390 | Enabling info logging.
[34m2025-01-25 15:14:28.357[39m | [1m[37m      INFO      [39m[49m[0m | bittensor:loggingmachine.py:399 | Info enabled.
[34m2025-01-25 15:14:28.357[39m | [1m[37m      INFO      [39m[49m[0m | bittensor:loggingmachine.py:426 | Enabling debug.
[34m2025-01-25 15:14:28.357[39m | [1m[37m      INFO      [39m[49m[0m | bittensor:loggingmachine.py:439 | Debug enabled.
[34m2025-01-25 15:14:38.608[39m | [1m[34m     DEBUG      [39m[49m[0m | bittensor:base.py:109 | Wallet: Wallet (Name: 'default', Hotkey: 'default', Path: '~/.bittensor/wallets/')
[34m2025-01-25 15:14:38.608[39m | [1m[34m     DEBUG      [39m[49m[0m | bittensor:base.py:110 | Subtensor: subtensor(test, wss://test.finney.opentensor.ai:443)
[34m2025-01-25 15:14:38.608[39m | [1m[34m     DEBUG      [39m[49m[0m | bittensor:base.py:111 | Metagraph: metagraph(netuid:40, n:43, block:3751304, network:test)
[34m2025-01-25 15:14:39.576[39m | [1m[31m     ERROR      [39m[49m[0m | bittensor:base.py:44 | Wallet: Wallet (Name: 'default', Hotkey: 'default', Path: '~/.bittensor/wallets/') is not registered on netuid 40. Please register the hotkey using `btcli subnets register` before trying again
[34m2025-01-25 15:14:40.094[39m | [1m[37m      INFO      [39m[49m[0m | bittensor:loggingmachine.py:439 | Debug enabled.
[34m2025-01-25 15:14:40.562[39m | [1m[37m      INFO      [39m[49m[0m | bittensor:base.py:67 | Targon version 404020
[34m2025-01-25 15:14:40.563[39m | [1m[37m      INFO      [39m[49m[0m | bittensor:config.py:51 | Logging path: /Users/tutu/.bittensor/miners/default/default/netuid40/targon
[34m2025-01-25 15:14:40.563[39m | [1m[37m      INFO      [39m[49m[0m | bittensor:loggingmachine.py:426 | Enabling debug.
[34m2025-01-25 15:14:40.564[39m | [1m[37m      INFO      [39m[49m[0m | bittensor:loggingmachine.py:439 | Debug enabled.
[34m2025-01-25 15:14:40.564[39m | [1m[37m      INFO      [39m[49m[0m | bittensor:loggingmachine.py:390 | Enabling info logging.
[34m2025-01-25 15:14:40.565[39m | [1m[37m      INFO      [39m[49m[0m | bittensor:loggingmachine.py:399 | Info enabled.
[34m2025-01-25 15:14:40.565[39m | [1m[37m      INFO      [39m[49m[0m | bittensor:loggingmachine.py:426 | Enabling debug.
[34m2025-01-25 15:14:40.566[39m | [1m[37m      INFO      [39m[49m[0m | bittensor:loggingmachine.py:439 | Debug enabled.
[34m2025-01-25 15:15:02.988[39m | [1m[34m     DEBUG      [39m[49m[0m | bittensor:base.py:109 | Wallet: Wallet (Name: 'default', Hotkey: 'default', Path: '~/.bittensor/wallets/')
[34m2025-01-25 15:15:02.989[39m | [1m[34m     DEBUG      [39m[49m[0m | bittensor:base.py:110 | Subtensor: subtensor(test, wss://test.finney.opentensor.ai:443)
[34m2025-01-25 15:15:02.989[39m | [1m[34m     DEBUG      [39m[49m[0m | bittensor:base.py:111 | Metagraph: metagraph(netuid:40, n:43, block:3751306, network:test)
[34m2025-01-25 15:15:04.208[39m | [1m[31m     ERROR      [39m[49m[0m | bittensor:base.py:44 | Wallet: Wallet (Name: 'default', Hotkey: 'default', Path: '~/.bittensor/wallets/') is not registered on netuid 40. Please register the hotkey using `btcli subnets register` before trying again
[34m2025-01-25 15:15:04.674[39m | [1m[37m      INFO      [39m[49m[0m | bittensor:loggingmachine.py:439 | Debug enabled.
[34m2025-01-25 15:15:05.141[39m | [1m[37m      INFO      [39m[49m[0m | bittensor:base.py:67 | Targon version 404020
[34m2025-01-25 15:15:05.142[39m | [1m[37m      INFO      [39m[49m[0m | bittensor:config.py:51 | Logging path: /Users/tutu/.bittensor/miners/default/default/netuid40/targon
[34m2025-01-25 15:15:05.142[39m | [1m[37m      INFO      [39m[49m[0m | bittensor:loggingmachine.py:426 | Enabling debug.
[34m2025-01-25 15:15:05.143[39m | [1m[37m      INFO      [39m[49m[0m | bittensor:loggingmachine.py:439 | Debug enabled.
[34m2025-01-25 15:15:05.143[39m | [1m[37m      INFO      [39m[49m[0m | bittensor:loggingmachine.py:390 | Enabling info logging.
[34m2025-01-25 15:15:05.144[39m | [1m[37m      INFO      [39m[49m[0m | bittensor:loggingmachine.py:399 | Info enabled.
[34m2025-01-25 15:15:05.144[39m | [1m[37m      INFO      [39m[49m[0m | bittensor:loggingmachine.py:426 | Enabling debug.
[34m2025-01-25 15:15:05.144[39m | [1m[37m      INFO      [39m[49m[0m | bittensor:loggingmachine.py:439 | Debug enabled.
[34m2025-01-25 15:15:29.758[39m | [1m[34m     DEBUG      [39m[49m[0m | bittensor:base.py:109 | Wallet: Wallet (Name: 'default', Hotkey: 'default', Path: '~/.bittensor/wallets/')
[34m2025-01-25 15:15:29.759[39m | [1m[34m     DEBUG      [39m[49m[0m | bittensor:base.py:110 | Subtensor: subtensor(test, wss://test.finney.opentensor.ai:443)
[34m2025-01-25 15:15:29.759[39m | [1m[34m     DEBUG      [39m[49m[0m | bittensor:base.py:111 | Metagraph: metagraph(netuid:40, n:43, block:3751308, network:test)
[34m2025-01-25 15:15:30.941[39m | [1m[31m     ERROR      [39m[49m[0m | bittensor:base.py:44 | Wallet: Wallet (Name: 'default', Hotkey: 'default', Path: '~/.bittensor/wallets/') is not registered on netuid 40. Please register the hotkey using `btcli subnets register` before trying again
[34m2025-01-25 15:15:31.412[39m | [1m[37m      INFO      [39m[49m[0m | bittensor:loggingmachine.py:439 | Debug enabled.
[34m2025-01-25 15:15:31.873[39m | [1m[37m      INFO      [39m[49m[0m | bittensor:base.py:67 | Targon version 404020
[34m2025-01-25 15:15:31.874[39m | [1m[37m      INFO      [39m[49m[0m | bittensor:config.py:51 | Logging path: /Users/tutu/.bittensor/miners/default/default/netuid40/targon
[34m2025-01-25 15:15:31.874[39m | [1m[37m      INFO      [39m[49m[0m | bittensor:loggingmachine.py:426 | Enabling debug.
[34m2025-01-25 15:15:31.875[39m | [1m[37m      INFO      [39m[49m[0m | bittensor:loggingmachine.py:439 | Debug enabled.
[34m2025-01-25 15:15:31.875[39m | [1m[37m      INFO      [39m[49m[0m | bittensor:loggingmachine.py:390 | Enabling info logging.
[34m2025-01-25 15:15:31.876[39m | [1m[37m      INFO      [39m[49m[0m | bittensor:loggingmachine.py:399 | Info enabled.
[34m2025-01-25 15:15:31.876[39m | [1m[37m      INFO      [39m[49m[0m | bittensor:loggingmachine.py:426 | Enabling debug.
[34m2025-01-25 15:15:31.876[39m | [1m[37m      INFO      [39m[49m[0m | bittensor:loggingmachine.py:439 | Debug enabled.
[34m2025-01-25 15:15:44.761[39m | [1m[34m     DEBUG      [39m[49m[0m | bittensor:base.py:109 | Wallet: Wallet (Name: 'default', Hotkey: 'default', Path: '~/.bittensor/wallets/')
[34m2025-01-25 15:15:44.761[39m | [1m[34m     DEBUG      [39m[49m[0m | bittensor:base.py:110 | Subtensor: subtensor(test, wss://test.finney.opentensor.ai:443)
[34m2025-01-25 15:15:44.761[39m | [1m[34m     DEBUG      [39m[49m[0m | bittensor:base.py:111 | Metagraph: metagraph(netuid:40, n:43, block:3751309, network:test)
[34m2025-01-25 15:15:45.245[39m | [1m[31m     ERROR      [39m[49m[0m | bittensor:base.py:44 | Wallet: Wallet (Name: 'default', Hotkey: 'default', Path: '~/.bittensor/wallets/') is not registered on netuid 40. Please register the hotkey using `btcli subnets register` before trying again
[34m2025-01-25 15:15:45.732[39m | [1m[37m      INFO      [39m[49m[0m | bittensor:loggingmachine.py:439 | Debug enabled.
[34m2025-01-25 15:15:46.195[39m | [1m[37m      INFO      [39m[49m[0m | bittensor:base.py:67 | Targon version 404020
[34m2025-01-25 15:15:46.196[39m | [1m[37m      INFO      [39m[49m[0m | bittensor:config.py:51 | Logging path: /Users/tutu/.bittensor/miners/default/default/netuid40/targon
[34m2025-01-25 15:15:46.196[39m | [1m[37m      INFO      [39m[49m[0m | bittensor:loggingmachine.py:426 | Enabling debug.
[34m2025-01-25 15:15:46.197[39m | [1m[37m      INFO      [39m[49m[0m | bittensor:loggingmachine.py:439 | Debug enabled.
[34m2025-01-25 15:15:46.197[39m | [1m[37m      INFO      [39m[49m[0m | bittensor:loggingmachine.py:390 | Enabling info logging.
[34m2025-01-25 15:15:46.198[39m | [1m[37m      INFO      [39m[49m[0m | bittensor:loggingmachine.py:399 | Info enabled.
[34m2025-01-25 15:15:46.198[39m | [1m[37m      INFO      [39m[49m[0m | bittensor:loggingmachine.py:426 | Enabling debug.
[34m2025-01-25 15:15:46.199[39m | [1m[37m      INFO      [39m[49m[0m | bittensor:loggingmachine.py:439 | Debug enabled.
[34m2025-01-25 15:16:09.994[39m | [1m[34m     DEBUG      [39m[49m[0m | bittensor:base.py:109 | Wallet: Wallet (Name: 'default', Hotkey: 'default', Path: '~/.bittensor/wallets/')
[34m2025-01-25 15:16:09.995[39m | [1m[34m     DEBUG      [39m[49m[0m | bittensor:base.py:110 | Subtensor: subtensor(test, wss://test.finney.opentensor.ai:443)
[34m2025-01-25 15:16:09.995[39m | [1m[34m     DEBUG      [39m[49m[0m | bittensor:base.py:111 | Metagraph: metagraph(netuid:40, n:43, block:3751311, network:test)
[34m2025-01-25 15:16:11.465[39m | [1m[31m     ERROR      [39m[49m[0m | bittensor:base.py:44 | Wallet: Wallet (Name: 'default', Hotkey: 'default', Path: '~/.bittensor/wallets/') is not registered on netuid 40. Please register the hotkey using `btcli subnets register` before trying again
[34m2025-01-25 15:16:11.934[39m | [1m[37m      INFO      [39m[49m[0m | bittensor:loggingmachine.py:439 | Debug enabled.
[34m2025-01-25 15:16:12.384[39m | [1m[37m      INFO      [39m[49m[0m | bittensor:base.py:67 | Targon version 404020
[34m2025-01-25 15:16:12.385[39m | [1m[37m      INFO      [39m[49m[0m | bittensor:config.py:51 | Logging path: /Users/tutu/.bittensor/miners/default/default/netuid40/targon
[34m2025-01-25 15:16:12.385[39m | [1m[37m      INFO      [39m[49m[0m | bittensor:loggingmachine.py:426 | Enabling debug.
[34m2025-01-25 15:16:12.386[39m | [1m[37m      INFO      [39m[49m[0m | bittensor:loggingmachine.py:439 | Debug enabled.
[34m2025-01-25 15:16:12.386[39m | [1m[37m      INFO      [39m[49m[0m | bittensor:loggingmachine.py:390 | Enabling info logging.
[34m2025-01-25 15:16:12.387[39m | [1m[37m      INFO      [39m[49m[0m | bittensor:loggingmachine.py:399 | Info enabled.
[34m2025-01-25 15:16:12.387[39m | [1m[37m      INFO      [39m[49m[0m | bittensor:loggingmachine.py:426 | Enabling debug.
[34m2025-01-25 15:16:12.388[39m | [1m[37m      INFO      [39m[49m[0m | bittensor:loggingmachine.py:439 | Debug enabled.
[34m2025-01-25 15:16:26.448[39m | [1m[34m     DEBUG      [39m[49m[0m | bittensor:base.py:109 | Wallet: Wallet (Name: 'default', Hotkey: 'default', Path: '~/.bittensor/wallets/')
[34m2025-01-25 15:16:26.448[39m | [1m[34m     DEBUG      [39m[49m[0m | bittensor:base.py:110 | Subtensor: subtensor(test, wss://test.finney.opentensor.ai:443)
[34m2025-01-25 15:16:26.448[39m | [1m[34m     DEBUG      [39m[49m[0m | bittensor:base.py:111 | Metagraph: metagraph(netuid:40, n:43, block:3751313, network:test)
[34m2025-01-25 15:16:27.916[39m | [1m[31m     ERROR      [39m[49m[0m | bittensor:base.py:44 | Wallet: Wallet (Name: 'default', Hotkey: 'default', Path: '~/.bittensor/wallets/') is not registered on netuid 40. Please register the hotkey using `btcli subnets register` before trying again
[34m2025-01-25 15:16:28.417[39m | [1m[37m      INFO      [39m[49m[0m | bittensor:loggingmachine.py:439 | Debug enabled.
[34m2025-01-25 15:16:28.899[39m | [1m[37m      INFO      [39m[49m[0m | bittensor:base.py:67 | Targon version 404020
[34m2025-01-25 15:16:28.900[39m | [1m[37m      INFO      [39m[49m[0m | bittensor:config.py:51 | Logging path: /Users/tutu/.bittensor/miners/default/default/netuid40/targon
[34m2025-01-25 15:16:28.901[39m | [1m[37m      INFO      [39m[49m[0m | bittensor:loggingmachine.py:426 | Enabling debug.
[34m2025-01-25 15:16:28.901[39m | [1m[37m      INFO      [39m[49m[0m | bittensor:loggingmachine.py:439 | Debug enabled.
[34m2025-01-25 15:16:28.901[39m | [1m[37m      INFO      [39m[49m[0m | bittensor:loggingmachine.py:390 | Enabling info logging.
[34m2025-01-25 15:16:28.902[39m | [1m[37m      INFO      [39m[49m[0m | bittensor:loggingmachine.py:399 | Info enabled.
[34m2025-01-25 15:16:28.902[39m | [1m[37m      INFO      [39m[49m[0m | bittensor:loggingmachine.py:426 | Enabling debug.
[34m2025-01-25 15:16:28.903[39m | [1m[37m      INFO      [39m[49m[0m | bittensor:loggingmachine.py:439 | Debug enabled.
[34m2025-01-25 15:16:52.868[39m | [1m[34m     DEBUG      [39m[49m[0m | bittensor:base.py:109 | Wallet: Wallet (Name: 'default', Hotkey: 'default', Path: '~/.bittensor/wallets/')
[34m2025-01-25 15:16:52.868[39m | [1m[34m     DEBUG      [39m[49m[0m | bittensor:base.py:110 | Subtensor: subtensor(test, wss://test.finney.opentensor.ai:443)
[34m2025-01-25 15:16:52.868[39m | [1m[34m     DEBUG      [39m[49m[0m | bittensor:base.py:111 | Metagraph: metagraph(netuid:40, n:43, block:3751315, network:test)
[34m2025-01-25 15:16:53.896[39m | [1m[31m     ERROR      [39m[49m[0m | bittensor:base.py:44 | Wallet: Wallet (Name: 'default', Hotkey: 'default', Path: '~/.bittensor/wallets/') is not registered on netuid 40. Please register the hotkey using `btcli subnets register` before trying again
[34m2025-01-25 15:16:54.482[39m | [1m[37m      INFO      [39m[49m[0m | bittensor:loggingmachine.py:439 | Debug enabled.
[34m2025-01-25 15:16:55.031[39m | [1m[37m      INFO      [39m[49m[0m | bittensor:base.py:67 | Targon version 404020
[34m2025-01-25 15:16:55.033[39m | [1m[37m      INFO      [39m[49m[0m | bittensor:config.py:51 | Logging path: /Users/tutu/.bittensor/miners/default/default/netuid40/targon
[34m2025-01-25 15:16:55.033[39m | [1m[37m      INFO      [39m[49m[0m | bittensor:loggingmachine.py:426 | Enabling debug.
[34m2025-01-25 15:16:55.033[39m | [1m[37m      INFO      [39m[49m[0m | bittensor:loggingmachine.py:439 | Debug enabled.
[34m2025-01-25 15:16:55.034[39m | [1m[37m      INFO      [39m[49m[0m | bittensor:loggingmachine.py:390 | Enabling info logging.
[34m2025-01-25 15:16:55.034[39m | [1m[37m      INFO      [39m[49m[0m | bittensor:loggingmachine.py:399 | Info enabled.
[34m2025-01-25 15:16:55.035[39m | [1m[37m      INFO      [39m[49m[0m | bittensor:loggingmachine.py:426 | Enabling debug.
[34m2025-01-25 15:16:55.035[39m | [1m[37m      INFO      [39m[49m[0m | bittensor:loggingmachine.py:439 | Debug enabled.
[34m2025-01-25 15:17:16.456[39m | [1m[34m     DEBUG      [39m[49m[0m | bittensor:base.py:109 | Wallet: Wallet (Name: 'default', Hotkey: 'default', Path: '~/.bittensor/wallets/')
[34m2025-01-25 15:17:16.457[39m | [1m[34m     DEBUG      [39m[49m[0m | bittensor:base.py:110 | Subtensor: subtensor(test, wss://test.finney.opentensor.ai:443)
[34m2025-01-25 15:17:16.457[39m | [1m[34m     DEBUG      [39m[49m[0m | bittensor:base.py:111 | Metagraph: metagraph(netuid:40, n:43, block:3751317, network:test)
[34m2025-01-25 15:17:17.470[39m | [1m[31m     ERROR      [39m[49m[0m | bittensor:base.py:44 | Wallet: Wallet (Name: 'default', Hotkey: 'default', Path: '~/.bittensor/wallets/') is not registered on netuid 40. Please register the hotkey using `btcli subnets register` before trying again
[34m2025-01-25 15:17:17.935[39m | [1m[37m      INFO      [39m[49m[0m | bittensor:loggingmachine.py:439 | Debug enabled.
[34m2025-01-25 15:17:18.393[39m | [1m[37m      INFO      [39m[49m[0m | bittensor:base.py:67 | Targon version 404020
[34m2025-01-25 15:17:18.394[39m | [1m[37m      INFO      [39m[49m[0m | bittensor:config.py:51 | Logging path: /Users/tutu/.bittensor/miners/default/default/netuid40/targon
[34m2025-01-25 15:17:18.394[39m | [1m[37m      INFO      [39m[49m[0m | bittensor:loggingmachine.py:426 | Enabling debug.
[34m2025-01-25 15:17:18.395[39m | [1m[37m      INFO      [39m[49m[0m | bittensor:loggingmachine.py:439 | Debug enabled.
[34m2025-01-25 15:17:18.395[39m | [1m[37m      INFO      [39m[49m[0m | bittensor:loggingmachine.py:390 | Enabling info logging.
[34m2025-01-25 15:17:18.395[39m | [1m[37m      INFO      [39m[49m[0m | bittensor:loggingmachine.py:399 | Info enabled.
[34m2025-01-25 15:17:18.396[39m | [1m[37m      INFO      [39m[49m[0m | bittensor:loggingmachine.py:426 | Enabling debug.
[34m2025-01-25 15:17:18.396[39m | [1m[37m      INFO      [39m[49m[0m | bittensor:loggingmachine.py:439 | Debug enabled.
[34m2025-01-25 15:17:37.142[39m | [1m[34m     DEBUG      [39m[49m[0m | bittensor:base.py:109 | Wallet: Wallet (Name: 'default', Hotkey: 'default', Path: '~/.bittensor/wallets/')
[34m2025-01-25 15:17:37.142[39m | [1m[34m     DEBUG      [39m[49m[0m | bittensor:base.py:110 | Subtensor: subtensor(test, wss://test.finney.opentensor.ai:443)
[34m2025-01-25 15:17:37.142[39m | [1m[34m     DEBUG      [39m[49m[0m | bittensor:base.py:111 | Metagraph: metagraph(netuid:40, n:43, block:3751319, network:test)
[34m2025-01-25 15:17:38.320[39m | [1m[31m     ERROR      [39m[49m[0m | bittensor:base.py:44 | Wallet: Wallet (Name: 'default', Hotkey: 'default', Path: '~/.bittensor/wallets/') is not registered on netuid 40. Please register the hotkey using `btcli subnets register` before trying again
[34m2025-01-25 15:17:38.787[39m | [1m[37m      INFO      [39m[49m[0m | bittensor:loggingmachine.py:439 | Debug enabled.
[34m2025-01-25 15:17:39.248[39m | [1m[37m      INFO      [39m[49m[0m | bittensor:base.py:67 | Targon version 404020
[34m2025-01-25 15:17:39.249[39m | [1m[37m      INFO      [39m[49m[0m | bittensor:config.py:51 | Logging path: /Users/tutu/.bittensor/miners/default/default/netuid40/targon
[34m2025-01-25 15:17:39.249[39m | [1m[37m      INFO      [39m[49m[0m | bittensor:loggingmachine.py:426 | Enabling debug.
[34m2025-01-25 15:17:39.250[39m | [1m[37m      INFO      [39m[49m[0m | bittensor:loggingmachine.py:439 | Debug enabled.
[34m2025-01-25 15:17:39.250[39m | [1m[37m      INFO      [39m[49m[0m | bittensor:loggingmachine.py:390 | Enabling info logging.
[34m2025-01-25 15:17:39.251[39m | [1m[37m      INFO      [39m[49m[0m | bittensor:loggingmachine.py:399 | Info enabled.
[34m2025-01-25 15:17:39.251[39m | [1m[37m      INFO      [39m[49m[0m | bittensor:loggingmachine.py:426 | Enabling debug.
[34m2025-01-25 15:17:39.251[39m | [1m[37m      INFO      [39m[49m[0m | bittensor:loggingmachine.py:439 | Debug enabled.
[34m2025-01-25 15:17:59.063[39m | [1m[34m     DEBUG      [39m[49m[0m | bittensor:base.py:109 | Wallet: Wallet (Name: 'default', Hotkey: 'default', Path: '~/.bittensor/wallets/')
[34m2025-01-25 15:17:59.064[39m | [1m[34m     DEBUG      [39m[49m[0m | bittensor:base.py:110 | Subtensor: subtensor(test, wss://test.finney.opentensor.ai:443)
[34m2025-01-25 15:17:59.064[39m | [1m[34m     DEBUG      [39m[49m[0m | bittensor:base.py:111 | Metagraph: metagraph(netuid:40, n:43, block:3751320, network:test)
[34m2025-01-25 15:18:00.474[39m | [1m[31m     ERROR      [39m[49m[0m | bittensor:base.py:44 | Wallet: Wallet (Name: 'default', Hotkey: 'default', Path: '~/.bittensor/wallets/') is not registered on netuid 40. Please register the hotkey using `btcli subnets register` before trying again
[34m2025-01-25 15:18:00.952[39m | [1m[37m      INFO      [39m[49m[0m | bittensor:loggingmachine.py:439 | Debug enabled.
[34m2025-01-25 15:18:01.413[39m | [1m[37m      INFO      [39m[49m[0m | bittensor:base.py:67 | Targon version 404020
[34m2025-01-25 15:18:01.414[39m | [1m[37m      INFO      [39m[49m[0m | bittensor:config.py:51 | Logging path: /Users/tutu/.bittensor/miners/default/default/netuid40/targon
[34m2025-01-25 15:18:01.414[39m | [1m[37m      INFO      [39m[49m[0m | bittensor:loggingmachine.py:426 | Enabling debug.
[34m2025-01-25 15:18:01.415[39m | [1m[37m      INFO      [39m[49m[0m | bittensor:loggingmachine.py:439 | Debug enabled.
[34m2025-01-25 15:18:01.415[39m | [1m[37m      INFO      [39m[49m[0m | bittensor:loggingmachine.py:390 | Enabling info logging.
[34m2025-01-25 15:18:01.415[39m | [1m[37m      INFO      [39m[49m[0m | bittensor:loggingmachine.py:399 | Info enabled.
[34m2025-01-25 15:18:01.416[39m | [1m[37m      INFO      [39m[49m[0m | bittensor:loggingmachine.py:426 | Enabling debug.
[34m2025-01-25 15:18:01.416[39m | [1m[37m      INFO      [39m[49m[0m | bittensor:loggingmachine.py:439 | Debug enabled.
[34m2025-01-25 15:18:21.794[39m | [1m[34m     DEBUG      [39m[49m[0m | bittensor:base.py:109 | Wallet: Wallet (Name: 'default', Hotkey: 'default', Path: '~/.bittensor/wallets/')
[34m2025-01-25 15:18:21.794[39m | [1m[34m     DEBUG      [39m[49m[0m | bittensor:base.py:110 | Subtensor: subtensor(test, wss://test.finney.opentensor.ai:443)
[34m2025-01-25 15:18:21.795[39m | [1m[34m     DEBUG      [39m[49m[0m | bittensor:base.py:111 | Metagraph: metagraph(netuid:40, n:43, block:3751322, network:test)
[34m2025-01-25 15:18:22.868[39m | [1m[31m     ERROR      [39m[49m[0m | bittensor:base.py:44 | Wallet: Wallet (Name: 'default', Hotkey: 'default', Path: '~/.bittensor/wallets/') is not registered on netuid 40. Please register the hotkey using `btcli subnets register` before trying again
[34m2025-01-25 15:18:23.315[39m | [1m[37m      INFO      [39m[49m[0m | bittensor:loggingmachine.py:439 | Debug enabled.
[34m2025-01-25 15:18:23.766[39m | [1m[37m      INFO      [39m[49m[0m | bittensor:base.py:67 | Targon version 404020
[34m2025-01-25 15:18:23.768[39m | [1m[37m      INFO      [39m[49m[0m | bittensor:config.py:51 | Logging path: /Users/tutu/.bittensor/miners/default/default/netuid40/targon
[34m2025-01-25 15:18:23.768[39m | [1m[37m      INFO      [39m[49m[0m | bittensor:loggingmachine.py:426 | Enabling debug.
[34m2025-01-25 15:18:23.768[39m | [1m[37m      INFO      [39m[49m[0m | bittensor:loggingmachine.py:439 | Debug enabled.
[34m2025-01-25 15:18:23.769[39m | [1m[37m      INFO      [39m[49m[0m | bittensor:loggingmachine.py:390 | Enabling info logging.
[34m2025-01-25 15:18:23.769[39m | [1m[37m      INFO      [39m[49m[0m | bittensor:loggingmachine.py:399 | Info enabled.
[34m2025-01-25 15:18:23.770[39m | [1m[37m      INFO      [39m[49m[0m | bittensor:loggingmachine.py:426 | Enabling debug.
[34m2025-01-25 15:18:23.770[39m | [1m[37m      INFO      [39m[49m[0m | bittensor:loggingmachine.py:439 | Debug enabled.
[34m2025-01-25 15:18:44.623[39m | [1m[34m     DEBUG      [39m[49m[0m | bittensor:base.py:109 | Wallet: Wallet (Name: 'default', Hotkey: 'default', Path: '~/.bittensor/wallets/')
[34m2025-01-25 15:18:44.624[39m | [1m[34m     DEBUG      [39m[49m[0m | bittensor:base.py:110 | Subtensor: subtensor(test, wss://test.finney.opentensor.ai:443)
[34m2025-01-25 15:18:44.624[39m | [1m[34m     DEBUG      [39m[49m[0m | bittensor:base.py:111 | Metagraph: metagraph(netuid:40, n:43, block:3751324, network:test)
[34m2025-01-25 15:18:46.133[39m | [1m[31m     ERROR      [39m[49m[0m | bittensor:base.py:44 | Wallet: Wallet (Name: 'default', Hotkey: 'default', Path: '~/.bittensor/wallets/') is not registered on netuid 40. Please register the hotkey using `btcli subnets register` before trying again
[34m2025-01-25 15:18:46.602[39m | [1m[37m      INFO      [39m[49m[0m | bittensor:loggingmachine.py:439 | Debug enabled.
[34m2025-01-25 15:18:47.056[39m | [1m[37m      INFO      [39m[49m[0m | bittensor:base.py:67 | Targon version 404020
[34m2025-01-25 15:18:47.057[39m | [1m[37m      INFO      [39m[49m[0m | bittensor:config.py:51 | Logging path: /Users/tutu/.bittensor/miners/default/default/netuid40/targon
[34m2025-01-25 15:18:47.058[39m | [1m[37m      INFO      [39m[49m[0m | bittensor:loggingmachine.py:426 | Enabling debug.
[34m2025-01-25 15:18:47.058[39m | [1m[37m      INFO      [39m[49m[0m | bittensor:loggingmachine.py:439 | Debug enabled.
[34m2025-01-25 15:18:47.058[39m | [1m[37m      INFO      [39m[49m[0m | bittensor:loggingmachine.py:390 | Enabling info logging.
[34m2025-01-25 15:18:47.059[39m | [1m[37m      INFO      [39m[49m[0m | bittensor:loggingmachine.py:399 | Info enabled.
[34m2025-01-25 15:18:47.059[39m | [1m[37m      INFO      [39m[49m[0m | bittensor:loggingmachine.py:426 | Enabling debug.
[34m2025-01-25 15:18:47.060[39m | [1m[37m      INFO      [39m[49m[0m | bittensor:loggingmachine.py:439 | Debug enabled.
[34m2025-01-25 15:19:08.379[39m | [1m[34m     DEBUG      [39m[49m[0m | bittensor:base.py:109 | Wallet: Wallet (Name: 'default', Hotkey: 'default', Path: '~/.bittensor/wallets/')
[34m2025-01-25 15:19:08.379[39m | [1m[34m     DEBUG      [39m[49m[0m | bittensor:base.py:110 | Subtensor: subtensor(test, wss://test.finney.opentensor.ai:443)
[34m2025-01-25 15:19:08.379[39m | [1m[34m     DEBUG      [39m[49m[0m | bittensor:base.py:111 | Metagraph: metagraph(netuid:40, n:43, block:3751326, network:test)
[34m2025-01-25 15:19:09.914[39m | [1m[31m     ERROR      [39m[49m[0m | bittensor:base.py:44 | Wallet: Wallet (Name: 'default', Hotkey: 'default', Path: '~/.bittensor/wallets/') is not registered on netuid 40. Please register the hotkey using `btcli subnets register` before trying again
[34m2025-01-25 15:19:10.423[39m | [1m[37m      INFO      [39m[49m[0m | bittensor:loggingmachine.py:439 | Debug enabled.
[34m2025-01-25 15:19:10.913[39m | [1m[37m      INFO      [39m[49m[0m | bittensor:base.py:67 | Targon version 404020
[34m2025-01-25 15:19:10.914[39m | [1m[37m      INFO      [39m[49m[0m | bittensor:config.py:51 | Logging path: /Users/tutu/.bittensor/miners/default/default/netuid40/targon
[34m2025-01-25 15:19:10.915[39m | [1m[37m      INFO      [39m[49m[0m | bittensor:loggingmachine.py:426 | Enabling debug.
[34m2025-01-25 15:19:10.915[39m | [1m[37m      INFO      [39m[49m[0m | bittensor:loggingmachine.py:439 | Debug enabled.
[34m2025-01-25 15:19:10.915[39m | [1m[37m      INFO      [39m[49m[0m | bittensor:loggingmachine.py:390 | Enabling info logging.
[34m2025-01-25 15:19:10.916[39m | [1m[37m      INFO      [39m[49m[0m | bittensor:loggingmachine.py:399 | Info enabled.
[34m2025-01-25 15:19:10.916[39m | [1m[37m      INFO      [39m[49m[0m | bittensor:loggingmachine.py:426 | Enabling debug.
[34m2025-01-25 15:19:10.917[39m | [1m[37m      INFO      [39m[49m[0m | bittensor:loggingmachine.py:439 | Debug enabled.
[34m2025-01-25 15:19:30.141[39m | [1m[34m     DEBUG      [39m[49m[0m | bittensor:base.py:109 | Wallet: Wallet (Name: 'default', Hotkey: 'default', Path: '~/.bittensor/wallets/')
[34m2025-01-25 15:19:30.142[39m | [1m[34m     DEBUG      [39m[49m[0m | bittensor:base.py:110 | Subtensor: subtensor(test, wss://test.finney.opentensor.ai:443)
[34m2025-01-25 15:19:30.142[39m | [1m[34m     DEBUG      [39m[49m[0m | bittensor:base.py:111 | Metagraph: metagraph(netuid:40, n:43, block:3751328, network:test)
[34m2025-01-25 15:19:31.203[39m | [1m[31m     ERROR      [39m[49m[0m | bittensor:base.py:44 | Wallet: Wallet (Name: 'default', Hotkey: 'default', Path: '~/.bittensor/wallets/') is not registered on netuid 40. Please register the hotkey using `btcli subnets register` before trying again
[34m2025-01-25 15:19:31.662[39m | [1m[37m      INFO      [39m[49m[0m | bittensor:loggingmachine.py:439 | Debug enabled.
[34m2025-01-25 15:19:32.114[39m | [1m[37m      INFO      [39m[49m[0m | bittensor:base.py:67 | Targon version 404020
[34m2025-01-25 15:19:32.115[39m | [1m[37m      INFO      [39m[49m[0m | bittensor:config.py:51 | Logging path: /Users/tutu/.bittensor/miners/default/default/netuid40/targon
[34m2025-01-25 15:19:32.115[39m | [1m[37m      INFO      [39m[49m[0m | bittensor:loggingmachine.py:426 | Enabling debug.
[34m2025-01-25 15:19:32.116[39m | [1m[37m      INFO      [39m[49m[0m | bittensor:loggingmachine.py:439 | Debug enabled.
[34m2025-01-25 15:19:32.116[39m | [1m[37m      INFO      [39m[49m[0m | bittensor:loggingmachine.py:390 | Enabling info logging.
[34m2025-01-25 15:19:32.117[39m | [1m[37m      INFO      [39m[49m[0m | bittensor:loggingmachine.py:399 | Info enabled.
[34m2025-01-25 15:19:32.117[39m | [1m[37m      INFO      [39m[49m[0m | bittensor:loggingmachine.py:426 | Enabling debug.
[34m2025-01-25 15:19:32.117[39m | [1m[37m      INFO      [39m[49m[0m | bittensor:loggingmachine.py:439 | Debug enabled.
[34m2025-01-25 15:19:40.560[39m | [1m[34m     DEBUG      [39m[49m[0m | bittensor:base.py:109 | Wallet: Wallet (Name: 'default', Hotkey: 'default', Path: '~/.bittensor/wallets/')
[34m2025-01-25 15:19:40.561[39m | [1m[34m     DEBUG      [39m[49m[0m | bittensor:base.py:110 | Subtensor: subtensor(test, wss://test.finney.opentensor.ai:443)
[34m2025-01-25 15:19:40.561[39m | [1m[34m     DEBUG      [39m[49m[0m | bittensor:base.py:111 | Metagraph: metagraph(netuid:40, n:43, block:3751329, network:test)
[34m2025-01-25 15:19:41.584[39m | [1m[31m     ERROR      [39m[49m[0m | bittensor:base.py:44 | Wallet: Wallet (Name: 'default', Hotkey: 'default', Path: '~/.bittensor/wallets/') is not registered on netuid 40. Please register the hotkey using `btcli subnets register` before trying again
[34m2025-01-25 15:19:42.050[39m | [1m[37m      INFO      [39m[49m[0m | bittensor:loggingmachine.py:439 | Debug enabled.
[34m2025-01-25 15:19:42.508[39m | [1m[37m      INFO      [39m[49m[0m | bittensor:base.py:67 | Targon version 404020
[34m2025-01-25 15:19:42.509[39m | [1m[37m      INFO      [39m[49m[0m | bittensor:config.py:51 | Logging path: /Users/tutu/.bittensor/miners/default/default/netuid40/targon
[34m2025-01-25 15:19:42.509[39m | [1m[37m      INFO      [39m[49m[0m | bittensor:loggingmachine.py:426 | Enabling debug.
[34m2025-01-25 15:19:42.510[39m | [1m[37m      INFO      [39m[49m[0m | bittensor:loggingmachine.py:439 | Debug enabled.
[34m2025-01-25 15:19:42.510[39m | [1m[37m      INFO      [39m[49m[0m | bittensor:loggingmachine.py:390 | Enabling info logging.
[34m2025-01-25 15:19:42.511[39m | [1m[37m      INFO      [39m[49m[0m | bittensor:loggingmachine.py:399 | Info enabled.
[34m2025-01-25 15:19:42.511[39m | [1m[37m      INFO      [39m[49m[0m | bittensor:loggingmachine.py:426 | Enabling debug.
[34m2025-01-25 15:19:42.511[39m | [1m[37m      INFO      [39m[49m[0m | bittensor:loggingmachine.py:439 | Debug enabled.
[34m2025-01-25 15:19:56.469[39m | [1m[34m     DEBUG      [39m[49m[0m | bittensor:base.py:109 | Wallet: Wallet (Name: 'default', Hotkey: 'default', Path: '~/.bittensor/wallets/')
[34m2025-01-25 15:19:56.469[39m | [1m[34m     DEBUG      [39m[49m[0m | bittensor:base.py:110 | Subtensor: subtensor(test, wss://test.finney.opentensor.ai:443)
[34m2025-01-25 15:19:56.469[39m | [1m[34m     DEBUG      [39m[49m[0m | bittensor:base.py:111 | Metagraph: metagraph(netuid:40, n:43, block:3751330, network:test)
[34m2025-01-25 15:19:57.520[39m | [1m[31m     ERROR      [39m[49m[0m | bittensor:base.py:44 | Wallet: Wallet (Name: 'default', Hotkey: 'default', Path: '~/.bittensor/wallets/') is not registered on netuid 40. Please register the hotkey using `btcli subnets register` before trying again
[34m2025-01-25 15:19:57.976[39m | [1m[37m      INFO      [39m[49m[0m | bittensor:loggingmachine.py:439 | Debug enabled.
[34m2025-01-25 15:19:58.446[39m | [1m[37m      INFO      [39m[49m[0m | bittensor:base.py:67 | Targon version 404020
[34m2025-01-25 15:19:58.448[39m | [1m[37m      INFO      [39m[49m[0m | bittensor:config.py:51 | Logging path: /Users/tutu/.bittensor/miners/default/default/netuid40/targon
[34m2025-01-25 15:19:58.448[39m | [1m[37m      INFO      [39m[49m[0m | bittensor:loggingmachine.py:426 | Enabling debug.
[34m2025-01-25 15:19:58.449[39m | [1m[37m      INFO      [39m[49m[0m | bittensor:loggingmachine.py:439 | Debug enabled.
[34m2025-01-25 15:19:58.449[39m | [1m[37m      INFO      [39m[49m[0m | bittensor:loggingmachine.py:390 | Enabling info logging.
[34m2025-01-25 15:19:58.450[39m | [1m[37m      INFO      [39m[49m[0m | bittensor:loggingmachine.py:399 | Info enabled.
[34m2025-01-25 15:19:58.450[39m | [1m[37m      INFO      [39m[49m[0m | bittensor:loggingmachine.py:426 | Enabling debug.
[34m2025-01-25 15:19:58.450[39m | [1m[37m      INFO      [39m[49m[0m | bittensor:loggingmachine.py:439 | Debug enabled.
[34m2025-01-25 15:20:21.176[39m | [1m[34m     DEBUG      [39m[49m[0m | bittensor:base.py:109 | Wallet: Wallet (Name: 'default', Hotkey: 'default', Path: '~/.bittensor/wallets/')
[34m2025-01-25 15:20:21.177[39m | [1m[34m     DEBUG      [39m[49m[0m | bittensor:base.py:110 | Subtensor: subtensor(test, wss://test.finney.opentensor.ai:443)
[34m2025-01-25 15:20:21.177[39m | [1m[34m     DEBUG      [39m[49m[0m | bittensor:base.py:111 | Metagraph: metagraph(netuid:40, n:43, block:3751332, network:test)
[34m2025-01-25 15:20:22.372[39m | [1m[31m     ERROR      [39m[49m[0m | bittensor:base.py:44 | Wallet: Wallet (Name: 'default', Hotkey: 'default', Path: '~/.bittensor/wallets/') is not registered on netuid 40. Please register the hotkey using `btcli subnets register` before trying again
[34m2025-01-25 15:20:22.836[39m | [1m[37m      INFO      [39m[49m[0m | bittensor:loggingmachine.py:439 | Debug enabled.
[34m2025-01-25 15:20:23.325[39m | [1m[37m      INFO      [39m[49m[0m | bittensor:base.py:67 | Targon version 404020
[34m2025-01-25 15:20:23.326[39m | [1m[37m      INFO      [39m[49m[0m | bittensor:config.py:51 | Logging path: /Users/tutu/.bittensor/miners/default/default/netuid40/targon
[34m2025-01-25 15:20:23.327[39m | [1m[37m      INFO      [39m[49m[0m | bittensor:loggingmachine.py:426 | Enabling debug.
[34m2025-01-25 15:20:23.327[39m | [1m[37m      INFO      [39m[49m[0m | bittensor:loggingmachine.py:439 | Debug enabled.
[34m2025-01-25 15:20:23.328[39m | [1m[37m      INFO      [39m[49m[0m | bittensor:loggingmachine.py:390 | Enabling info logging.
[34m2025-01-25 15:20:23.328[39m | [1m[37m      INFO      [39m[49m[0m | bittensor:loggingmachine.py:399 | Info enabled.
[34m2025-01-25 15:20:23.328[39m | [1m[37m      INFO      [39m[49m[0m | bittensor:loggingmachine.py:426 | Enabling debug.
[34m2025-01-25 15:20:23.329[39m | [1m[37m      INFO      [39m[49m[0m | bittensor:loggingmachine.py:439 | Debug enabled.
[34m2025-01-25 15:20:32.530[39m | [1m[34m     DEBUG      [39m[49m[0m | bittensor:base.py:109 | Wallet: Wallet (Name: 'default', Hotkey: 'default', Path: '~/.bittensor/wallets/')
[34m2025-01-25 15:20:32.531[39m | [1m[34m     DEBUG      [39m[49m[0m | bittensor:base.py:110 | Subtensor: subtensor(test, wss://test.finney.opentensor.ai:443)
[34m2025-01-25 15:20:32.531[39m | [1m[34m     DEBUG      [39m[49m[0m | bittensor:base.py:111 | Metagraph: metagraph(netuid:40, n:43, block:3751333, network:test)
[34m2025-01-25 15:20:33.063[39m | [1m[31m     ERROR      [39m[49m[0m | bittensor:base.py:44 | Wallet: Wallet (Name: 'default', Hotkey: 'default', Path: '~/.bittensor/wallets/') is not registered on netuid 40. Please register the hotkey using `btcli subnets register` before trying again
[34m2025-01-25 15:20:33.555[39m | [1m[37m      INFO      [39m[49m[0m | bittensor:loggingmachine.py:439 | Debug enabled.
[34m2025-01-25 15:20:34.020[39m | [1m[37m      INFO      [39m[49m[0m | bittensor:base.py:67 | Targon version 404020
[34m2025-01-25 15:20:34.021[39m | [1m[37m      INFO      [39m[49m[0m | bittensor:config.py:51 | Logging path: /Users/tutu/.bittensor/miners/default/default/netuid40/targon
[34m2025-01-25 15:20:34.022[39m | [1m[37m      INFO      [39m[49m[0m | bittensor:loggingmachine.py:426 | Enabling debug.
[34m2025-01-25 15:20:34.022[39m | [1m[37m      INFO      [39m[49m[0m | bittensor:loggingmachine.py:439 | Debug enabled.
[34m2025-01-25 15:20:34.023[39m | [1m[37m      INFO      [39m[49m[0m | bittensor:loggingmachine.py:390 | Enabling info logging.
[34m2025-01-25 15:20:34.023[39m | [1m[37m      INFO      [39m[49m[0m | bittensor:loggingmachine.py:399 | Info enabled.
[34m2025-01-25 15:20:34.023[39m | [1m[37m      INFO      [39m[49m[0m | bittensor:loggingmachine.py:426 | Enabling debug.
[34m2025-01-25 15:20:34.024[39m | [1m[37m      INFO      [39m[49m[0m | bittensor:loggingmachine.py:439 | Debug enabled.
[34m2025-01-25 15:20:53.449[39m | [1m[34m     DEBUG      [39m[49m[0m | bittensor:base.py:109 | Wallet: Wallet (Name: 'default', Hotkey: 'default', Path: '~/.bittensor/wallets/')
[34m2025-01-25 15:20:53.449[39m | [1m[34m     DEBUG      [39m[49m[0m | bittensor:base.py:110 | Subtensor: subtensor(test, wss://test.finney.opentensor.ai:443)
[34m2025-01-25 15:20:53.449[39m | [1m[34m     DEBUG      [39m[49m[0m | bittensor:base.py:111 | Metagraph: metagraph(netuid:40, n:43, block:3751335, network:test)
[34m2025-01-25 15:20:54.526[39m | [1m[31m     ERROR      [39m[49m[0m | bittensor:base.py:44 | Wallet: Wallet (Name: 'default', Hotkey: 'default', Path: '~/.bittensor/wallets/') is not registered on netuid 40. Please register the hotkey using `btcli subnets register` before trying again
[34m2025-01-25 15:20:55.079[39m | [1m[37m      INFO      [39m[49m[0m | bittensor:loggingmachine.py:439 | Debug enabled.
[34m2025-01-25 15:20:55.692[39m | [1m[37m      INFO      [39m[49m[0m | bittensor:base.py:67 | Targon version 404020
[34m2025-01-25 15:20:55.694[39m | [1m[37m      INFO      [39m[49m[0m | bittensor:config.py:51 | Logging path: /Users/tutu/.bittensor/miners/default/default/netuid40/targon
[34m2025-01-25 15:20:55.694[39m | [1m[37m      INFO      [39m[49m[0m | bittensor:loggingmachine.py:426 | Enabling debug.
[34m2025-01-25 15:20:55.694[39m | [1m[37m      INFO      [39m[49m[0m | bittensor:loggingmachine.py:439 | Debug enabled.
[34m2025-01-25 15:20:55.695[39m | [1m[37m      INFO      [39m[49m[0m | bittensor:loggingmachine.py:390 | Enabling info logging.
[34m2025-01-25 15:20:55.695[39m | [1m[37m      INFO      [39m[49m[0m | bittensor:loggingmachine.py:399 | Info enabled.
[34m2025-01-25 15:20:55.696[39m | [1m[37m      INFO      [39m[49m[0m | bittensor:loggingmachine.py:426 | Enabling debug.
[34m2025-01-25 15:20:55.696[39m | [1m[37m      INFO      [39m[49m[0m | bittensor:loggingmachine.py:439 | Debug enabled.
[34m2025-01-25 15:21:13.512[39m | [1m[34m     DEBUG      [39m[49m[0m | bittensor:base.py:109 | Wallet: Wallet (Name: 'default', Hotkey: 'default', Path: '~/.bittensor/wallets/')
[34m2025-01-25 15:21:13.512[39m | [1m[34m     DEBUG      [39m[49m[0m | bittensor:base.py:110 | Subtensor: subtensor(test, wss://test.finney.opentensor.ai:443)
[34m2025-01-25 15:21:13.512[39m | [1m[34m     DEBUG      [39m[49m[0m | bittensor:base.py:111 | Metagraph: metagraph(netuid:40, n:43, block:3751337, network:test)
[34m2025-01-25 15:21:14.652[39m | [1m[31m     ERROR      [39m[49m[0m | bittensor:base.py:44 | Wallet: Wallet (Name: 'default', Hotkey: 'default', Path: '~/.bittensor/wallets/') is not registered on netuid 40. Please register the hotkey using `btcli subnets register` before trying again
[34m2025-01-25 15:21:15.112[39m | [1m[37m      INFO      [39m[49m[0m | bittensor:loggingmachine.py:439 | Debug enabled.
[34m2025-01-25 15:21:15.574[39m | [1m[37m      INFO      [39m[49m[0m | bittensor:base.py:67 | Targon version 404020
[34m2025-01-25 15:21:15.575[39m | [1m[37m      INFO      [39m[49m[0m | bittensor:config.py:51 | Logging path: /Users/tutu/.bittensor/miners/default/default/netuid40/targon
[34m2025-01-25 15:21:15.576[39m | [1m[37m      INFO      [39m[49m[0m | bittensor:loggingmachine.py:426 | Enabling debug.
[34m2025-01-25 15:21:15.576[39m | [1m[37m      INFO      [39m[49m[0m | bittensor:loggingmachine.py:439 | Debug enabled.
[34m2025-01-25 15:21:15.576[39m | [1m[37m      INFO      [39m[49m[0m | bittensor:loggingmachine.py:390 | Enabling info logging.
[34m2025-01-25 15:21:15.577[39m | [1m[37m      INFO      [39m[49m[0m | bittensor:loggingmachine.py:399 | Info enabled.
[34m2025-01-25 15:21:15.577[39m | [1m[37m      INFO      [39m[49m[0m | bittensor:loggingmachine.py:426 | Enabling debug.
[34m2025-01-25 15:21:15.578[39m | [1m[37m      INFO      [39m[49m[0m | bittensor:loggingmachine.py:439 | Debug enabled.
[34m2025-01-25 15:21:34.003[39m | [1m[34m     DEBUG      [39m[49m[0m | bittensor:base.py:109 | Wallet: Wallet (Name: 'default', Hotkey: 'default', Path: '~/.bittensor/wallets/')
[34m2025-01-25 15:21:34.003[39m | [1m[34m     DEBUG      [39m[49m[0m | bittensor:base.py:110 | Subtensor: subtensor(test, wss://test.finney.opentensor.ai:443)
[34m2025-01-25 15:21:34.003[39m | [1m[34m     DEBUG      [39m[49m[0m | bittensor:base.py:111 | Metagraph: metagraph(netuid:40, n:43, block:3751338, network:test)
[34m2025-01-25 15:21:35.077[39m | [1m[31m     ERROR      [39m[49m[0m | bittensor:base.py:44 | Wallet: Wallet (Name: 'default', Hotkey: 'default', Path: '~/.bittensor/wallets/') is not registered on netuid 40. Please register the hotkey using `btcli subnets register` before trying again
[34m2025-01-25 15:21:35.623[39m | [1m[37m      INFO      [39m[49m[0m | bittensor:loggingmachine.py:439 | Debug enabled.
[34m2025-01-25 15:21:36.239[39m | [1m[37m      INFO      [39m[49m[0m | bittensor:base.py:67 | Targon version 404020
[34m2025-01-25 15:21:36.241[39m | [1m[37m      INFO      [39m[49m[0m | bittensor:config.py:51 | Logging path: /Users/tutu/.bittensor/miners/default/default/netuid40/targon
[34m2025-01-25 15:21:36.241[39m | [1m[37m      INFO      [39m[49m[0m | bittensor:loggingmachine.py:426 | Enabling debug.
[34m2025-01-25 15:21:36.241[39m | [1m[37m      INFO      [39m[49m[0m | bittensor:loggingmachine.py:439 | Debug enabled.
[34m2025-01-25 15:21:36.242[39m | [1m[37m      INFO      [39m[49m[0m | bittensor:loggingmachine.py:390 | Enabling info logging.
[34m2025-01-25 15:21:36.242[39m | [1m[37m      INFO      [39m[49m[0m | bittensor:loggingmachine.py:399 | Info enabled.
[34m2025-01-25 15:21:36.243[39m | [1m[37m      INFO      [39m[49m[0m | bittensor:loggingmachine.py:426 | Enabling debug.
[34m2025-01-25 15:21:36.243[39m | [1m[37m      INFO      [39m[49m[0m | bittensor:loggingmachine.py:439 | Debug enabled.
[34m2025-01-25 15:21:49.200[39m | [1m[34m     DEBUG      [39m[49m[0m | bittensor:base.py:109 | Wallet: Wallet (Name: 'default', Hotkey: 'default', Path: '~/.bittensor/wallets/')
[34m2025-01-25 15:21:49.201[39m | [1m[34m     DEBUG      [39m[49m[0m | bittensor:base.py:110 | Subtensor: subtensor(test, wss://test.finney.opentensor.ai:443)
[34m2025-01-25 15:21:49.201[39m | [1m[34m     DEBUG      [39m[49m[0m | bittensor:base.py:111 | Metagraph: metagraph(netuid:40, n:43, block:3751340, network:test)
[34m2025-01-25 15:21:50.192[39m | [1m[31m     ERROR      [39m[49m[0m | bittensor:base.py:44 | Wallet: Wallet (Name: 'default', Hotkey: 'default', Path: '~/.bittensor/wallets/') is not registered on netuid 40. Please register the hotkey using `btcli subnets register` before trying again
[34m2025-01-25 15:21:50.816[39m | [1m[37m      INFO      [39m[49m[0m | bittensor:loggingmachine.py:439 | Debug enabled.
[34m2025-01-25 15:21:51.437[39m | [1m[37m      INFO      [39m[49m[0m | bittensor:base.py:67 | Targon version 404020
[34m2025-01-25 15:21:51.439[39m | [1m[37m      INFO      [39m[49m[0m | bittensor:config.py:51 | Logging path: /Users/tutu/.bittensor/miners/default/default/netuid40/targon
[34m2025-01-25 15:21:51.439[39m | [1m[37m      INFO      [39m[49m[0m | bittensor:loggingmachine.py:426 | Enabling debug.
[34m2025-01-25 15:21:51.439[39m | [1m[37m      INFO      [39m[49m[0m | bittensor:loggingmachine.py:439 | Debug enabled.
[34m2025-01-25 15:21:51.440[39m | [1m[37m      INFO      [39m[49m[0m | bittensor:loggingmachine.py:390 | Enabling info logging.
[34m2025-01-25 15:21:51.440[39m | [1m[37m      INFO      [39m[49m[0m | bittensor:loggingmachine.py:399 | Info enabled.
[34m2025-01-25 15:21:51.441[39m | [1m[37m      INFO      [39m[49m[0m | bittensor:loggingmachine.py:426 | Enabling debug.
[34m2025-01-25 15:21:51.441[39m | [1m[37m      INFO      [39m[49m[0m | bittensor:loggingmachine.py:439 | Debug enabled.
[34m2025-01-25 15:22:03.790[39m | [1m[34m     DEBUG      [39m[49m[0m | bittensor:base.py:109 | Wallet: Wallet (Name: 'default', Hotkey: 'default', Path: '~/.bittensor/wallets/')
[34m2025-01-25 15:22:03.790[39m | [1m[34m     DEBUG      [39m[49m[0m | bittensor:base.py:110 | Subtensor: subtensor(test, wss://test.finney.opentensor.ai:443)
[34m2025-01-25 15:22:03.790[39m | [1m[34m     DEBUG      [39m[49m[0m | bittensor:base.py:111 | Metagraph: metagraph(netuid:40, n:43, block:3751341, network:test)
[34m2025-01-25 15:22:04.887[39m | [1m[31m     ERROR      [39m[49m[0m | bittensor:base.py:44 | Wallet: Wallet (Name: 'default', Hotkey: 'default', Path: '~/.bittensor/wallets/') is not registered on netuid 40. Please register the hotkey using `btcli subnets register` before trying again
[34m2025-01-25 15:22:05.378[39m | [1m[37m      INFO      [39m[49m[0m | bittensor:loggingmachine.py:439 | Debug enabled.
[34m2025-01-25 15:22:05.852[39m | [1m[37m      INFO      [39m[49m[0m | bittensor:base.py:67 | Targon version 404020
[34m2025-01-25 15:22:05.853[39m | [1m[37m      INFO      [39m[49m[0m | bittensor:config.py:51 | Logging path: /Users/tutu/.bittensor/miners/default/default/netuid40/targon
[34m2025-01-25 15:22:05.853[39m | [1m[37m      INFO      [39m[49m[0m | bittensor:loggingmachine.py:426 | Enabling debug.
[34m2025-01-25 15:22:05.854[39m | [1m[37m      INFO      [39m[49m[0m | bittensor:loggingmachine.py:439 | Debug enabled.
[34m2025-01-25 15:22:05.854[39m | [1m[37m      INFO      [39m[49m[0m | bittensor:loggingmachine.py:390 | Enabling info logging.
[34m2025-01-25 15:22:05.855[39m | [1m[37m      INFO      [39m[49m[0m | bittensor:loggingmachine.py:399 | Info enabled.
[34m2025-01-25 15:22:05.855[39m | [1m[37m      INFO      [39m[49m[0m | bittensor:loggingmachine.py:426 | Enabling debug.
[34m2025-01-25 15:22:05.855[39m | [1m[37m      INFO      [39m[49m[0m | bittensor:loggingmachine.py:439 | Debug enabled.
[34m2025-01-25 15:22:25.065[39m | [1m[34m     DEBUG      [39m[49m[0m | bittensor:base.py:109 | Wallet: Wallet (Name: 'default', Hotkey: 'default', Path: '~/.bittensor/wallets/')
[34m2025-01-25 15:22:25.066[39m | [1m[34m     DEBUG      [39m[49m[0m | bittensor:base.py:110 | Subtensor: subtensor(test, wss://test.finney.opentensor.ai:443)
[34m2025-01-25 15:22:25.066[39m | [1m[34m     DEBUG      [39m[49m[0m | bittensor:base.py:111 | Metagraph: metagraph(netuid:40, n:43, block:3751342, network:test)
[34m2025-01-25 15:22:26.271[39m | [1m[31m     ERROR      [39m[49m[0m | bittensor:base.py:44 | Wallet: Wallet (Name: 'default', Hotkey: 'default', Path: '~/.bittensor/wallets/') is not registered on netuid 40. Please register the hotkey using `btcli subnets register` before trying again
[34m2025-01-25 15:22:26.766[39m | [1m[37m      INFO      [39m[49m[0m | bittensor:loggingmachine.py:439 | Debug enabled.
[34m2025-01-25 15:22:27.225[39m | [1m[37m      INFO      [39m[49m[0m | bittensor:base.py:67 | Targon version 404020
[34m2025-01-25 15:22:27.226[39m | [1m[37m      INFO      [39m[49m[0m | bittensor:config.py:51 | Logging path: /Users/tutu/.bittensor/miners/default/default/netuid40/targon
[34m2025-01-25 15:22:27.226[39m | [1m[37m      INFO      [39m[49m[0m | bittensor:loggingmachine.py:426 | Enabling debug.
[34m2025-01-25 15:22:27.227[39m | [1m[37m      INFO      [39m[49m[0m | bittensor:loggingmachine.py:439 | Debug enabled.
[34m2025-01-25 15:22:27.227[39m | [1m[37m      INFO      [39m[49m[0m | bittensor:loggingmachine.py:390 | Enabling info logging.
[34m2025-01-25 15:22:27.228[39m | [1m[37m      INFO      [39m[49m[0m | bittensor:loggingmachine.py:399 | Info enabled.
[34m2025-01-25 15:22:27.228[39m | [1m[37m      INFO      [39m[49m[0m | bittensor:loggingmachine.py:426 | Enabling debug.
[34m2025-01-25 15:22:27.229[39m | [1m[37m      INFO      [39m[49m[0m | bittensor:loggingmachine.py:439 | Debug enabled.
[34m2025-01-25 15:22:41.679[39m | [1m[34m     DEBUG      [39m[49m[0m | bittensor:base.py:109 | Wallet: Wallet (Name: 'default', Hotkey: 'default', Path: '~/.bittensor/wallets/')
[34m2025-01-25 15:22:41.679[39m | [1m[34m     DEBUG      [39m[49m[0m | bittensor:base.py:110 | Subtensor: subtensor(test, wss://test.finney.opentensor.ai:443)
[34m2025-01-25 15:22:41.679[39m | [1m[34m     DEBUG      [39m[49m[0m | bittensor:base.py:111 | Metagraph: metagraph(netuid:40, n:43, block:3751344, network:test)
[34m2025-01-25 15:22:42.701[39m | [1m[31m     ERROR      [39m[49m[0m | bittensor:base.py:44 | Wallet: Wallet (Name: 'default', Hotkey: 'default', Path: '~/.bittensor/wallets/') is not registered on netuid 40. Please register the hotkey using `btcli subnets register` before trying again
[34m2025-01-25 15:22:43.163[39m | [1m[37m      INFO      [39m[49m[0m | bittensor:loggingmachine.py:439 | Debug enabled.
[34m2025-01-25 15:22:43.627[39m | [1m[37m      INFO      [39m[49m[0m | bittensor:base.py:67 | Targon version 404020
[34m2025-01-25 15:22:43.628[39m | [1m[37m      INFO      [39m[49m[0m | bittensor:config.py:51 | Logging path: /Users/tutu/.bittensor/miners/default/default/netuid40/targon
[34m2025-01-25 15:22:43.628[39m | [1m[37m      INFO      [39m[49m[0m | bittensor:loggingmachine.py:426 | Enabling debug.
[34m2025-01-25 15:22:43.629[39m | [1m[37m      INFO      [39m[49m[0m | bittensor:loggingmachine.py:439 | Debug enabled.
[34m2025-01-25 15:22:43.629[39m | [1m[37m      INFO      [39m[49m[0m | bittensor:loggingmachine.py:390 | Enabling info logging.
[34m2025-01-25 15:22:43.630[39m | [1m[37m      INFO      [39m[49m[0m | bittensor:loggingmachine.py:399 | Info enabled.
[34m2025-01-25 15:22:43.630[39m | [1m[37m      INFO      [39m[49m[0m | bittensor:loggingmachine.py:426 | Enabling debug.
[34m2025-01-25 15:22:43.631[39m | [1m[37m      INFO      [39m[49m[0m | bittensor:loggingmachine.py:439 | Debug enabled.
[34m2025-01-25 15:23:00.212[39m | [1m[34m     DEBUG      [39m[49m[0m | bittensor:base.py:109 | Wallet: Wallet (Name: 'default', Hotkey: 'default', Path: '~/.bittensor/wallets/')
[34m2025-01-25 15:23:00.212[39m | [1m[34m     DEBUG      [39m[49m[0m | bittensor:base.py:110 | Subtensor: subtensor(test, wss://test.finney.opentensor.ai:443)
[34m2025-01-25 15:23:00.212[39m | [1m[34m     DEBUG      [39m[49m[0m | bittensor:base.py:111 | Metagraph: metagraph(netuid:40, n:43, block:3751345, network:test)
[34m2025-01-25 15:23:01.441[39m | [1m[31m     ERROR      [39m[49m[0m | bittensor:base.py:44 | Wallet: Wallet (Name: 'default', Hotkey: 'default', Path: '~/.bittensor/wallets/') is not registered on netuid 40. Please register the hotkey using `btcli subnets register` before trying again
[34m2025-01-25 15:23:01.927[39m | [1m[37m      INFO      [39m[49m[0m | bittensor:loggingmachine.py:439 | Debug enabled.
[34m2025-01-25 15:23:02.387[39m | [1m[37m      INFO      [39m[49m[0m | bittensor:base.py:67 | Targon version 404020
[34m2025-01-25 15:23:02.388[39m | [1m[37m      INFO      [39m[49m[0m | bittensor:config.py:51 | Logging path: /Users/tutu/.bittensor/miners/default/default/netuid40/targon
[34m2025-01-25 15:23:02.388[39m | [1m[37m      INFO      [39m[49m[0m | bittensor:loggingmachine.py:426 | Enabling debug.
[34m2025-01-25 15:23:02.388[39m | [1m[37m      INFO      [39m[49m[0m | bittensor:loggingmachine.py:439 | Debug enabled.
[34m2025-01-25 15:23:02.389[39m | [1m[37m      INFO      [39m[49m[0m | bittensor:loggingmachine.py:390 | Enabling info logging.
[34m2025-01-25 15:23:02.389[39m | [1m[37m      INFO      [39m[49m[0m | bittensor:loggingmachine.py:399 | Info enabled.
[34m2025-01-25 15:23:02.390[39m | [1m[37m      INFO      [39m[49m[0m | bittensor:loggingmachine.py:426 | Enabling debug.
[34m2025-01-25 15:23:02.390[39m | [1m[37m      INFO      [39m[49m[0m | bittensor:loggingmachine.py:439 | Debug enabled.
[34m2025-01-25 15:23:22.498[39m | [1m[34m     DEBUG      [39m[49m[0m | bittensor:base.py:109 | Wallet: Wallet (Name: 'default', Hotkey: 'default', Path: '~/.bittensor/wallets/')
[34m2025-01-25 15:23:22.498[39m | [1m[34m     DEBUG      [39m[49m[0m | bittensor:base.py:110 | Subtensor: subtensor(test, wss://test.finney.opentensor.ai:443)
[34m2025-01-25 15:23:22.498[39m | [1m[34m     DEBUG      [39m[49m[0m | bittensor:base.py:111 | Metagraph: metagraph(netuid:40, n:43, block:3751347, network:test)
[34m2025-01-25 15:23:23.457[39m | [1m[31m     ERROR      [39m[49m[0m | bittensor:base.py:44 | Wallet: Wallet (Name: 'default', Hotkey: 'default', Path: '~/.bittensor/wallets/') is not registered on netuid 40. Please register the hotkey using `btcli subnets register` before trying again
[34m2025-01-25 15:23:23.938[39m | [1m[37m      INFO      [39m[49m[0m | bittensor:loggingmachine.py:439 | Debug enabled.
[34m2025-01-25 15:23:24.413[39m | [1m[37m      INFO      [39m[49m[0m | bittensor:base.py:67 | Targon version 404020
[34m2025-01-25 15:23:24.414[39m | [1m[37m      INFO      [39m[49m[0m | bittensor:config.py:51 | Logging path: /Users/tutu/.bittensor/miners/default/default/netuid40/targon
[34m2025-01-25 15:23:24.415[39m | [1m[37m      INFO      [39m[49m[0m | bittensor:loggingmachine.py:426 | Enabling debug.
[34m2025-01-25 15:23:24.415[39m | [1m[37m      INFO      [39m[49m[0m | bittensor:loggingmachine.py:439 | Debug enabled.
[34m2025-01-25 15:23:24.415[39m | [1m[37m      INFO      [39m[49m[0m | bittensor:loggingmachine.py:390 | Enabling info logging.
[34m2025-01-25 15:23:24.416[39m | [1m[37m      INFO      [39m[49m[0m | bittensor:loggingmachine.py:399 | Info enabled.
[34m2025-01-25 15:23:24.416[39m | [1m[37m      INFO      [39m[49m[0m | bittensor:loggingmachine.py:426 | Enabling debug.
[34m2025-01-25 15:23:24.417[39m | [1m[37m      INFO      [39m[49m[0m | bittensor:loggingmachine.py:439 | Debug enabled.
[34m2025-01-25 15:23:44.860[39m | [1m[34m     DEBUG      [39m[49m[0m | bittensor:base.py:109 | Wallet: Wallet (Name: 'default', Hotkey: 'default', Path: '~/.bittensor/wallets/')
[34m2025-01-25 15:23:44.861[39m | [1m[34m     DEBUG      [39m[49m[0m | bittensor:base.py:110 | Subtensor: subtensor(test, wss://test.finney.opentensor.ai:443)
[34m2025-01-25 15:23:44.861[39m | [1m[34m     DEBUG      [39m[49m[0m | bittensor:base.py:111 | Metagraph: metagraph(netuid:40, n:43, block:3751349, network:test)
[34m2025-01-25 15:23:46.088[39m | [1m[31m     ERROR      [39m[49m[0m | bittensor:base.py:44 | Wallet: Wallet (Name: 'default', Hotkey: 'default', Path: '~/.bittensor/wallets/') is not registered on netuid 40. Please register the hotkey using `btcli subnets register` before trying again
[34m2025-01-25 15:23:46.571[39m | [1m[37m      INFO      [39m[49m[0m | bittensor:loggingmachine.py:439 | Debug enabled.
[34m2025-01-25 15:23:47.033[39m | [1m[37m      INFO      [39m[49m[0m | bittensor:base.py:67 | Targon version 404020
[34m2025-01-25 15:23:47.034[39m | [1m[37m      INFO      [39m[49m[0m | bittensor:config.py:51 | Logging path: /Users/tutu/.bittensor/miners/default/default/netuid40/targon
[34m2025-01-25 15:23:47.035[39m | [1m[37m      INFO      [39m[49m[0m | bittensor:loggingmachine.py:426 | Enabling debug.
[34m2025-01-25 15:23:47.035[39m | [1m[37m      INFO      [39m[49m[0m | bittensor:loggingmachine.py:439 | Debug enabled.
[34m2025-01-25 15:23:47.035[39m | [1m[37m      INFO      [39m[49m[0m | bittensor:loggingmachine.py:390 | Enabling info logging.
[34m2025-01-25 15:23:47.036[39m | [1m[37m      INFO      [39m[49m[0m | bittensor:loggingmachine.py:399 | Info enabled.
[34m2025-01-25 15:23:47.036[39m | [1m[37m      INFO      [39m[49m[0m | bittensor:loggingmachine.py:426 | Enabling debug.
[34m2025-01-25 15:23:47.037[39m | [1m[37m      INFO      [39m[49m[0m | bittensor:loggingmachine.py:439 | Debug enabled.
[34m2025-01-25 15:24:02.061[39m | [1m[34m     DEBUG      [39m[49m[0m | bittensor:base.py:109 | Wallet: Wallet (Name: 'default', Hotkey: 'default', Path: '~/.bittensor/wallets/')
[34m2025-01-25 15:24:02.061[39m | [1m[34m     DEBUG      [39m[49m[0m | bittensor:base.py:110 | Subtensor: subtensor(test, wss://test.finney.opentensor.ai:443)
[34m2025-01-25 15:24:02.061[39m | [1m[34m     DEBUG      [39m[49m[0m | bittensor:base.py:111 | Metagraph: metagraph(netuid:40, n:43, block:3751351, network:test)
[34m2025-01-25 15:24:03.193[39m | [1m[31m     ERROR      [39m[49m[0m | bittensor:base.py:44 | Wallet: Wallet (Name: 'default', Hotkey: 'default', Path: '~/.bittensor/wallets/') is not registered on netuid 40. Please register the hotkey using `btcli subnets register` before trying again
[34m2025-01-25 15:24:03.659[39m | [1m[37m      INFO      [39m[49m[0m | bittensor:loggingmachine.py:439 | Debug enabled.
[34m2025-01-25 15:24:04.109[39m | [1m[37m      INFO      [39m[49m[0m | bittensor:base.py:67 | Targon version 404020
[34m2025-01-25 15:24:04.110[39m | [1m[37m      INFO      [39m[49m[0m | bittensor:config.py:51 | Logging path: /Users/tutu/.bittensor/miners/default/default/netuid40/targon
[34m2025-01-25 15:24:04.110[39m | [1m[37m      INFO      [39m[49m[0m | bittensor:loggingmachine.py:426 | Enabling debug.
[34m2025-01-25 15:24:04.111[39m | [1m[37m      INFO      [39m[49m[0m | bittensor:loggingmachine.py:439 | Debug enabled.
[34m2025-01-25 15:24:04.111[39m | [1m[37m      INFO      [39m[49m[0m | bittensor:loggingmachine.py:390 | Enabling info logging.
[34m2025-01-25 15:24:04.112[39m | [1m[37m      INFO      [39m[49m[0m | bittensor:loggingmachine.py:399 | Info enabled.
[34m2025-01-25 15:24:04.112[39m | [1m[37m      INFO      [39m[49m[0m | bittensor:loggingmachine.py:426 | Enabling debug.
[34m2025-01-25 15:24:04.112[39m | [1m[37m      INFO      [39m[49m[0m | bittensor:loggingmachine.py:439 | Debug enabled.
[34m2025-01-25 15:24:29.270[39m | [1m[34m     DEBUG      [39m[49m[0m | bittensor:base.py:109 | Wallet: Wallet (Name: 'default', Hotkey: 'default', Path: '~/.bittensor/wallets/')
[34m2025-01-25 15:24:29.270[39m | [1m[34m     DEBUG      [39m[49m[0m | bittensor:base.py:110 | Subtensor: subtensor(test, wss://test.finney.opentensor.ai:443)
[34m2025-01-25 15:24:29.270[39m | [1m[34m     DEBUG      [39m[49m[0m | bittensor:base.py:111 | Metagraph: metagraph(netuid:40, n:43, block:3751353, network:test)
[34m2025-01-25 15:24:30.788[39m | [1m[31m     ERROR      [39m[49m[0m | bittensor:base.py:44 | Wallet: Wallet (Name: 'default', Hotkey: 'default', Path: '~/.bittensor/wallets/') is not registered on netuid 40. Please register the hotkey using `btcli subnets register` before trying again
[34m2025-01-25 15:24:31.281[39m | [1m[37m      INFO      [39m[49m[0m | bittensor:loggingmachine.py:439 | Debug enabled.
[34m2025-01-25 15:24:31.738[39m | [1m[37m      INFO      [39m[49m[0m | bittensor:base.py:67 | Targon version 404020
[34m2025-01-25 15:24:31.739[39m | [1m[37m      INFO      [39m[49m[0m | bittensor:config.py:51 | Logging path: /Users/tutu/.bittensor/miners/default/default/netuid40/targon
[34m2025-01-25 15:24:31.739[39m | [1m[37m      INFO      [39m[49m[0m | bittensor:loggingmachine.py:426 | Enabling debug.
[34m2025-01-25 15:24:31.739[39m | [1m[37m      INFO      [39m[49m[0m | bittensor:loggingmachine.py:439 | Debug enabled.
[34m2025-01-25 15:24:31.740[39m | [1m[37m      INFO      [39m[49m[0m | bittensor:loggingmachine.py:390 | Enabling info logging.
[34m2025-01-25 15:24:31.740[39m | [1m[37m      INFO      [39m[49m[0m | bittensor:loggingmachine.py:399 | Info enabled.
[34m2025-01-25 15:24:31.741[39m | [1m[37m      INFO      [39m[49m[0m | bittensor:loggingmachine.py:426 | Enabling debug.
[34m2025-01-25 15:24:31.741[39m | [1m[37m      INFO      [39m[49m[0m | bittensor:loggingmachine.py:439 | Debug enabled.
[34m2025-01-25 15:24:52.681[39m | [1m[34m     DEBUG      [39m[49m[0m | bittensor:base.py:109 | Wallet: Wallet (Name: 'default', Hotkey: 'default', Path: '~/.bittensor/wallets/')
[34m2025-01-25 15:24:52.682[39m | [1m[34m     DEBUG      [39m[49m[0m | bittensor:base.py:110 | Subtensor: subtensor(test, wss://test.finney.opentensor.ai:443)
[34m2025-01-25 15:24:52.682[39m | [1m[34m     DEBUG      [39m[49m[0m | bittensor:base.py:111 | Metagraph: metagraph(netuid:40, n:44, block:3751355, network:test)
[34m2025-01-25 15:24:56.189[39m | [1m[37m      INFO      [39m[49m[0m | bittensor:metagraph.py:114 | Block subscription started in background thread.
[34m2025-01-25 15:24:56.190[39m | [1m[37m      INFO      [39m[49m[0m | bittensor:loggingmachine.py:390 | Enabling info logging.
[34m2025-01-25 15:24:56.193[39m | [1m[37m      INFO      [39m[49m[0m | bittensor:loggingmachine.py:399 | Info enabled.
[34m2025-01-25 15:24:56.194[39m | [1m[37m      INFO      [39m[49m[0m | bittensor:miner.py:46 | Successfully Initialized! - 😁
[34m2025-01-25 15:24:56.194[39m | [1m[37m      INFO      [39m[49m[0m | bittensor:miner.py:49 | http://64.21.190.93:3000/v1
[34m2025-01-25 15:24:56.487[39m | [1m[37m      INFO      [39m[49m[0m | bittensor:miner.py:165 | Serving miner endpoint 50.114.59.133:30001 on network: wss://entrypoint-finney.opentensor.ai:443 with netuid: 40
[34m2025-01-25 15:25:15.441[39m | [1m[37m      INFO      [39m[49m[0m | bittensor:utils.py:9 | UID:43 | Block:4782850 | Consensus:0.0 | Stake:0.0 | Trust:0.0 | Incentive:0.0 | Emission:0.0
[34m2025-01-25 15:25:27.376[39m | [1m[37m      INFO      [39m[49m[0m | bittensor:utils.py:9 | UID:43 | Block:4782851 | Consensus:0.0 | Stake:0.0 | Trust:0.0 | Incentive:0.0 | Emission:0.0
[34m2025-01-25 15:25:39.200[39m | [1m[37m      INFO      [39m[49m[0m | bittensor:miner.py:220 | Miner starting at block: 3751359
[34m2025-01-25 15:25:39.278[39m | [1m[37m      INFO      [39m[49m[0m | bittensor:utils.py:9 | UID:43 | Block:4782852 | Consensus:0.0 | Stake:0.0 | Trust:0.0 | Incentive:0.0 | Emission:0.0
[34m2025-01-25 15:25:52.825[39m | [1m[37m      INFO      [39m[49m[0m | bittensor:utils.py:9 | UID:43 | Block:4782853 | Consensus:0.0 | Stake:0.0 | Trust:0.0 | Incentive:0.0 | Emission:0.0
[34m2025-01-25 15:25:59.115[39m | [1m[37m      INFO      [39m[49m[0m | bittensor:loggingmachine.py:439 | Debug enabled.
[34m2025-01-25 15:25:59.572[39m | [1m[37m      INFO      [39m[49m[0m | bittensor:base.py:67 | Targon version 404020
[34m2025-01-25 15:25:59.573[39m | [1m[37m      INFO      [39m[49m[0m | bittensor:config.py:51 | Logging path: /Users/tutu/.bittensor/miners/default/default/netuid40/targon
[34m2025-01-25 15:25:59.573[39m | [1m[37m      INFO      [39m[49m[0m | bittensor:loggingmachine.py:426 | Enabling debug.
[34m2025-01-25 15:25:59.574[39m | [1m[37m      INFO      [39m[49m[0m | bittensor:loggingmachine.py:439 | Debug enabled.
[34m2025-01-25 15:25:59.574[39m | [1m[37m      INFO      [39m[49m[0m | bittensor:loggingmachine.py:390 | Enabling info logging.
[34m2025-01-25 15:25:59.575[39m | [1m[37m      INFO      [39m[49m[0m | bittensor:loggingmachine.py:399 | Info enabled.
[34m2025-01-25 15:25:59.575[39m | [1m[37m      INFO      [39m[49m[0m | bittensor:loggingmachine.py:426 | Enabling debug.
[34m2025-01-25 15:25:59.576[39m | [1m[37m      INFO      [39m[49m[0m | bittensor:loggingmachine.py:439 | Debug enabled.
[34m2025-01-25 15:26:27.234[39m | [1m[34m     DEBUG      [39m[49m[0m | bittensor:base.py:109 | Wallet: Wallet (Name: 'default', Hotkey: 'default', Path: '~/.bittensor/wallets/')
[34m2025-01-25 15:26:27.234[39m | [1m[34m     DEBUG      [39m[49m[0m | bittensor:base.py:110 | Subtensor: subtensor(test, wss://test.finney.opentensor.ai:443)
[34m2025-01-25 15:26:27.234[39m | [1m[34m     DEBUG      [39m[49m[0m | bittensor:base.py:111 | Metagraph: metagraph(netuid:40, n:44, block:3751363, network:test)
[34m2025-01-25 15:26:35.015[39m | [1m[37m      INFO      [39m[49m[0m | bittensor:metagraph.py:114 | Block subscription started in background thread.
[34m2025-01-25 15:26:35.017[39m | [1m[37m      INFO      [39m[49m[0m | bittensor:loggingmachine.py:390 | Enabling info logging.
[34m2025-01-25 15:26:35.020[39m | [1m[37m      INFO      [39m[49m[0m | bittensor:loggingmachine.py:399 | Info enabled.
[34m2025-01-25 15:26:35.021[39m | [1m[37m      INFO      [39m[49m[0m | bittensor:miner.py:46 | Successfully Initialized! - 😁
[34m2025-01-25 15:26:35.021[39m | [1m[37m      INFO      [39m[49m[0m | bittensor:miner.py:49 | http://64.21.190.93:3000/v1
[34m2025-01-25 15:26:35.302[39m | [1m[37m      INFO      [39m[49m[0m | bittensor:miner.py:165 | Serving miner endpoint 50.114.59.133:40001 on network: wss://entrypoint-finney.opentensor.ai:443 with netuid: 40
[34m2025-01-25 15:26:52.970[39m | [1m[37m      INFO      [39m[49m[0m | bittensor:utils.py:9 | UID:43 | Block:4782858 | Consensus:0.0 | Stake:0.0 | Trust:0.0 | Incentive:0.0 | Emission:0.0
[34m2025-01-25 15:27:05.478[39m | [1m[37m      INFO      [39m[49m[0m | bittensor:utils.py:9 | UID:43 | Block:4782859 | Consensus:0.0 | Stake:0.0 | Trust:0.0 | Incentive:0.0 | Emission:0.0
[34m2025-01-25 15:27:16.001[39m | [1m[31m     ERROR      [39m[49m[0m | bittensor:serving.py:184 | Failed: Subtensor returned `ServingRateLimitExceeded(Module)` error. This means: `An axon or prometheus serving exceeded the rate limit for a registered neuron.`.
[34m2025-01-25 15:27:16.001[39m | [1m[31m     ERROR      [39m[49m[0m | bittensor:miner.py:178 | Failed to serve endpoint
[34m2025-01-25 15:27:16.749[39m | [1m[37m      INFO      [39m[49m[0m | bittensor:loggingmachine.py:439 | Debug enabled.
[34m2025-01-25 15:27:17.220[39m | [1m[37m      INFO      [39m[49m[0m | bittensor:base.py:67 | Targon version 404020
[34m2025-01-25 15:27:17.221[39m | [1m[37m      INFO      [39m[49m[0m | bittensor:config.py:51 | Logging path: /Users/tutu/.bittensor/miners/default/default/netuid40/targon
[34m2025-01-25 15:27:17.221[39m | [1m[37m      INFO      [39m[49m[0m | bittensor:loggingmachine.py:426 | Enabling debug.
[34m2025-01-25 15:27:17.222[39m | [1m[37m      INFO      [39m[49m[0m | bittensor:loggingmachine.py:439 | Debug enabled.
[34m2025-01-25 15:27:17.222[39m | [1m[37m      INFO      [39m[49m[0m | bittensor:loggingmachine.py:390 | Enabling info logging.
[34m2025-01-25 15:27:17.223[39m | [1m[37m      INFO      [39m[49m[0m | bittensor:loggingmachine.py:399 | Info enabled.
[34m2025-01-25 15:27:17.223[39m | [1m[37m      INFO      [39m[49m[0m | bittensor:loggingmachine.py:426 | Enabling debug.
[34m2025-01-25 15:27:17.224[39m | [1m[37m      INFO      [39m[49m[0m | bittensor:loggingmachine.py:439 | Debug enabled.
[34m2025-01-25 15:27:26.448[39m | [1m[34m     DEBUG      [39m[49m[0m | bittensor:base.py:109 | Wallet: Wallet (Name: 'default', Hotkey: 'default', Path: '~/.bittensor/wallets/')
[34m2025-01-25 15:27:26.448[39m | [1m[34m     DEBUG      [39m[49m[0m | bittensor:base.py:110 | Subtensor: subtensor(test, wss://test.finney.opentensor.ai:443)
[34m2025-01-25 15:27:26.449[39m | [1m[34m     DEBUG      [39m[49m[0m | bittensor:base.py:111 | Metagraph: metagraph(netuid:40, n:44, block:3751368, network:test)
[34m2025-01-25 15:27:28.877[39m | [1m[37m      INFO      [39m[49m[0m | bittensor:metagraph.py:114 | Block subscription started in background thread.
[34m2025-01-25 15:27:28.879[39m | [1m[37m      INFO      [39m[49m[0m | bittensor:loggingmachine.py:390 | Enabling info logging.
[34m2025-01-25 15:27:28.883[39m | [1m[37m      INFO      [39m[49m[0m | bittensor:loggingmachine.py:399 | Info enabled.
[34m2025-01-25 15:27:28.883[39m | [1m[37m      INFO      [39m[49m[0m | bittensor:miner.py:46 | Successfully Initialized! - 😁
[34m2025-01-25 15:27:28.883[39m | [1m[37m      INFO      [39m[49m[0m | bittensor:miner.py:49 | http://64.21.190.93:3000/v1
[34m2025-01-25 15:27:29.162[39m | [1m[37m      INFO      [39m[49m[0m | bittensor:miner.py:165 | Serving miner endpoint 50.114.59.133:40001 on network: wss://entrypoint-finney.opentensor.ai:443 with netuid: 40
[34m2025-01-25 15:27:54.230[39m | [1m[37m      INFO      [39m[49m[0m | bittensor:utils.py:9 | UID:43 | Block:4782863 | Consensus:0.0 | Stake:0.0 | Trust:0.0 | Incentive:0.0 | Emission:0.0
[34m2025-01-25 15:28:02.955[39m | [1m[31m     ERROR      [39m[49m[0m | bittensor:serving.py:184 | Failed: Subtensor returned `ServingRateLimitExceeded(Module)` error. This means: `An axon or prometheus serving exceeded the rate limit for a registered neuron.`.
[34m2025-01-25 15:28:02.955[39m | [1m[31m     ERROR      [39m[49m[0m | bittensor:miner.py:178 | Failed to serve endpoint
[34m2025-01-25 15:28:03.700[39m | [1m[37m      INFO      [39m[49m[0m | bittensor:loggingmachine.py:439 | Debug enabled.
[34m2025-01-25 15:28:04.157[39m | [1m[37m      INFO      [39m[49m[0m | bittensor:base.py:67 | Targon version 404020
[34m2025-01-25 15:28:04.158[39m | [1m[37m      INFO      [39m[49m[0m | bittensor:config.py:51 | Logging path: /Users/tutu/.bittensor/miners/default/default/netuid40/targon
[34m2025-01-25 15:28:04.159[39m | [1m[37m      INFO      [39m[49m[0m | bittensor:loggingmachine.py:426 | Enabling debug.
[34m2025-01-25 15:28:04.159[39m | [1m[37m      INFO      [39m[49m[0m | bittensor:loggingmachine.py:439 | Debug enabled.
[34m2025-01-25 15:28:04.159[39m | [1m[37m      INFO      [39m[49m[0m | bittensor:loggingmachine.py:390 | Enabling info logging.
[34m2025-01-25 15:28:04.160[39m | [1m[37m      INFO      [39m[49m[0m | bittensor:loggingmachine.py:399 | Info enabled.
[34m2025-01-25 15:28:04.160[39m | [1m[37m      INFO      [39m[49m[0m | bittensor:loggingmachine.py:426 | Enabling debug.
[34m2025-01-25 15:28:04.161[39m | [1m[37m      INFO      [39m[49m[0m | bittensor:loggingmachine.py:439 | Debug enabled.
[34m2025-01-25 15:28:14.780[39m | [1m[34m     DEBUG      [39m[49m[0m | bittensor:base.py:109 | Wallet: Wallet (Name: 'default', Hotkey: 'default', Path: '~/.bittensor/wallets/')
[34m2025-01-25 15:28:14.780[39m | [1m[34m     DEBUG      [39m[49m[0m | bittensor:base.py:110 | Subtensor: subtensor(test, wss://test.finney.opentensor.ai:443)
[34m2025-01-25 15:28:14.781[39m | [1m[34m     DEBUG      [39m[49m[0m | bittensor:base.py:111 | Metagraph: metagraph(netuid:40, n:44, block:3751372, network:test)
[34m2025-01-25 15:28:16.758[39m | [1m[37m      INFO      [39m[49m[0m | bittensor:metagraph.py:114 | Block subscription started in background thread.
[34m2025-01-25 15:28:16.759[39m | [1m[37m      INFO      [39m[49m[0m | bittensor:loggingmachine.py:390 | Enabling info logging.
[34m2025-01-25 15:28:16.761[39m | [1m[37m      INFO      [39m[49m[0m | bittensor:loggingmachine.py:399 | Info enabled.
[34m2025-01-25 15:28:16.762[39m | [1m[37m      INFO      [39m[49m[0m | bittensor:miner.py:46 | Successfully Initialized! - 😁
[34m2025-01-25 15:28:16.762[39m | [1m[37m      INFO      [39m[49m[0m | bittensor:miner.py:49 | http://64.21.190.93:3000/v1
[34m2025-01-25 15:28:17.052[39m | [1m[37m      INFO      [39m[49m[0m | bittensor:miner.py:165 | Serving miner endpoint 50.114.59.133:40001 on network: wss://entrypoint-finney.opentensor.ai:443 with netuid: 40
[34m2025-01-25 15:28:27.516[39m | [1m[37m      INFO      [39m[49m[0m | bittensor:utils.py:9 | UID:43 | Block:4782866 | Consensus:0.0 | Stake:0.0 | Trust:0.0 | Incentive:0.0 | Emission:0.0
[34m2025-01-25 15:28:40.382[39m | [1m[37m      INFO      [39m[49m[0m | bittensor:utils.py:9 | UID:43 | Block:4782867 | Consensus:0.0 | Stake:0.0 | Trust:0.0 | Incentive:0.0 | Emission:0.0
[34m2025-01-25 15:28:51.175[39m | [1m[31m     ERROR      [39m[49m[0m | bittensor:serving.py:184 | Failed: Subtensor returned `ServingRateLimitExceeded(Module)` error. This means: `An axon or prometheus serving exceeded the rate limit for a registered neuron.`.
[34m2025-01-25 15:28:51.176[39m | [1m[31m     ERROR      [39m[49m[0m | bittensor:miner.py:178 | Failed to serve endpoint
[34m2025-01-25 15:28:51.957[39m | [1m[37m      INFO      [39m[49m[0m | bittensor:loggingmachine.py:439 | Debug enabled.
[34m2025-01-25 15:28:52.440[39m | [1m[37m      INFO      [39m[49m[0m | bittensor:base.py:67 | Targon version 404020
[34m2025-01-25 15:28:52.441[39m | [1m[37m      INFO      [39m[49m[0m | bittensor:config.py:51 | Logging path: /Users/tutu/.bittensor/miners/default/default/netuid40/targon
[34m2025-01-25 15:28:52.441[39m | [1m[37m      INFO      [39m[49m[0m | bittensor:loggingmachine.py:426 | Enabling debug.
[34m2025-01-25 15:28:52.442[39m | [1m[37m      INFO      [39m[49m[0m | bittensor:loggingmachine.py:439 | Debug enabled.
[34m2025-01-25 15:28:52.442[39m | [1m[37m      INFO      [39m[49m[0m | bittensor:loggingmachine.py:390 | Enabling info logging.
[34m2025-01-25 15:28:52.443[39m | [1m[37m      INFO      [39m[49m[0m | bittensor:loggingmachine.py:399 | Info enabled.
[34m2025-01-25 15:28:52.443[39m | [1m[37m      INFO      [39m[49m[0m | bittensor:loggingmachine.py:426 | Enabling debug.
[34m2025-01-25 15:28:52.444[39m | [1m[37m      INFO      [39m[49m[0m | bittensor:loggingmachine.py:439 | Debug enabled.
[34m2025-01-25 15:29:13.767[39m | [1m[34m     DEBUG      [39m[49m[0m | bittensor:base.py:109 | Wallet: Wallet (Name: 'default', Hotkey: 'default', Path: '~/.bittensor/wallets/')
[34m2025-01-25 15:29:13.767[39m | [1m[34m     DEBUG      [39m[49m[0m | bittensor:base.py:110 | Subtensor: subtensor(test, wss://test.finney.opentensor.ai:443)
[34m2025-01-25 15:29:13.767[39m | [1m[34m     DEBUG      [39m[49m[0m | bittensor:base.py:111 | Metagraph: metagraph(netuid:40, n:44, block:3751377, network:test)
[34m2025-01-25 15:29:16.123[39m | [1m[37m      INFO      [39m[49m[0m | bittensor:metagraph.py:114 | Block subscription started in background thread.
[34m2025-01-25 15:29:16.124[39m | [1m[37m      INFO      [39m[49m[0m | bittensor:loggingmachine.py:390 | Enabling info logging.
[34m2025-01-25 15:29:16.131[39m | [1m[37m      INFO      [39m[49m[0m | bittensor:loggingmachine.py:399 | Info enabled.
[34m2025-01-25 15:29:16.131[39m | [1m[37m      INFO      [39m[49m[0m | bittensor:miner.py:46 | Successfully Initialized! - 😁
[34m2025-01-25 15:29:16.131[39m | [1m[37m      INFO      [39m[49m[0m | bittensor:miner.py:49 | http://64.21.190.93:3000/v1
[34m2025-01-25 15:29:16.421[39m | [1m[37m      INFO      [39m[49m[0m | bittensor:miner.py:165 | Serving miner endpoint 50.114.59.133:40001 on network: wss://entrypoint-finney.opentensor.ai:443 with netuid: 40
[34m2025-01-25 15:29:28.845[39m | [1m[37m      INFO      [39m[49m[0m | bittensor:utils.py:9 | UID:43 | Block:4782871 | Consensus:0.0 | Stake:0.0 | Trust:0.0 | Incentive:0.0 | Emission:0.0
[34m2025-01-25 15:29:40.145[39m | [1m[37m      INFO      [39m[49m[0m | bittensor:utils.py:9 | UID:43 | Block:4782872 | Consensus:0.0 | Stake:0.0 | Trust:0.0 | Incentive:0.0 | Emission:0.0
[34m2025-01-25 15:29:51.992[39m | [1m[37m      INFO      [39m[49m[0m | bittensor:utils.py:9 | UID:43 | Block:4782873 | Consensus:0.0 | Stake:0.0 | Trust:0.0 | Incentive:0.0 | Emission:0.0
[34m2025-01-25 15:29:52.391[39m | [1m[31m     ERROR      [39m[49m[0m | bittensor:serving.py:184 | Failed: Subtensor returned `ServingRateLimitExceeded(Module)` error. This means: `An axon or prometheus serving exceeded the rate limit for a registered neuron.`.
[34m2025-01-25 15:29:52.391[39m | [1m[31m     ERROR      [39m[49m[0m | bittensor:miner.py:178 | Failed to serve endpoint
[34m2025-01-25 15:29:53.179[39m | [1m[37m      INFO      [39m[49m[0m | bittensor:loggingmachine.py:439 | Debug enabled.
[34m2025-01-25 15:29:53.639[39m | [1m[37m      INFO      [39m[49m[0m | bittensor:base.py:67 | Targon version 404020
[34m2025-01-25 15:29:53.640[39m | [1m[37m      INFO      [39m[49m[0m | bittensor:config.py:51 | Logging path: /Users/tutu/.bittensor/miners/default/default/netuid40/targon
[34m2025-01-25 15:29:53.641[39m | [1m[37m      INFO      [39m[49m[0m | bittensor:loggingmachine.py:426 | Enabling debug.
[34m2025-01-25 15:29:53.641[39m | [1m[37m      INFO      [39m[49m[0m | bittensor:loggingmachine.py:439 | Debug enabled.
[34m2025-01-25 15:29:53.642[39m | [1m[37m      INFO      [39m[49m[0m | bittensor:loggingmachine.py:390 | Enabling info logging.
[34m2025-01-25 15:29:53.642[39m | [1m[37m      INFO      [39m[49m[0m | bittensor:loggingmachine.py:399 | Info enabled.
[34m2025-01-25 15:29:53.642[39m | [1m[37m      INFO      [39m[49m[0m | bittensor:loggingmachine.py:426 | Enabling debug.
[34m2025-01-25 15:29:53.643[39m | [1m[37m      INFO      [39m[49m[0m | bittensor:loggingmachine.py:439 | Debug enabled.
[34m2025-01-25 15:30:02.409[39m | [1m[34m     DEBUG      [39m[49m[0m | bittensor:base.py:109 | Wallet: Wallet (Name: 'default', Hotkey: 'default', Path: '~/.bittensor/wallets/')
[34m2025-01-25 15:30:02.409[39m | [1m[34m     DEBUG      [39m[49m[0m | bittensor:base.py:110 | Subtensor: subtensor(test, wss://test.finney.opentensor.ai:443)
[34m2025-01-25 15:30:02.409[39m | [1m[34m     DEBUG      [39m[49m[0m | bittensor:base.py:111 | Metagraph: metagraph(netuid:40, n:44, block:3751381, network:test)
[34m2025-01-25 15:30:08.109[39m | [1m[37m      INFO      [39m[49m[0m | bittensor:metagraph.py:114 | Block subscription started in background thread.
[34m2025-01-25 15:30:08.111[39m | [1m[37m      INFO      [39m[49m[0m | bittensor:loggingmachine.py:390 | Enabling info logging.
[34m2025-01-25 15:30:08.115[39m | [1m[37m      INFO      [39m[49m[0m | bittensor:loggingmachine.py:399 | Info enabled.
[34m2025-01-25 15:30:08.115[39m | [1m[37m      INFO      [39m[49m[0m | bittensor:miner.py:46 | Successfully Initialized! - 😁
[34m2025-01-25 15:30:08.115[39m | [1m[37m      INFO      [39m[49m[0m | bittensor:miner.py:49 | http://64.21.190.93:3000/v1
[34m2025-01-25 15:30:08.425[39m | [1m[37m      INFO      [39m[49m[0m | bittensor:miner.py:165 | Serving miner endpoint 50.114.59.133:40001 on network: wss://entrypoint-finney.opentensor.ai:443 with netuid: 40
[34m2025-01-25 15:30:29.914[39m | [1m[37m      INFO      [39m[49m[0m | bittensor:utils.py:9 | UID:43 | Block:4782876 | Consensus:0.0 | Stake:0.0 | Trust:0.0 | Incentive:0.0 | Emission:0.0
[34m2025-01-25 15:30:41.246[39m | [1m[37m      INFO      [39m[49m[0m | bittensor:utils.py:9 | UID:43 | Block:4782877 | Consensus:0.0 | Stake:0.0 | Trust:0.0 | Incentive:0.0 | Emission:0.0
[34m2025-01-25 15:30:50.982[39m | [1m[31m     ERROR      [39m[49m[0m | bittensor:serving.py:184 | Failed: Subtensor returned `ServingRateLimitExceeded(Module)` error. This means: `An axon or prometheus serving exceeded the rate limit for a registered neuron.`.
[34m2025-01-25 15:30:50.982[39m | [1m[31m     ERROR      [39m[49m[0m | bittensor:miner.py:178 | Failed to serve endpoint
[34m2025-01-25 15:30:51.789[39m | [1m[37m      INFO      [39m[49m[0m | bittensor:loggingmachine.py:439 | Debug enabled.
[34m2025-01-25 15:30:52.257[39m | [1m[37m      INFO      [39m[49m[0m | bittensor:base.py:67 | Targon version 404020
[34m2025-01-25 15:30:52.259[39m | [1m[37m      INFO      [39m[49m[0m | bittensor:config.py:51 | Logging path: /Users/tutu/.bittensor/miners/default/default/netuid40/targon
[34m2025-01-25 15:30:52.259[39m | [1m[37m      INFO      [39m[49m[0m | bittensor:loggingmachine.py:426 | Enabling debug.
[34m2025-01-25 15:30:52.259[39m | [1m[37m      INFO      [39m[49m[0m | bittensor:loggingmachine.py:439 | Debug enabled.
[34m2025-01-25 15:30:52.260[39m | [1m[37m      INFO      [39m[49m[0m | bittensor:loggingmachine.py:390 | Enabling info logging.
[34m2025-01-25 15:30:52.260[39m | [1m[37m      INFO      [39m[49m[0m | bittensor:loggingmachine.py:399 | Info enabled.
[34m2025-01-25 15:30:52.260[39m | [1m[37m      INFO      [39m[49m[0m | bittensor:loggingmachine.py:426 | Enabling debug.
[34m2025-01-25 15:30:52.261[39m | [1m[37m      INFO      [39m[49m[0m | bittensor:loggingmachine.py:439 | Debug enabled.
[34m2025-01-25 15:31:08.475[39m | [1m[34m     DEBUG      [39m[49m[0m | bittensor:base.py:109 | Wallet: Wallet (Name: 'default', Hotkey: 'default', Path: '~/.bittensor/wallets/')
[34m2025-01-25 15:31:08.475[39m | [1m[34m     DEBUG      [39m[49m[0m | bittensor:base.py:110 | Subtensor: subtensor(test, wss://test.finney.opentensor.ai:443)
[34m2025-01-25 15:31:08.475[39m | [1m[34m     DEBUG      [39m[49m[0m | bittensor:base.py:111 | Metagraph: metagraph(netuid:40, n:44, block:3751386, network:test)
[34m2025-01-25 15:31:11.038[39m | [1m[37m      INFO      [39m[49m[0m | bittensor:metagraph.py:114 | Block subscription started in background thread.
[34m2025-01-25 15:31:11.039[39m | [1m[37m      INFO      [39m[49m[0m | bittensor:loggingmachine.py:390 | Enabling info logging.
[34m2025-01-25 15:31:11.042[39m | [1m[37m      INFO      [39m[49m[0m | bittensor:loggingmachine.py:399 | Info enabled.
[34m2025-01-25 15:31:11.043[39m | [1m[37m      INFO      [39m[49m[0m | bittensor:miner.py:46 | Successfully Initialized! - 😁
[34m2025-01-25 15:31:11.043[39m | [1m[37m      INFO      [39m[49m[0m | bittensor:miner.py:49 | http://64.21.190.93:3000/v1
[34m2025-01-25 15:31:11.407[39m | [1m[37m      INFO      [39m[49m[0m | bittensor:miner.py:165 | Serving miner endpoint 50.114.59.133:40001 on network: wss://entrypoint-finney.opentensor.ai:443 with netuid: 40
[34m2025-01-25 15:31:29.236[39m | [1m[37m      INFO      [39m[49m[0m | bittensor:utils.py:9 | UID:43 | Block:4782881 | Consensus:0.0 | Stake:0.0 | Trust:0.0 | Incentive:0.0 | Emission:0.0
[34m2025-01-25 15:31:41.129[39m | [1m[37m      INFO      [39m[49m[0m | bittensor:utils.py:9 | UID:43 | Block:4782882 | Consensus:0.0 | Stake:0.0 | Trust:0.0 | Incentive:0.0 | Emission:0.0
[34m2025-01-25 15:31:51.545[39m | [1m[37m      INFO      [39m[49m[0m | bittensor:utils.py:9 | UID:43 | Block:4782883 | Consensus:0.0 | Stake:0.0 | Trust:0.0 | Incentive:0.0 | Emission:0.0
[34m2025-01-25 15:31:51.897[39m | [1m[31m     ERROR      [39m[49m[0m | bittensor:serving.py:184 | Failed: Subtensor returned `ServingRateLimitExceeded(Module)` error. This means: `An axon or prometheus serving exceeded the rate limit for a registered neuron.`.
[34m2025-01-25 15:31:51.898[39m | [1m[31m     ERROR      [39m[49m[0m | bittensor:miner.py:178 | Failed to serve endpoint
[34m2025-01-25 15:31:52.679[39m | [1m[37m      INFO      [39m[49m[0m | bittensor:loggingmachine.py:439 | Debug enabled.
[34m2025-01-25 15:31:53.150[39m | [1m[37m      INFO      [39m[49m[0m | bittensor:base.py:67 | Targon version 404020
[34m2025-01-25 15:31:53.151[39m | [1m[37m      INFO      [39m[49m[0m | bittensor:config.py:51 | Logging path: /Users/tutu/.bittensor/miners/default/default/netuid40/targon
[34m2025-01-25 15:31:53.151[39m | [1m[37m      INFO      [39m[49m[0m | bittensor:loggingmachine.py:426 | Enabling debug.
[34m2025-01-25 15:31:53.152[39m | [1m[37m      INFO      [39m[49m[0m | bittensor:loggingmachine.py:439 | Debug enabled.
[34m2025-01-25 15:31:53.152[39m | [1m[37m      INFO      [39m[49m[0m | bittensor:loggingmachine.py:390 | Enabling info logging.
[34m2025-01-25 15:31:53.153[39m | [1m[37m      INFO      [39m[49m[0m | bittensor:loggingmachine.py:399 | Info enabled.
[34m2025-01-25 15:31:53.153[39m | [1m[37m      INFO      [39m[49m[0m | bittensor:loggingmachine.py:426 | Enabling debug.
[34m2025-01-25 15:31:53.154[39m | [1m[37m      INFO      [39m[49m[0m | bittensor:loggingmachine.py:439 | Debug enabled.
[34m2025-01-25 15:32:17.267[39m | [1m[34m     DEBUG      [39m[49m[0m | bittensor:base.py:109 | Wallet: Wallet (Name: 'default', Hotkey: 'default', Path: '~/.bittensor/wallets/')
[34m2025-01-25 15:32:17.268[39m | [1m[34m     DEBUG      [39m[49m[0m | bittensor:base.py:110 | Subtensor: subtensor(test, wss://test.finney.opentensor.ai:443)
[34m2025-01-25 15:32:17.268[39m | [1m[34m     DEBUG      [39m[49m[0m | bittensor:base.py:111 | Metagraph: metagraph(netuid:40, n:44, block:3751392, network:test)
[34m2025-01-25 15:32:24.700[39m | [1m[37m      INFO      [39m[49m[0m | bittensor:metagraph.py:114 | Block subscription started in background thread.
[34m2025-01-25 15:32:24.700[39m | [1m[37m      INFO      [39m[49m[0m | bittensor:loggingmachine.py:390 | Enabling info logging.
[34m2025-01-25 15:32:24.701[39m | [1m[37m      INFO      [39m[49m[0m | bittensor:loggingmachine.py:399 | Info enabled.
[34m2025-01-25 15:32:24.702[39m | [1m[37m      INFO      [39m[49m[0m | bittensor:miner.py:46 | Successfully Initialized! - 😁
[34m2025-01-25 15:32:24.702[39m | [1m[37m      INFO      [39m[49m[0m | bittensor:miner.py:49 | http://64.21.190.93:3000/v1
[34m2025-01-25 15:32:24.998[39m | [1m[37m      INFO      [39m[49m[0m | bittensor:miner.py:165 | Serving miner endpoint 50.114.59.133:40001 on network: wss://entrypoint-finney.opentensor.ai:443 with netuid: 40
[34m2025-01-25 15:32:39.522[39m | [1m[37m      INFO      [39m[49m[0m | bittensor:utils.py:9 | UID:43 | Block:4782887 | Consensus:0.0 | Stake:0.0 | Trust:0.0 | Incentive:0.0 | Emission:0.0
[34m2025-01-25 15:32:51.179[39m | [1m[37m      INFO      [39m[49m[0m | bittensor:utils.py:9 | UID:43 | Block:4782888 | Consensus:0.0 | Stake:0.0 | Trust:0.0 | Incentive:0.0 | Emission:0.0
[34m2025-01-25 15:33:03.061[39m | [1m[37m      INFO      [39m[49m[0m | bittensor:utils.py:9 | UID:43 | Block:4782889 | Consensus:0.0 | Stake:0.0 | Trust:0.0 | Incentive:0.0 | Emission:0.0
[34m2025-01-25 15:33:04.377[39m | [1m[31m     ERROR      [39m[49m[0m | bittensor:serving.py:184 | Failed: Subtensor returned `ServingRateLimitExceeded(Module)` error. This means: `An axon or prometheus serving exceeded the rate limit for a registered neuron.`.
[34m2025-01-25 15:33:04.378[39m | [1m[31m     ERROR      [39m[49m[0m | bittensor:miner.py:178 | Failed to serve endpoint
[34m2025-01-25 15:33:05.172[39m | [1m[37m      INFO      [39m[49m[0m | bittensor:loggingmachine.py:439 | Debug enabled.
[34m2025-01-25 15:33:05.664[39m | [1m[37m      INFO      [39m[49m[0m | bittensor:base.py:67 | Targon version 404020
[34m2025-01-25 15:33:05.665[39m | [1m[37m      INFO      [39m[49m[0m | bittensor:config.py:51 | Logging path: /Users/tutu/.bittensor/miners/default/default/netuid40/targon
[34m2025-01-25 15:33:05.666[39m | [1m[37m      INFO      [39m[49m[0m | bittensor:loggingmachine.py:426 | Enabling debug.
[34m2025-01-25 15:33:05.666[39m | [1m[37m      INFO      [39m[49m[0m | bittensor:loggingmachine.py:439 | Debug enabled.
[34m2025-01-25 15:33:05.667[39m | [1m[37m      INFO      [39m[49m[0m | bittensor:loggingmachine.py:390 | Enabling info logging.
[34m2025-01-25 15:33:05.667[39m | [1m[37m      INFO      [39m[49m[0m | bittensor:loggingmachine.py:399 | Info enabled.
[34m2025-01-25 15:33:05.668[39m | [1m[37m      INFO      [39m[49m[0m | bittensor:loggingmachine.py:426 | Enabling debug.
[34m2025-01-25 15:33:05.668[39m | [1m[37m      INFO      [39m[49m[0m | bittensor:loggingmachine.py:439 | Debug enabled.
[34m2025-01-25 15:33:28.912[39m | [1m[34m     DEBUG      [39m[49m[0m | bittensor:base.py:109 | Wallet: Wallet (Name: 'default', Hotkey: 'default', Path: '~/.bittensor/wallets/')
[34m2025-01-25 15:33:28.913[39m | [1m[34m     DEBUG      [39m[49m[0m | bittensor:base.py:110 | Subtensor: subtensor(test, wss://test.finney.opentensor.ai:443)
[34m2025-01-25 15:33:28.913[39m | [1m[34m     DEBUG      [39m[49m[0m | bittensor:base.py:111 | Metagraph: metagraph(netuid:40, n:44, block:3751398, network:test)
[34m2025-01-25 15:33:31.155[39m | [1m[37m      INFO      [39m[49m[0m | bittensor:metagraph.py:114 | Block subscription started in background thread.
[34m2025-01-25 15:33:31.156[39m | [1m[37m      INFO      [39m[49m[0m | bittensor:loggingmachine.py:390 | Enabling info logging.
[34m2025-01-25 15:33:31.160[39m | [1m[37m      INFO      [39m[49m[0m | bittensor:loggingmachine.py:399 | Info enabled.
[34m2025-01-25 15:33:31.160[39m | [1m[37m      INFO      [39m[49m[0m | bittensor:miner.py:46 | Successfully Initialized! - 😁
[34m2025-01-25 15:33:31.160[39m | [1m[37m      INFO      [39m[49m[0m | bittensor:miner.py:49 | http://64.21.190.93:3000/v1
[34m2025-01-25 15:33:31.476[39m | [1m[37m      INFO      [39m[49m[0m | bittensor:miner.py:165 | Serving miner endpoint 50.114.59.133:40001 on network: wss://entrypoint-finney.opentensor.ai:443 with netuid: 40
[34m2025-01-25 15:33:52.210[39m | [1m[37m      INFO      [39m[49m[0m | bittensor:utils.py:9 | UID:43 | Block:4782893 | Consensus:0.0 | Stake:0.0 | Trust:0.0 | Incentive:0.0 | Emission:0.0
[34m2025-01-25 15:34:03.420[39m | [1m[37m      INFO      [39m[49m[0m | bittensor:utils.py:9 | UID:43 | Block:4782894 | Consensus:0.0 | Stake:0.0 | Trust:0.0 | Incentive:0.0 | Emission:0.0
[34m2025-01-25 15:34:03.505[39m | [1m[31m     ERROR      [39m[49m[0m | bittensor:serving.py:184 | Failed: Subtensor returned `ServingRateLimitExceeded(Module)` error. This means: `An axon or prometheus serving exceeded the rate limit for a registered neuron.`.
[34m2025-01-25 15:34:03.506[39m | [1m[31m     ERROR      [39m[49m[0m | bittensor:miner.py:178 | Failed to serve endpoint
[34m2025-01-25 15:34:04.286[39m | [1m[37m      INFO      [39m[49m[0m | bittensor:loggingmachine.py:439 | Debug enabled.
[34m2025-01-25 15:34:04.759[39m | [1m[37m      INFO      [39m[49m[0m | bittensor:base.py:67 | Targon version 404020
[34m2025-01-25 15:34:04.760[39m | [1m[37m      INFO      [39m[49m[0m | bittensor:config.py:51 | Logging path: /Users/tutu/.bittensor/miners/default/default/netuid40/targon
[34m2025-01-25 15:34:04.760[39m | [1m[37m      INFO      [39m[49m[0m | bittensor:loggingmachine.py:426 | Enabling debug.
[34m2025-01-25 15:34:04.761[39m | [1m[37m      INFO      [39m[49m[0m | bittensor:loggingmachine.py:439 | Debug enabled.
[34m2025-01-25 15:34:04.761[39m | [1m[37m      INFO      [39m[49m[0m | bittensor:loggingmachine.py:390 | Enabling info logging.
[34m2025-01-25 15:34:04.762[39m | [1m[37m      INFO      [39m[49m[0m | bittensor:loggingmachine.py:399 | Info enabled.
[34m2025-01-25 15:34:04.762[39m | [1m[37m      INFO      [39m[49m[0m | bittensor:loggingmachine.py:426 | Enabling debug.
[34m2025-01-25 15:34:04.763[39m | [1m[37m      INFO      [39m[49m[0m | bittensor:loggingmachine.py:439 | Debug enabled.
[34m2025-01-25 15:34:28.340[39m | [1m[34m     DEBUG      [39m[49m[0m | bittensor:base.py:109 | Wallet: Wallet (Name: 'default', Hotkey: 'default', Path: '~/.bittensor/wallets/')
[34m2025-01-25 15:34:28.341[39m | [1m[34m     DEBUG      [39m[49m[0m | bittensor:base.py:110 | Subtensor: subtensor(test, wss://test.finney.opentensor.ai:443)
[34m2025-01-25 15:34:28.341[39m | [1m[34m     DEBUG      [39m[49m[0m | bittensor:base.py:111 | Metagraph: metagraph(netuid:40, n:44, block:3751403, network:test)
[34m2025-01-25 15:34:35.611[39m | [1m[37m      INFO      [39m[49m[0m | bittensor:metagraph.py:114 | Block subscription started in background thread.
[34m2025-01-25 15:34:35.613[39m | [1m[37m      INFO      [39m[49m[0m | bittensor:loggingmachine.py:390 | Enabling info logging.
[34m2025-01-25 15:34:35.616[39m | [1m[37m      INFO      [39m[49m[0m | bittensor:loggingmachine.py:399 | Info enabled.
[34m2025-01-25 15:34:35.616[39m | [1m[37m      INFO      [39m[49m[0m | bittensor:miner.py:46 | Successfully Initialized! - 😁
[34m2025-01-25 15:34:35.616[39m | [1m[37m      INFO      [39m[49m[0m | bittensor:miner.py:49 | http://64.21.190.93:3000/v1
[34m2025-01-25 15:34:35.911[39m | [1m[37m      INFO      [39m[49m[0m | bittensor:miner.py:165 | Serving miner endpoint 50.114.59.133:40001 on network: wss://entrypoint-finney.opentensor.ai:443 with netuid: 40
[34m2025-01-25 15:34:51.263[39m | [1m[37m      INFO      [39m[49m[0m | bittensor:utils.py:9 | UID:43 | Block:4782898 | Consensus:0.0 | Stake:0.0 | Trust:0.0 | Incentive:0.0 | Emission:0.0
[34m2025-01-25 15:35:03.300[39m | [1m[37m      INFO      [39m[49m[0m | bittensor:utils.py:9 | UID:43 | Block:4782899 | Consensus:0.0 | Stake:0.0 | Trust:0.0 | Incentive:0.0 | Emission:0.0
[34m2025-01-25 15:35:14.977[39m | [1m[37m      INFO      [39m[49m[0m | bittensor:utils.py:9 | UID:43 | Block:4782900 | Consensus:0.0 | Stake:0.0 | Trust:0.0 | Incentive:0.0 | Emission:0.0
[34m2025-01-25 15:35:16.270[39m | [1m[31m     ERROR      [39m[49m[0m | bittensor:serving.py:184 | Failed: Subtensor returned `ServingRateLimitExceeded(Module)` error. This means: `An axon or prometheus serving exceeded the rate limit for a registered neuron.`.
[34m2025-01-25 15:35:16.271[39m | [1m[31m     ERROR      [39m[49m[0m | bittensor:miner.py:178 | Failed to serve endpoint
[34m2025-01-25 15:35:17.044[39m | [1m[37m      INFO      [39m[49m[0m | bittensor:loggingmachine.py:439 | Debug enabled.
[34m2025-01-25 15:35:17.502[39m | [1m[37m      INFO      [39m[49m[0m | bittensor:base.py:67 | Targon version 404020
[34m2025-01-25 15:35:17.503[39m | [1m[37m      INFO      [39m[49m[0m | bittensor:config.py:51 | Logging path: /Users/tutu/.bittensor/miners/default/default/netuid40/targon
[34m2025-01-25 15:35:17.504[39m | [1m[37m      INFO      [39m[49m[0m | bittensor:loggingmachine.py:426 | Enabling debug.
[34m2025-01-25 15:35:17.504[39m | [1m[37m      INFO      [39m[49m[0m | bittensor:loggingmachine.py:439 | Debug enabled.
[34m2025-01-25 15:35:17.504[39m | [1m[37m      INFO      [39m[49m[0m | bittensor:loggingmachine.py:390 | Enabling info logging.
[34m2025-01-25 15:35:17.505[39m | [1m[37m      INFO      [39m[49m[0m | bittensor:loggingmachine.py:399 | Info enabled.
[34m2025-01-25 15:35:17.505[39m | [1m[37m      INFO      [39m[49m[0m | bittensor:loggingmachine.py:426 | Enabling debug.
[34m2025-01-25 15:35:17.506[39m | [1m[37m      INFO      [39m[49m[0m | bittensor:loggingmachine.py:439 | Debug enabled.
[34m2025-01-25 15:35:34.490[39m | [1m[34m     DEBUG      [39m[49m[0m | bittensor:base.py:109 | Wallet: Wallet (Name: 'default', Hotkey: 'default', Path: '~/.bittensor/wallets/')
[34m2025-01-25 15:35:34.491[39m | [1m[34m     DEBUG      [39m[49m[0m | bittensor:base.py:110 | Subtensor: subtensor(test, wss://test.finney.opentensor.ai:443)
[34m2025-01-25 15:35:34.491[39m | [1m[34m     DEBUG      [39m[49m[0m | bittensor:base.py:111 | Metagraph: metagraph(netuid:40, n:44, block:3751408, network:test)
[34m2025-01-25 15:35:37.869[39m | [1m[37m      INFO      [39m[49m[0m | bittensor:metagraph.py:114 | Block subscription started in background thread.
[34m2025-01-25 15:35:37.870[39m | [1m[37m      INFO      [39m[49m[0m | bittensor:loggingmachine.py:390 | Enabling info logging.
[34m2025-01-25 15:35:37.873[39m | [1m[37m      INFO      [39m[49m[0m | bittensor:loggingmachine.py:399 | Info enabled.
[34m2025-01-25 15:35:37.874[39m | [1m[37m      INFO      [39m[49m[0m | bittensor:miner.py:46 | Successfully Initialized! - 😁
[34m2025-01-25 15:35:37.874[39m | [1m[37m      INFO      [39m[49m[0m | bittensor:miner.py:49 | http://64.21.190.93:3000/v1
[34m2025-01-25 15:35:38.166[39m | [1m[37m      INFO      [39m[49m[0m | bittensor:miner.py:165 | Serving miner endpoint 50.114.59.133:40001 on network: wss://entrypoint-finney.opentensor.ai:443 with netuid: 40
[34m2025-01-25 15:35:50.678[39m | [1m[37m      INFO      [39m[49m[0m | bittensor:utils.py:9 | UID:43 | Block:4782903 | Consensus:0.0 | Stake:0.0 | Trust:0.0 | Incentive:0.0 | Emission:0.0
[34m2025-01-25 15:36:02.764[39m | [1m[37m      INFO      [39m[49m[0m | bittensor:utils.py:9 | UID:43 | Block:4782904 | Consensus:0.0 | Stake:0.0 | Trust:0.0 | Incentive:0.0 | Emission:0.0
[34m2025-01-25 15:36:15.260[39m | [1m[37m      INFO      [39m[49m[0m | bittensor:utils.py:9 | UID:43 | Block:4782905 | Consensus:0.0 | Stake:0.0 | Trust:0.0 | Incentive:0.0 | Emission:0.0
[34m2025-01-25 15:36:15.758[39m | [1m[37m      INFO      [39m[49m[0m | bittensor:miner.py:220 | Miner starting at block: 3751412
[34m2025-01-25 15:36:27.036[39m | [1m[37m      INFO      [39m[49m[0m | bittensor:utils.py:9 | UID:43 | Block:4782906 | Consensus:0.0 | Stake:0.0 | Trust:0.0 | Incentive:0.0 | Emission:0.0
[34m2025-01-25 15:36:38.813[39m | [1m[37m      INFO      [39m[49m[0m | bittensor:utils.py:9 | UID:43 | Block:4782907 | Consensus:0.0 | Stake:0.0 | Trust:0.0 | Incentive:0.0 | Emission:0.0
[34m2025-01-25 15:36:50.588[39m | [1m[37m      INFO      [39m[49m[0m | bittensor:utils.py:9 | UID:43 | Block:4782908 | Consensus:0.0 | Stake:0.0 | Trust:0.0 | Incentive:0.0 | Emission:0.0
[34m2025-01-25 15:37:03.393[39m | [1m[37m      INFO      [39m[49m[0m | bittensor:utils.py:9 | UID:43 | Block:4782909 | Consensus:0.0 | Stake:0.0 | Trust:0.0 | Incentive:0.0 | Emission:0.0
[34m2025-01-25 15:37:15.573[39m | [1m[37m      INFO      [39m[49m[0m | bittensor:utils.py:9 | UID:43 | Block:4782910 | Consensus:0.0 | Stake:0.0 | Trust:0.0 | Incentive:0.0 | Emission:0.0
[34m2025-01-25 15:37:27.086[39m | [1m[37m      INFO      [39m[49m[0m | bittensor:utils.py:9 | UID:43 | Block:4782911 | Consensus:0.0 | Stake:0.0 | Trust:0.0 | Incentive:0.0 | Emission:0.0
[34m2025-01-25 15:37:38.757[39m | [1m[37m      INFO      [39m[49m[0m | bittensor:utils.py:9 | UID:43 | Block:4782912 | Consensus:0.0 | Stake:0.0 | Trust:0.0 | Incentive:0.0 | Emission:0.0
[34m2025-01-25 15:37:50.692[39m | [1m[37m      INFO      [39m[49m[0m | bittensor:utils.py:9 | UID:43 | Block:4782913 | Consensus:0.0 | Stake:0.0 | Trust:0.0 | Incentive:0.0 | Emission:0.0
[34m2025-01-25 15:38:03.110[39m | [1m[37m      INFO      [39m[49m[0m | bittensor:utils.py:9 | UID:43 | Block:4782914 | Consensus:0.0 | Stake:0.0 | Trust:0.0 | Incentive:0.0 | Emission:0.0
[34m2025-01-25 15:38:15.070[39m | [1m[37m      INFO      [39m[49m[0m | bittensor:utils.py:9 | UID:43 | Block:4782915 | Consensus:0.0 | Stake:0.0 | Trust:0.0 | Incentive:0.0 | Emission:0.0
[34m2025-01-25 15:38:26.824[39m | [1m[37m      INFO      [39m[49m[0m | bittensor:utils.py:9 | UID:43 | Block:4782916 | Consensus:0.0 | Stake:0.0 | Trust:0.0 | Incentive:0.0 | Emission:0.0
[34m2025-01-25 15:38:39.536[39m | [1m[37m      INFO      [39m[49m[0m | bittensor:utils.py:9 | UID:43 | Block:4782917 | Consensus:0.0 | Stake:0.0 | Trust:0.0 | Incentive:0.0 | Emission:0.0
[34m2025-01-25 15:38:50.911[39m | [1m[37m      INFO      [39m[49m[0m | bittensor:utils.py:9 | UID:43 | Block:4782918 | Consensus:0.0 | Stake:0.0 | Trust:0.0 | Incentive:0.0 | Emission:0.0
[34m2025-01-25 15:39:02.865[39m | [1m[37m      INFO      [39m[49m[0m | bittensor:utils.py:9 | UID:43 | Block:4782919 | Consensus:0.0 | Stake:0.0 | Trust:0.0 | Incentive:0.0 | Emission:0.0
[34m2025-01-25 15:39:15.285[39m | [1m[37m      INFO      [39m[49m[0m | bittensor:utils.py:9 | UID:43 | Block:4782920 | Consensus:0.0 | Stake:0.0 | Trust:0.0 | Incentive:0.0 | Emission:0.0
[34m2025-01-25 15:39:26.973[39m | [1m[37m      INFO      [39m[49m[0m | bittensor:utils.py:9 | UID:43 | Block:4782921 | Consensus:0.0 | Stake:0.0 | Trust:0.0 | Incentive:0.0 | Emission:0.0
[34m2025-01-25 15:39:38.767[39m | [1m[37m      INFO      [39m[49m[0m | bittensor:utils.py:9 | UID:43 | Block:4782922 | Consensus:0.0 | Stake:0.0 | Trust:0.0 | Incentive:0.0 | Emission:0.0
[34m2025-01-25 15:39:51.523[39m | [1m[37m      INFO      [39m[49m[0m | bittensor:utils.py:9 | UID:43 | Block:4782923 | Consensus:0.0 | Stake:0.0 | Trust:0.0 | Incentive:0.0 | Emission:0.0
[34m2025-01-25 15:40:02.687[39m | [1m[37m      INFO      [39m[49m[0m | bittensor:utils.py:9 | UID:43 | Block:4782924 | Consensus:0.0 | Stake:0.0 | Trust:0.0 | Incentive:0.0 | Emission:0.0
[34m2025-01-25 15:40:14.694[39m | [1m[37m      INFO      [39m[49m[0m | bittensor:utils.py:9 | UID:43 | Block:4782925 | Consensus:0.0 | Stake:0.0 | Trust:0.0 | Incentive:0.0 | Emission:0.0
[34m2025-01-25 15:40:26.474[39m | [1m[37m      INFO      [39m[49m[0m | bittensor:utils.py:9 | UID:43 | Block:4782926 | Consensus:0.0 | Stake:0.0 | Trust:0.0 | Incentive:0.0 | Emission:0.0
[34m2025-01-25 15:40:39.041[39m | [1m[37m      INFO      [39m[49m[0m | bittensor:utils.py:9 | UID:43 | Block:4782927 | Consensus:0.0 | Stake:0.0 | Trust:0.0 | Incentive:0.0 | Emission:0.0
[34m2025-01-25 15:40:51.192[39m | [1m[37m      INFO      [39m[49m[0m | bittensor:utils.py:9 | UID:43 | Block:4782928 | Consensus:0.0 | Stake:0.0 | Trust:0.0 | Incentive:0.0 | Emission:0.0
[34m2025-01-25 15:41:03.006[39m | [1m[37m      INFO      [39m[49m[0m | bittensor:utils.py:9 | UID:43 | Block:4782929 | Consensus:0.0 | Stake:0.0 | Trust:0.0 | Incentive:0.0 | Emission:0.0
[34m2025-01-25 15:41:14.489[39m | [1m[37m      INFO      [39m[49m[0m | bittensor:utils.py:9 | UID:43 | Block:4782930 | Consensus:0.0 | Stake:0.0 | Trust:0.0 | Incentive:0.0 | Emission:0.0
[34m2025-01-25 15:41:27.375[39m | [1m[37m      INFO      [39m[49m[0m | bittensor:utils.py:9 | UID:43 | Block:4782931 | Consensus:0.0 | Stake:0.0 | Trust:0.0 | Incentive:0.0 | Emission:0.0
[34m2025-01-25 15:41:38.730[39m | [1m[37m      INFO      [39m[49m[0m | bittensor:utils.py:9 | UID:43 | Block:4782932 | Consensus:0.0 | Stake:0.0 | Trust:0.0 | Incentive:0.0 | Emission:0.0
[34m2025-01-25 15:41:51.132[39m | [1m[37m      INFO      [39m[49m[0m | bittensor:utils.py:9 | UID:43 | Block:4782933 | Consensus:0.0 | Stake:0.0 | Trust:0.0 | Incentive:0.0 | Emission:0.0
[34m2025-01-25 15:42:02.516[39m | [1m[37m      INFO      [39m[49m[0m | bittensor:utils.py:9 | UID:43 | Block:4782934 | Consensus:0.0 | Stake:0.0 | Trust:0.0 | Incentive:0.0 | Emission:0.0
[34m2025-01-25 15:42:16.621[39m | [1m[37m      INFO      [39m[49m[0m | bittensor:utils.py:9 | UID:43 | Block:4782935 | Consensus:0.0 | Stake:0.0 | Trust:0.0 | Incentive:0.0 | Emission:0.0
[34m2025-01-25 15:42:26.868[39m | [1m[37m      INFO      [39m[49m[0m | bittensor:utils.py:9 | UID:43 | Block:4782936 | Consensus:0.0 | Stake:0.0 | Trust:0.0 | Incentive:0.0 | Emission:0.0
[34m2025-01-25 15:42:39.227[39m | [1m[37m      INFO      [39m[49m[0m | bittensor:utils.py:9 | UID:43 | Block:4782937 | Consensus:0.0 | Stake:0.0 | Trust:0.0 | Incentive:0.0 | Emission:0.0
[34m2025-01-25 15:42:52.060[39m | [1m[37m      INFO      [39m[49m[0m | bittensor:utils.py:9 | UID:43 | Block:4782938 | Consensus:0.0 | Stake:0.0 | Trust:0.0 | Incentive:0.0 | Emission:0.0
[34m2025-01-25 15:43:02.505[39m | [1m[37m      INFO      [39m[49m[0m | bittensor:utils.py:9 | UID:43 | Block:4782939 | Consensus:0.0 | Stake:0.0 | Trust:0.0 | Incentive:0.0 | Emission:0.0
[34m2025-01-25 15:43:14.588[39m | [1m[37m      INFO      [39m[49m[0m | bittensor:utils.py:9 | UID:43 | Block:4782940 | Consensus:0.0 | Stake:0.0 | Trust:0.0 | Incentive:0.0 | Emission:0.0
[34m2025-01-25 15:43:27.799[39m | [1m[37m      INFO      [39m[49m[0m | bittensor:utils.py:9 | UID:43 | Block:4782941 | Consensus:0.0 | Stake:0.0 | Trust:0.0 | Incentive:0.0 | Emission:0.0
[34m2025-01-25 15:43:38.478[39m | [1m[37m      INFO      [39m[49m[0m | bittensor:utils.py:9 | UID:43 | Block:4782942 | Consensus:0.0 | Stake:0.0 | Trust:0.0 | Incentive:0.0 | Emission:0.0
[34m2025-01-25 15:43:51.096[39m | [1m[37m      INFO      [39m[49m[0m | bittensor:utils.py:9 | UID:43 | Block:4782943 | Consensus:0.0 | Stake:0.0 | Trust:0.0 | Incentive:0.0 | Emission:0.0
[34m2025-01-25 15:44:03.779[39m | [1m[37m      INFO      [39m[49m[0m | bittensor:utils.py:9 | UID:43 | Block:4782944 | Consensus:0.0 | Stake:0.0 | Trust:0.0 | Incentive:0.0 | Emission:0.0
[34m2025-01-25 15:44:14.697[39m | [1m[37m      INFO      [39m[49m[0m | bittensor:utils.py:9 | UID:43 | Block:4782945 | Consensus:0.0 | Stake:0.0 | Trust:0.0 | Incentive:0.0 | Emission:0.0
[34m2025-01-25 15:44:26.668[39m | [1m[37m      INFO      [39m[49m[0m | bittensor:utils.py:9 | UID:43 | Block:4782946 | Consensus:0.0 | Stake:0.0 | Trust:0.0 | Incentive:0.0 | Emission:0.0
[34m2025-01-25 15:44:39.247[39m | [1m[37m      INFO      [39m[49m[0m | bittensor:utils.py:9 | UID:43 | Block:4782947 | Consensus:0.0 | Stake:0.0 | Trust:0.0 | Incentive:0.0 | Emission:0.0
[34m2025-01-25 15:44:50.444[39m | [1m[37m      INFO      [39m[49m[0m | bittensor:utils.py:9 | UID:43 | Block:4782948 | Consensus:0.0 | Stake:0.0 | Trust:0.0 | Incentive:0.0 | Emission:0.0
[34m2025-01-25 15:45:02.562[39m | [1m[37m      INFO      [39m[49m[0m | bittensor:utils.py:9 | UID:43 | Block:4782949 | Consensus:0.0 | Stake:0.0 | Trust:0.0 | Incentive:0.0 | Emission:0.0
[34m2025-01-25 15:45:14.435[39m | [1m[37m      INFO      [39m[49m[0m | bittensor:utils.py:9 | UID:43 | Block:4782950 | Consensus:0.0 | Stake:0.0 | Trust:0.0 | Incentive:0.0 | Emission:0.0
INFO:     127.0.0.1:63068 - "GET /models HTTP/1.1" 400 Bad Request
INFO:     127.0.0.1:63068 - "GET /favicon.ico HTTP/1.1" 404 Not Found
[34m2025-01-25 15:45:26.918[39m | [1m[37m      INFO      [39m[49m[0m | bittensor:utils.py:9 | UID:43 | Block:4782951 | Consensus:0.0 | Stake:0.0 | Trust:0.0 | Incentive:0.0 | Emission:0.0
[34m2025-01-25 15:45:38.666[39m | [1m[37m      INFO      [39m[49m[0m | bittensor:utils.py:9 | UID:43 | Block:4782952 | Consensus:0.0 | Stake:0.0 | Trust:0.0 | Incentive:0.0 | Emission:0.0
[34m2025-01-25 15:45:50.870[39m | [1m[37m      INFO      [39m[49m[0m | bittensor:utils.py:9 | UID:43 | Block:4782953 | Consensus:0.0 | Stake:0.0 | Trust:0.0 | Incentive:0.0 | Emission:0.0
[34m2025-01-25 15:46:02.050[39m | [1m[37m      INFO      [39m[49m[0m | bittensor:utils.py:9 | UID:43 | Block:4782954 | Consensus:0.0 | Stake:0.0 | Trust:0.0 | Incentive:0.0 | Emission:0.0
[34m2025-01-25 15:46:14.689[39m | [1m[37m      INFO      [39m[49m[0m | bittensor:utils.py:9 | UID:43 | Block:4782955 | Consensus:0.0 | Stake:0.0 | Trust:0.0 | Incentive:0.0 | Emission:0.0
[34m2025-01-25 15:46:26.997[39m | [1m[37m      INFO      [39m[49m[0m | bittensor:utils.py:9 | UID:43 | Block:4782956 | Consensus:0.0 | Stake:0.0 | Trust:0.0 | Incentive:0.0 | Emission:0.0
[34m2025-01-25 15:46:38.896[39m | [1m[37m      INFO      [39m[49m[0m | bittensor:utils.py:9 | UID:43 | Block:4782957 | Consensus:0.0 | Stake:0.0 | Trust:0.0 | Incentive:0.0 | Emission:0.0
[34m2025-01-25 15:46:50.643[39m | [1m[37m      INFO      [39m[49m[0m | bittensor:utils.py:9 | UID:43 | Block:4782958 | Consensus:0.0 | Stake:0.0 | Trust:0.0 | Incentive:0.0 | Emission:0.0
[34m2025-01-25 15:47:03.106[39m | [1m[37m      INFO      [39m[49m[0m | bittensor:utils.py:9 | UID:43 | Block:4782959 | Consensus:0.0 | Stake:0.0 | Trust:0.0 | Incentive:0.0 | Emission:0.0
[34m2025-01-25 15:47:16.343[39m | [1m[37m      INFO      [39m[49m[0m | bittensor:base.py:57 | Resyncing Metagraph
[34m2025-01-25 15:47:19.928[39m | [1m[37m      INFO      [39m[49m[0m | bittensor:utils.py:9 | UID:43 | Block:4782960 | Consensus:0.0 | Stake:0.0 | Trust:0.0 | Incentive:0.0 | Emission:0.0
[34m2025-01-25 15:47:27.627[39m | [1m[37m      INFO      [39m[49m[0m | bittensor:utils.py:9 | UID:43 | Block:4782961 | Consensus:0.0 | Stake:0.0 | Trust:0.0 | Incentive:0.0 | Emission:0.0
[34m2025-01-25 15:47:38.991[39m | [1m[37m      INFO      [39m[49m[0m | bittensor:utils.py:9 | UID:43 | Block:4782962 | Consensus:0.0 | Stake:0.0 | Trust:0.0 | Incentive:0.0 | Emission:0.0
[34m2025-01-25 15:47:51.078[39m | [1m[37m      INFO      [39m[49m[0m | bittensor:utils.py:9 | UID:43 | Block:4782963 | Consensus:0.0 | Stake:0.0 | Trust:0.0 | Incentive:0.0 | Emission:0.0
[34m2025-01-25 15:48:02.954[39m | [1m[37m      INFO      [39m[49m[0m | bittensor:utils.py:9 | UID:43 | Block:4782964 | Consensus:0.0 | Stake:0.0 | Trust:0.0 | Incentive:0.0 | Emission:0.0
[34m2025-01-25 15:48:14.931[39m | [1m[37m      INFO      [39m[49m[0m | bittensor:utils.py:9 | UID:43 | Block:4782965 | Consensus:0.0 | Stake:0.0 | Trust:0.0 | Incentive:0.0 | Emission:0.0
[34m2025-01-25 15:48:27.788[39m | [1m[37m      INFO      [39m[49m[0m | bittensor:utils.py:9 | UID:43 | Block:4782966 | Consensus:0.0 | Stake:0.0 | Trust:0.0 | Incentive:0.0 | Emission:0.0
[34m2025-01-25 15:48:38.487[39m | [1m[37m      INFO      [39m[49m[0m | bittensor:utils.py:9 | UID:43 | Block:4782967 | Consensus:0.0 | Stake:0.0 | Trust:0.0 | Incentive:0.0 | Emission:0.0
[34m2025-01-25 15:48:50.314[39m | [1m[37m      INFO      [39m[49m[0m | bittensor:utils.py:9 | UID:43 | Block:4782968 | Consensus:0.0 | Stake:0.0 | Trust:0.0 | Incentive:0.0 | Emission:0.0
[34m2025-01-25 15:49:02.665[39m | [1m[37m      INFO      [39m[49m[0m | bittensor:utils.py:9 | UID:43 | Block:4782969 | Consensus:0.0 | Stake:0.0 | Trust:0.0 | Incentive:0.0 | Emission:0.0
[34m2025-01-25 15:49:14.217[39m | [1m[37m      INFO      [39m[49m[0m | bittensor:utils.py:9 | UID:43 | Block:4782970 | Consensus:0.0 | Stake:0.0 | Trust:0.0 | Incentive:0.0 | Emission:0.0
[34m2025-01-25 15:49:26.340[39m | [1m[37m      INFO      [39m[49m[0m | bittensor:utils.py:9 | UID:43 | Block:4782971 | Consensus:0.0 | Stake:0.0 | Trust:0.0 | Incentive:0.0 | Emission:0.0
[34m2025-01-25 15:49:38.756[39m | [1m[37m      INFO      [39m[49m[0m | bittensor:utils.py:9 | UID:43 | Block:4782972 | Consensus:0.0 | Stake:0.0 | Trust:0.0 | Incentive:0.0 | Emission:0.0
[34m2025-01-25 15:49:50.503[39m | [1m[37m      INFO      [39m[49m[0m | bittensor:utils.py:9 | UID:43 | Block:4782973 | Consensus:0.0 | Stake:0.0 | Trust:0.0 | Incentive:0.0 | Emission:0.0
[34m2025-01-25 15:50:02.687[39m | [1m[37m      INFO      [39m[49m[0m | bittensor:utils.py:9 | UID:43 | Block:4782974 | Consensus:0.0 | Stake:0.0 | Trust:0.0 | Incentive:0.0 | Emission:0.0
[34m2025-01-25 15:50:14.555[39m | [1m[37m      INFO      [39m[49m[0m | bittensor:utils.py:9 | UID:43 | Block:4782975 | Consensus:0.0 | Stake:0.0 | Trust:0.0 | Incentive:0.0 | Emission:0.0
[34m2025-01-25 15:50:26.615[39m | [1m[37m      INFO      [39m[49m[0m | bittensor:utils.py:9 | UID:43 | Block:4782976 | Consensus:0.0 | Stake:0.0 | Trust:0.0 | Incentive:0.0 | Emission:0.0
[34m2025-01-25 15:50:38.726[39m | [1m[37m      INFO      [39m[49m[0m | bittensor:utils.py:9 | UID:43 | Block:4782977 | Consensus:0.0 | Stake:0.0 | Trust:0.0 | Incentive:0.0 | Emission:0.0
[34m2025-01-25 15:50:50.133[39m | [1m[37m      INFO      [39m[49m[0m | bittensor:utils.py:9 | UID:43 | Block:4782978 | Consensus:0.0 | Stake:0.0 | Trust:0.0 | Incentive:0.0 | Emission:0.0
[34m2025-01-25 15:51:02.453[39m | [1m[37m      INFO      [39m[49m[0m | bittensor:utils.py:9 | UID:43 | Block:4782979 | Consensus:0.0 | Stake:0.0 | Trust:0.0 | Incentive:0.0 | Emission:0.0
[34m2025-01-25 15:51:14.125[39m | [1m[37m      INFO      [39m[49m[0m | bittensor:utils.py:9 | UID:43 | Block:4782980 | Consensus:0.0 | Stake:0.0 | Trust:0.0 | Incentive:0.0 | Emission:0.0
[34m2025-01-25 15:51:26.753[39m | [1m[37m      INFO      [39m[49m[0m | bittensor:utils.py:9 | UID:43 | Block:4782981 | Consensus:0.0 | Stake:0.0 | Trust:0.0 | Incentive:0.0 | Emission:0.0
[34m2025-01-25 15:51:38.699[39m | [1m[37m      INFO      [39m[49m[0m | bittensor:utils.py:9 | UID:43 | Block:4782982 | Consensus:0.0 | Stake:0.0 | Trust:0.0 | Incentive:0.0 | Emission:0.0
[34m2025-01-25 15:51:50.655[39m | [1m[37m      INFO      [39m[49m[0m | bittensor:utils.py:9 | UID:43 | Block:4782983 | Consensus:0.0 | Stake:0.0 | Trust:0.0 | Incentive:0.0 | Emission:0.0
[34m2025-01-25 15:52:03.171[39m | [1m[37m      INFO      [39m[49m[0m | bittensor:utils.py:9 | UID:43 | Block:4782984 | Consensus:0.0 | Stake:0.0 | Trust:0.0 | Incentive:0.0 | Emission:0.0
[34m2025-01-25 15:52:14.340[39m | [1m[37m      INFO      [39m[49m[0m | bittensor:utils.py:9 | UID:43 | Block:4782985 | Consensus:0.0 | Stake:0.0 | Trust:0.0 | Incentive:0.0 | Emission:0.0
[34m2025-01-25 15:52:27.182[39m | [1m[37m      INFO      [39m[49m[0m | bittensor:utils.py:9 | UID:43 | Block:4782986 | Consensus:0.0 | Stake:0.0 | Trust:0.0 | Incentive:0.0 | Emission:0.0
[34m2025-01-25 15:52:38.997[39m | [1m[37m      INFO      [39m[49m[0m | bittensor:utils.py:9 | UID:43 | Block:4782987 | Consensus:0.0 | Stake:0.0 | Trust:0.0 | Incentive:0.0 | Emission:0.0
[34m2025-01-25 15:52:50.424[39m | [1m[37m      INFO      [39m[49m[0m | bittensor:utils.py:9 | UID:43 | Block:4782988 | Consensus:0.0 | Stake:0.0 | Trust:0.0 | Incentive:0.0 | Emission:0.0
[34m2025-01-25 15:53:03.618[39m | [1m[37m      INFO      [39m[49m[0m | bittensor:utils.py:9 | UID:43 | Block:4782989 | Consensus:0.0 | Stake:0.0 | Trust:0.0 | Incentive:0.0 | Emission:0.0
[34m2025-01-25 15:53:15.584[39m | [1m[37m      INFO      [39m[49m[0m | bittensor:utils.py:9 | UID:43 | Block:4782990 | Consensus:0.0 | Stake:0.0 | Trust:0.0 | Incentive:0.0 | Emission:0.0
[34m2025-01-25 15:53:26.945[39m | [1m[37m      INFO      [39m[49m[0m | bittensor:utils.py:9 | UID:43 | Block:4782991 | Consensus:0.0 | Stake:0.0 | Trust:0.0 | Incentive:0.0 | Emission:0.0
[34m2025-01-25 15:53:38.127[39m | [1m[37m      INFO      [39m[49m[0m | bittensor:utils.py:9 | UID:43 | Block:4782992 | Consensus:0.0 | Stake:0.0 | Trust:0.0 | Incentive:0.0 | Emission:0.0
[34m2025-01-25 15:53:50.724[39m | [1m[37m      INFO      [39m[49m[0m | bittensor:utils.py:9 | UID:43 | Block:4782993 | Consensus:0.0 | Stake:0.0 | Trust:0.0 | Incentive:0.0 | Emission:0.0
[34m2025-01-25 15:54:02.125[39m | [1m[37m      INFO      [39m[49m[0m | bittensor:utils.py:9 | UID:43 | Block:4782994 | Consensus:0.0 | Stake:0.0 | Trust:0.0 | Incentive:0.0 | Emission:0.0
[34m2025-01-25 15:54:14.662[39m | [1m[37m      INFO      [39m[49m[0m | bittensor:utils.py:9 | UID:43 | Block:4782995 | Consensus:0.0 | Stake:0.0 | Trust:0.0 | Incentive:0.0 | Emission:0.0
[34m2025-01-25 15:54:27.635[39m | [1m[37m      INFO      [39m[49m[0m | bittensor:utils.py:9 | UID:43 | Block:4782996 | Consensus:0.0 | Stake:0.0 | Trust:0.0 | Incentive:0.0 | Emission:0.0
[34m2025-01-25 15:54:40.197[39m | [1m[37m      INFO      [39m[49m[0m | bittensor:utils.py:9 | UID:43 | Block:4782997 | Consensus:0.0 | Stake:0.0 | Trust:0.0 | Incentive:0.0 | Emission:0.0
[34m2025-01-25 15:54:51.019[39m | [1m[37m      INFO      [39m[49m[0m | bittensor:utils.py:9 | UID:43 | Block:4782998 | Consensus:0.0 | Stake:0.0 | Trust:0.0 | Incentive:0.0 | Emission:0.0
[34m2025-01-25 15:55:03.062[39m | [1m[37m      INFO      [39m[49m[0m | bittensor:utils.py:9 | UID:43 | Block:4782999 | Consensus:0.0 | Stake:0.0 | Trust:0.0 | Incentive:0.0 | Emission:0.0
[34m2025-01-25 15:55:14.589[39m | [1m[37m      INFO      [39m[49m[0m | bittensor:utils.py:9 | UID:43 | Block:4783000 | Consensus:0.0 | Stake:0.0 | Trust:0.0 | Incentive:0.0 | Emission:0.0
[34m2025-01-25 15:55:28.328[39m | [1m[37m      INFO      [39m[49m[0m | bittensor:utils.py:9 | UID:43 | Block:4783001 | Consensus:0.0 | Stake:0.0 | Trust:0.0 | Incentive:0.0 | Emission:0.0
[34m2025-01-25 15:55:38.733[39m | [1m[37m      INFO      [39m[49m[0m | bittensor:utils.py:9 | UID:43 | Block:4783002 | Consensus:0.0 | Stake:0.0 | Trust:0.0 | Incentive:0.0 | Emission:0.0
[34m2025-01-25 15:55:50.819[39m | [1m[37m      INFO      [39m[49m[0m | bittensor:utils.py:9 | UID:43 | Block:4783003 | Consensus:0.0 | Stake:0.0 | Trust:0.0 | Incentive:0.0 | Emission:0.0
[34m2025-01-25 15:56:03.000[39m | [1m[37m      INFO      [39m[49m[0m | bittensor:utils.py:9 | UID:43 | Block:4783004 | Consensus:0.0 | Stake:0.0 | Trust:0.0 | Incentive:0.0 | Emission:0.0
[34m2025-01-25 15:56:14.673[39m | [1m[37m      INFO      [39m[49m[0m | bittensor:utils.py:9 | UID:43 | Block:4783005 | Consensus:0.0 | Stake:0.0 | Trust:0.0 | Incentive:0.0 | Emission:0.0
[34m2025-01-25 15:56:27.270[39m | [1m[37m      INFO      [39m[49m[0m | bittensor:utils.py:9 | UID:43 | Block:4783006 | Consensus:0.0 | Stake:0.0 | Trust:0.0 | Incentive:0.0 | Emission:0.0
[34m2025-01-25 15:56:38.842[39m | [1m[37m      INFO      [39m[49m[0m | bittensor:utils.py:9 | UID:43 | Block:4783007 | Consensus:0.0 | Stake:0.0 | Trust:0.0 | Incentive:0.0 | Emission:0.0
[34m2025-01-25 15:56:50.410[39m | [1m[37m      INFO      [39m[49m[0m | bittensor:utils.py:9 | UID:43 | Block:4783008 | Consensus:0.0 | Stake:0.0 | Trust:0.0 | Incentive:0.0 | Emission:0.0
[34m2025-01-25 15:57:03.232[39m | [1m[37m      INFO      [39m[49m[0m | bittensor:utils.py:9 | UID:43 | Block:4783009 | Consensus:0.0 | Stake:0.0 | Trust:0.0 | Incentive:0.0 | Emission:0.0
[34m2025-01-25 15:57:14.659[39m | [1m[37m      INFO      [39m[49m[0m | bittensor:utils.py:9 | UID:43 | Block:4783010 | Consensus:0.0 | Stake:0.0 | Trust:0.0 | Incentive:0.0 | Emission:0.0
[34m2025-01-25 15:57:26.866[39m | [1m[37m      INFO      [39m[49m[0m | bittensor:utils.py:9 | UID:43 | Block:4783011 | Consensus:0.0 | Stake:0.0 | Trust:0.0 | Incentive:0.0 | Emission:0.0
[34m2025-01-25 15:57:38.563[39m | [1m[37m      INFO      [39m[49m[0m | bittensor:utils.py:9 | UID:43 | Block:4783012 | Consensus:0.0 | Stake:0.0 | Trust:0.0 | Incentive:0.0 | Emission:0.0
[34m2025-01-25 15:57:51.772[39m | [1m[37m      INFO      [39m[49m[0m | bittensor:utils.py:9 | UID:43 | Block:4783013 | Consensus:0.0 | Stake:0.0 | Trust:0.0 | Incentive:0.0 | Emission:0.0
[34m2025-01-25 15:58:02.178[39m | [1m[37m      INFO      [39m[49m[0m | bittensor:utils.py:9 | UID:43 | Block:4783014 | Consensus:0.0 | Stake:0.0 | Trust:0.0 | Incentive:0.0 | Emission:0.0
[34m2025-01-25 15:58:14.834[39m | [1m[37m      INFO      [39m[49m[0m | bittensor:utils.py:9 | UID:43 | Block:4783015 | Consensus:0.0 | Stake:0.0 | Trust:0.0 | Incentive:0.0 | Emission:0.0
[34m2025-01-25 15:58:27.179[39m | [1m[37m      INFO      [39m[49m[0m | bittensor:utils.py:9 | UID:43 | Block:4783016 | Consensus:0.0 | Stake:0.0 | Trust:0.0 | Incentive:0.0 | Emission:0.0
[34m2025-01-25 15:58:39.963[39m | [1m[37m      INFO      [39m[49m[0m | bittensor:utils.py:9 | UID:43 | Block:4783017 | Consensus:0.0 | Stake:0.0 | Trust:0.0 | Incentive:0.0 | Emission:0.0
[34m2025-01-25 15:58:51.347[39m | [1m[37m      INFO      [39m[49m[0m | bittensor:utils.py:9 | UID:43 | Block:4783018 | Consensus:0.0 | Stake:0.0 | Trust:0.0 | Incentive:0.0 | Emission:0.0
[34m2025-01-25 15:59:04.202[39m | [1m[37m      INFO      [39m[49m[0m | bittensor:utils.py:9 | UID:43 | Block:4783019 | Consensus:0.0 | Stake:0.0 | Trust:0.0 | Incentive:0.0 | Emission:0.0
[34m2025-01-25 15:59:16.030[39m | [1m[37m      INFO      [39m[49m[0m | bittensor:utils.py:9 | UID:43 | Block:4783020 | Consensus:0.0 | Stake:0.0 | Trust:0.0 | Incentive:0.0 | Emission:0.0
[34m2025-01-25 15:59:27.394[39m | [1m[37m      INFO      [39m[49m[0m | bittensor:utils.py:9 | UID:43 | Block:4783021 | Consensus:0.0 | Stake:0.0 | Trust:0.0 | Incentive:0.0 | Emission:0.0
[34m2025-01-25 15:59:38.658[39m | [1m[37m      INFO      [39m[49m[0m | bittensor:utils.py:9 | UID:43 | Block:4783022 | Consensus:0.0 | Stake:0.0 | Trust:0.0 | Incentive:0.0 | Emission:0.0
[34m2025-01-25 15:59:50.915[39m | [1m[37m      INFO      [39m[49m[0m | bittensor:utils.py:9 | UID:43 | Block:4783023 | Consensus:0.0 | Stake:0.0 | Trust:0.0 | Incentive:0.0 | Emission:0.0
[34m2025-01-25 16:00:02.537[39m | [1m[37m      INFO      [39m[49m[0m | bittensor:utils.py:9 | UID:43 | Block:4783024 | Consensus:0.0 | Stake:0.0 | Trust:0.0 | Incentive:0.0 | Emission:0.0
[34m2025-01-25 16:00:15.011[39m | [1m[37m      INFO      [39m[49m[0m | bittensor:utils.py:9 | UID:43 | Block:4783025 | Consensus:0.0 | Stake:0.0 | Trust:0.0 | Incentive:0.0 | Emission:0.0
[34m2025-01-25 16:00:27.499[39m | [1m[37m      INFO      [39m[49m[0m | bittensor:utils.py:9 | UID:43 | Block:4783026 | Consensus:0.0 | Stake:0.0 | Trust:0.0 | Incentive:0.0 | Emission:0.0
[34m2025-01-25 16:00:39.497[39m | [1m[37m      INFO      [39m[49m[0m | bittensor:utils.py:9 | UID:43 | Block:4783027 | Consensus:0.0 | Stake:0.0 | Trust:0.0 | Incentive:0.0 | Emission:0.0
[34m2025-01-25 16:00:50.855[39m | [1m[37m      INFO      [39m[49m[0m | bittensor:utils.py:9 | UID:43 | Block:4783028 | Consensus:0.0 | Stake:0.0 | Trust:0.0 | Incentive:0.0 | Emission:0.0
[34m2025-01-25 16:01:02.629[39m | [1m[37m      INFO      [39m[49m[0m | bittensor:utils.py:9 | UID:43 | Block:4783029 | Consensus:0.0 | Stake:0.0 | Trust:0.0 | Incentive:0.0 | Emission:0.0
[34m2025-01-25 16:01:14.712[39m | [1m[37m      INFO      [39m[49m[0m | bittensor:utils.py:9 | UID:43 | Block:4783030 | Consensus:0.0 | Stake:0.0 | Trust:0.0 | Incentive:0.0 | Emission:0.0
[34m2025-01-25 16:01:26.726[39m | [1m[37m      INFO      [39m[49m[0m | bittensor:utils.py:9 | UID:43 | Block:4783031 | Consensus:0.0 | Stake:0.0 | Trust:0.0 | Incentive:0.0 | Emission:0.0
[34m2025-01-25 16:01:38.364[39m | [1m[37m      INFO      [39m[49m[0m | bittensor:utils.py:9 | UID:43 | Block:4783032 | Consensus:0.0 | Stake:0.0 | Trust:0.0 | Incentive:0.0 | Emission:0.0
[34m2025-01-25 16:01:50.989[39m | [1m[37m      INFO      [39m[49m[0m | bittensor:utils.py:9 | UID:43 | Block:4783033 | Consensus:0.0 | Stake:0.0 | Trust:0.0 | Incentive:0.0 | Emission:0.0
[34m2025-01-25 16:02:02.529[39m | [1m[37m      INFO      [39m[49m[0m | bittensor:utils.py:9 | UID:43 | Block:4783034 | Consensus:0.0 | Stake:0.0 | Trust:0.0 | Incentive:0.0 | Emission:0.0
[34m2025-01-25 16:02:15.021[39m | [1m[37m      INFO      [39m[49m[0m | bittensor:utils.py:9 | UID:43 | Block:4783035 | Consensus:0.0 | Stake:0.0 | Trust:0.0 | Incentive:0.0 | Emission:0.0
[34m2025-01-25 16:02:26.410[39m | [1m[37m      INFO      [39m[49m[0m | bittensor:utils.py:9 | UID:43 | Block:4783036 | Consensus:0.0 | Stake:0.0 | Trust:0.0 | Incentive:0.0 | Emission:0.0
[34m2025-01-25 16:02:38.545[39m | [1m[37m      INFO      [39m[49m[0m | bittensor:utils.py:9 | UID:43 | Block:4783037 | Consensus:0.0 | Stake:0.0 | Trust:0.0 | Incentive:0.0 | Emission:0.0
[34m2025-01-25 16:02:50.865[39m | [1m[37m      INFO      [39m[49m[0m | bittensor:utils.py:9 | UID:43 | Block:4783038 | Consensus:0.0 | Stake:0.0 | Trust:0.0 | Incentive:0.0 | Emission:0.0
[34m2025-01-25 16:03:03.019[39m | [1m[37m      INFO      [39m[49m[0m | bittensor:utils.py:9 | UID:43 | Block:4783039 | Consensus:0.0 | Stake:0.0 | Trust:0.0 | Incentive:0.0 | Emission:0.0
[34m2025-01-25 16:03:14.822[39m | [1m[37m      INFO      [39m[49m[0m | bittensor:utils.py:9 | UID:43 | Block:4783040 | Consensus:0.0 | Stake:0.0 | Trust:0.0 | Incentive:0.0 | Emission:0.0
[34m2025-01-25 16:03:27.168[39m | [1m[37m      INFO      [39m[49m[0m | bittensor:utils.py:9 | UID:43 | Block:4783041 | Consensus:0.0 | Stake:0.0 | Trust:0.0 | Incentive:0.0 | Emission:0.0
[34m2025-01-25 16:03:38.494[39m | [1m[37m      INFO      [39m[49m[0m | bittensor:utils.py:9 | UID:43 | Block:4783042 | Consensus:0.0 | Stake:0.0 | Trust:0.0 | Incentive:0.0 | Emission:0.0
[34m2025-01-25 16:03:50.581[39m | [1m[37m      INFO      [39m[49m[0m | bittensor:utils.py:9 | UID:43 | Block:4783043 | Consensus:0.0 | Stake:0.0 | Trust:0.0 | Incentive:0.0 | Emission:0.0
[34m2025-01-25 16:04:02.627[39m | [1m[37m      INFO      [39m[49m[0m | bittensor:utils.py:9 | UID:43 | Block:4783044 | Consensus:0.0 | Stake:0.0 | Trust:0.0 | Incentive:0.0 | Emission:0.0
[34m2025-01-25 16:04:14.747[39m | [1m[37m      INFO      [39m[49m[0m | bittensor:utils.py:9 | UID:43 | Block:4783045 | Consensus:0.0 | Stake:0.0 | Trust:0.0 | Incentive:0.0 | Emission:0.0
[34m2025-01-25 16:04:26.919[39m | [1m[37m      INFO      [39m[49m[0m | bittensor:utils.py:9 | UID:43 | Block:4783046 | Consensus:0.0 | Stake:0.0 | Trust:0.0 | Incentive:0.0 | Emission:0.0
[34m2025-01-25 16:04:38.914[39m | [1m[37m      INFO      [39m[49m[0m | bittensor:utils.py:9 | UID:43 | Block:4783047 | Consensus:0.0 | Stake:0.0 | Trust:0.0 | Incentive:0.0 | Emission:0.0
[34m2025-01-25 16:04:50.394[39m | [1m[37m      INFO      [39m[49m[0m | bittensor:utils.py:9 | UID:43 | Block:4783048 | Consensus:0.0 | Stake:0.0 | Trust:0.0 | Incentive:0.0 | Emission:0.0
[34m2025-01-25 16:05:03.261[39m | [1m[37m      INFO      [39m[49m[0m | bittensor:utils.py:9 | UID:43 | Block:4783049 | Consensus:0.0 | Stake:0.0 | Trust:0.0 | Incentive:0.0 | Emission:0.0
[34m2025-01-25 16:05:15.040[39m | [1m[37m      INFO      [39m[49m[0m | bittensor:utils.py:9 | UID:43 | Block:4783050 | Consensus:0.0 | Stake:0.0 | Trust:0.0 | Incentive:0.0 | Emission:0.0
[34m2025-01-25 16:05:26.968[39m | [1m[37m      INFO      [39m[49m[0m | bittensor:utils.py:9 | UID:43 | Block:4783051 | Consensus:0.0 | Stake:0.0 | Trust:0.0 | Incentive:0.0 | Emission:0.0
[34m2025-01-25 16:05:38.802[39m | [1m[37m      INFO      [39m[49m[0m | bittensor:utils.py:9 | UID:43 | Block:4783052 | Consensus:0.0 | Stake:0.0 | Trust:0.0 | Incentive:0.0 | Emission:0.0
[34m2025-01-25 16:05:51.012[39m | [1m[37m      INFO      [39m[49m[0m | bittensor:utils.py:9 | UID:43 | Block:4783053 | Consensus:0.0 | Stake:0.0 | Trust:0.0 | Incentive:0.0 | Emission:0.0
[34m2025-01-25 16:06:03.622[39m | [1m[37m      INFO      [39m[49m[0m | bittensor:utils.py:9 | UID:43 | Block:4783054 | Consensus:0.0 | Stake:0.0 | Trust:0.0 | Incentive:0.0 | Emission:0.0
[34m2025-01-25 16:06:16.280[39m | [1m[37m      INFO      [39m[49m[0m | bittensor:utils.py:9 | UID:43 | Block:4783055 | Consensus:0.0 | Stake:0.0 | Trust:0.0 | Incentive:0.0 | Emission:0.0
[34m2025-01-25 16:06:26.620[39m | [1m[37m      INFO      [39m[49m[0m | bittensor:utils.py:9 | UID:43 | Block:4783056 | Consensus:0.0 | Stake:0.0 | Trust:0.0 | Incentive:0.0 | Emission:0.0
[34m2025-01-25 16:06:38.885[39m | [1m[37m      INFO      [39m[49m[0m | bittensor:utils.py:9 | UID:43 | Block:4783057 | Consensus:0.0 | Stake:0.0 | Trust:0.0 | Incentive:0.0 | Emission:0.0
[34m2025-01-25 16:06:50.731[39m | [1m[37m      INFO      [39m[49m[0m | bittensor:utils.py:9 | UID:43 | Block:4783058 | Consensus:0.0 | Stake:0.0 | Trust:0.0 | Incentive:0.0 | Emission:0.0
[34m2025-01-25 16:07:02.973[39m | [1m[37m      INFO      [39m[49m[0m | bittensor:utils.py:9 | UID:43 | Block:4783059 | Consensus:0.0 | Stake:0.0 | Trust:0.0 | Incentive:0.0 | Emission:0.0
[34m2025-01-25 16:07:14.969[39m | [1m[37m      INFO      [39m[49m[0m | bittensor:utils.py:9 | UID:43 | Block:4783060 | Consensus:0.0 | Stake:0.0 | Trust:0.0 | Incentive:0.0 | Emission:0.0
[34m2025-01-25 16:07:26.626[39m | [1m[37m      INFO      [39m[49m[0m | bittensor:utils.py:9 | UID:43 | Block:4783061 | Consensus:0.0 | Stake:0.0 | Trust:0.0 | Incentive:0.0 | Emission:0.0
[34m2025-01-25 16:07:38.537[39m | [1m[37m      INFO      [39m[49m[0m | bittensor:utils.py:9 | UID:43 | Block:4783062 | Consensus:0.0 | Stake:0.0 | Trust:0.0 | Incentive:0.0 | Emission:0.0
[34m2025-01-25 16:07:51.038[39m | [1m[37m      INFO      [39m[49m[0m | bittensor:utils.py:9 | UID:43 | Block:4783063 | Consensus:0.0 | Stake:0.0 | Trust:0.0 | Incentive:0.0 | Emission:0.0
[34m2025-01-25 16:08:04.310[39m | [1m[37m      INFO      [39m[49m[0m | bittensor:utils.py:9 | UID:43 | Block:4783064 | Consensus:0.0 | Stake:0.0 | Trust:0.0 | Incentive:0.0 | Emission:0.0
[34m2025-01-25 16:08:16.295[39m | [1m[37m      INFO      [39m[49m[0m | bittensor:utils.py:9 | UID:43 | Block:4783065 | Consensus:0.0 | Stake:0.0 | Trust:0.0 | Incentive:0.0 | Emission:0.0
[34m2025-01-25 16:08:27.221[39m | [1m[37m      INFO      [39m[49m[0m | bittensor:utils.py:9 | UID:43 | Block:4783066 | Consensus:0.0 | Stake:0.0 | Trust:0.0 | Incentive:0.0 | Emission:0.0
[34m2025-01-25 16:08:39.085[39m | [1m[37m      INFO      [39m[49m[0m | bittensor:utils.py:9 | UID:43 | Block:4783067 | Consensus:0.0 | Stake:0.0 | Trust:0.0 | Incentive:0.0 | Emission:0.0
[34m2025-01-25 16:08:50.802[39m | [1m[37m      INFO      [39m[49m[0m | bittensor:utils.py:9 | UID:43 | Block:4783068 | Consensus:0.0 | Stake:0.0 | Trust:0.0 | Incentive:0.0 | Emission:0.0
[34m2025-01-25 16:09:02.784[39m | [1m[37m      INFO      [39m[49m[0m | bittensor:utils.py:9 | UID:43 | Block:4783069 | Consensus:0.0 | Stake:0.0 | Trust:0.0 | Incentive:0.0 | Emission:0.0
[34m2025-01-25 16:09:14.451[39m | [1m[37m      INFO      [39m[49m[0m | bittensor:utils.py:9 | UID:43 | Block:4783070 | Consensus:0.0 | Stake:0.0 | Trust:0.0 | Incentive:0.0 | Emission:0.0
[34m2025-01-25 16:09:26.745[39m | [1m[37m      INFO      [39m[49m[0m | bittensor:utils.py:9 | UID:43 | Block:4783071 | Consensus:0.0 | Stake:0.0 | Trust:0.0 | Incentive:0.0 | Emission:0.0
[34m2025-01-25 16:09:38.649[39m | [1m[37m      INFO      [39m[49m[0m | bittensor:utils.py:9 | UID:43 | Block:4783072 | Consensus:0.0 | Stake:0.0 | Trust:0.0 | Incentive:0.0 | Emission:0.0
[34m2025-01-25 16:09:50.721[39m | [1m[37m      INFO      [39m[49m[0m | bittensor:utils.py:9 | UID:43 | Block:4783073 | Consensus:0.0 | Stake:0.0 | Trust:0.0 | Incentive:0.0 | Emission:0.0
[34m2025-01-25 16:10:02.442[39m | [1m[37m      INFO      [39m[49m[0m | bittensor:utils.py:9 | UID:43 | Block:4783074 | Consensus:0.0 | Stake:0.0 | Trust:0.0 | Incentive:0.0 | Emission:0.0
[34m2025-01-25 16:10:14.663[39m | [1m[37m      INFO      [39m[49m[0m | bittensor:utils.py:9 | UID:43 | Block:4783075 | Consensus:0.0 | Stake:0.0 | Trust:0.0 | Incentive:0.0 | Emission:0.0
[34m2025-01-25 16:10:26.157[39m | [1m[37m      INFO      [39m[49m[0m | bittensor:utils.py:9 | UID:43 | Block:4783076 | Consensus:0.0 | Stake:0.0 | Trust:0.0 | Incentive:0.0 | Emission:0.0
[34m2025-01-25 16:10:38.297[39m | [1m[37m      INFO      [39m[49m[0m | bittensor:utils.py:9 | UID:43 | Block:4783077 | Consensus:0.0 | Stake:0.0 | Trust:0.0 | Incentive:0.0 | Emission:0.0
[34m2025-01-25 16:10:50.400[39m | [1m[37m      INFO      [39m[49m[0m | bittensor:utils.py:9 | UID:43 | Block:4783078 | Consensus:0.0 | Stake:0.0 | Trust:0.0 | Incentive:0.0 | Emission:0.0
[34m2025-01-25 16:11:02.384[39m | [1m[37m      INFO      [39m[49m[0m | bittensor:utils.py:9 | UID:43 | Block:4783079 | Consensus:0.0 | Stake:0.0 | Trust:0.0 | Incentive:0.0 | Emission:0.0
[34m2025-01-25 16:11:15.183[39m | [1m[37m      INFO      [39m[49m[0m | bittensor:utils.py:9 | UID:43 | Block:4783080 | Consensus:0.0 | Stake:0.0 | Trust:0.0 | Incentive:0.0 | Emission:0.0
[34m2025-01-25 16:11:26.647[39m | [1m[37m      INFO      [39m[49m[0m | bittensor:utils.py:9 | UID:43 | Block:4783081 | Consensus:0.0 | Stake:0.0 | Trust:0.0 | Incentive:0.0 | Emission:0.0
[34m2025-01-25 16:11:38.634[39m | [1m[37m      INFO      [39m[49m[0m | bittensor:utils.py:9 | UID:43 | Block:4783082 | Consensus:0.0 | Stake:0.0 | Trust:0.0 | Incentive:0.0 | Emission:0.0
[34m2025-01-25 16:11:50.348[39m | [1m[37m      INFO      [39m[49m[0m | bittensor:utils.py:9 | UID:43 | Block:4783083 | Consensus:0.0 | Stake:0.0 | Trust:0.0 | Incentive:0.0 | Emission:0.0
[34m2025-01-25 16:12:02.491[39m | [1m[37m      INFO      [39m[49m[0m | bittensor:utils.py:9 | UID:43 | Block:4783084 | Consensus:0.0 | Stake:0.0 | Trust:0.0 | Incentive:0.0 | Emission:0.0
[34m2025-01-25 16:12:14.887[39m | [1m[37m      INFO      [39m[49m[0m | bittensor:utils.py:9 | UID:43 | Block:4783085 | Consensus:0.0 | Stake:0.0 | Trust:0.0 | Incentive:0.0 | Emission:0.0
[34m2025-01-25 16:12:27.373[39m | [1m[37m      INFO      [39m[49m[0m | bittensor:utils.py:9 | UID:43 | Block:4783086 | Consensus:0.0 | Stake:0.0 | Trust:0.0 | Incentive:0.0 | Emission:0.0
[34m2025-01-25 16:12:38.573[39m | [1m[37m      INFO      [39m[49m[0m | bittensor:utils.py:9 | UID:43 | Block:4783087 | Consensus:0.0 | Stake:0.0 | Trust:0.0 | Incentive:0.0 | Emission:0.0
[34m2025-01-25 16:12:50.571[39m | [1m[37m      INFO      [39m[49m[0m | bittensor:utils.py:9 | UID:43 | Block:4783088 | Consensus:0.0 | Stake:0.0 | Trust:0.0 | Incentive:0.0 | Emission:0.0
[34m2025-01-25 16:13:03.461[39m | [1m[37m      INFO      [39m[49m[0m | bittensor:utils.py:9 | UID:43 | Block:4783089 | Consensus:0.0 | Stake:0.0 | Trust:0.0 | Incentive:0.0 | Emission:0.0
[34m2025-01-25 16:13:16.219[39m | [1m[37m      INFO      [39m[49m[0m | bittensor:utils.py:9 | UID:43 | Block:4783090 | Consensus:0.0 | Stake:0.0 | Trust:0.0 | Incentive:0.0 | Emission:0.0
[34m2025-01-25 16:13:27.894[39m | [1m[37m      INFO      [39m[49m[0m | bittensor:utils.py:9 | UID:43 | Block:4783091 | Consensus:0.0 | Stake:0.0 | Trust:0.0 | Incentive:0.0 | Emission:0.0
[34m2025-01-25 16:13:38.955[39m | [1m[37m      INFO      [39m[49m[0m | bittensor:utils.py:9 | UID:43 | Block:4783092 | Consensus:0.0 | Stake:0.0 | Trust:0.0 | Incentive:0.0 | Emission:0.0
[34m2025-01-25 16:13:51.037[39m | [1m[37m      INFO      [39m[49m[0m | bittensor:utils.py:9 | UID:43 | Block:4783093 | Consensus:0.0 | Stake:0.0 | Trust:0.0 | Incentive:0.0 | Emission:0.0
[34m2025-01-25 16:14:02.764[39m | [1m[37m      INFO      [39m[49m[0m | bittensor:utils.py:9 | UID:43 | Block:4783094 | Consensus:0.0 | Stake:0.0 | Trust:0.0 | Incentive:0.0 | Emission:0.0
[34m2025-01-25 16:14:15.430[39m | [1m[37m      INFO      [39m[49m[0m | bittensor:utils.py:9 | UID:43 | Block:4783095 | Consensus:0.0 | Stake:0.0 | Trust:0.0 | Incentive:0.0 | Emission:0.0
[34m2025-01-25 16:14:27.082[39m | [1m[37m      INFO      [39m[49m[0m | bittensor:utils.py:9 | UID:43 | Block:4783096 | Consensus:0.0 | Stake:0.0 | Trust:0.0 | Incentive:0.0 | Emission:0.0
[34m2025-01-25 16:14:39.983[39m | [1m[37m      INFO      [39m[49m[0m | bittensor:utils.py:9 | UID:43 | Block:4783097 | Consensus:0.0 | Stake:0.0 | Trust:0.0 | Incentive:0.0 | Emission:0.0
[34m2025-01-25 16:14:50.548[39m | [1m[37m      INFO      [39m[49m[0m | bittensor:utils.py:9 | UID:43 | Block:4783098 | Consensus:0.0 | Stake:0.0 | Trust:0.0 | Incentive:0.0 | Emission:0.0
[34m2025-01-25 16:15:02.864[39m | [1m[37m      INFO      [39m[49m[0m | bittensor:utils.py:9 | UID:43 | Block:4783099 | Consensus:0.0 | Stake:0.0 | Trust:0.0 | Incentive:0.0 | Emission:0.0
[34m2025-01-25 16:15:14.314[39m | [1m[37m      INFO      [39m[49m[0m | bittensor:utils.py:9 | UID:43 | Block:4783100 | Consensus:0.0 | Stake:0.0 | Trust:0.0 | Incentive:0.0 | Emission:0.0
[34m2025-01-25 16:15:26.884[39m | [1m[37m      INFO      [39m[49m[0m | bittensor:utils.py:9 | UID:43 | Block:4783101 | Consensus:0.0 | Stake:0.0 | Trust:0.0 | Incentive:0.0 | Emission:0.0
[34m2025-01-25 16:15:38.615[39m | [1m[37m      INFO      [39m[49m[0m | bittensor:utils.py:9 | UID:43 | Block:4783102 | Consensus:0.0 | Stake:0.0 | Trust:0.0 | Incentive:0.0 | Emission:0.0
[34m2025-01-25 16:15:50.562[39m | [1m[37m      INFO      [39m[49m[0m | bittensor:utils.py:9 | UID:43 | Block:4783103 | Consensus:0.0 | Stake:0.0 | Trust:0.0 | Incentive:0.0 | Emission:0.0
[34m2025-01-25 16:16:02.360[39m | [1m[37m      INFO      [39m[49m[0m | bittensor:utils.py:9 | UID:43 | Block:4783104 | Consensus:0.0 | Stake:0.0 | Trust:0.0 | Incentive:0.0 | Emission:0.0
[34m2025-01-25 16:16:14.805[39m | [1m[37m      INFO      [39m[49m[0m | bittensor:utils.py:9 | UID:43 | Block:4783105 | Consensus:0.0 | Stake:0.0 | Trust:0.0 | Incentive:0.0 | Emission:0.0
[34m2025-01-25 16:16:26.462[39m | [1m[37m      INFO      [39m[49m[0m | bittensor:utils.py:9 | UID:43 | Block:4783106 | Consensus:0.0 | Stake:0.0 | Trust:0.0 | Incentive:0.0 | Emission:0.0
[34m2025-01-25 16:16:38.873[39m | [1m[37m      INFO      [39m[49m[0m | bittensor:utils.py:9 | UID:43 | Block:4783107 | Consensus:0.0 | Stake:0.0 | Trust:0.0 | Incentive:0.0 | Emission:0.0
[34m2025-01-25 16:16:50.138[39m | [1m[37m      INFO      [39m[49m[0m | bittensor:utils.py:9 | UID:43 | Block:4783108 | Consensus:0.0 | Stake:0.0 | Trust:0.0 | Incentive:0.0 | Emission:0.0
[34m2025-01-25 16:17:02.523[39m | [1m[37m      INFO      [39m[49m[0m | bittensor:utils.py:9 | UID:43 | Block:4783109 | Consensus:0.0 | Stake:0.0 | Trust:0.0 | Incentive:0.0 | Emission:0.0
[34m2025-01-25 16:17:14.396[39m | [1m[37m      INFO      [39m[49m[0m | bittensor:utils.py:9 | UID:43 | Block:4783110 | Consensus:0.0 | Stake:0.0 | Trust:0.0 | Incentive:0.0 | Emission:0.0
[34m2025-01-25 16:17:26.444[39m | [1m[37m      INFO      [39m[49m[0m | bittensor:utils.py:9 | UID:43 | Block:4783111 | Consensus:0.0 | Stake:0.0 | Trust:0.0 | Incentive:0.0 | Emission:0.0
[34m2025-01-25 16:17:38.642[39m | [1m[37m      INFO      [39m[49m[0m | bittensor:utils.py:9 | UID:43 | Block:4783112 | Consensus:0.0 | Stake:0.0 | Trust:0.0 | Incentive:0.0 | Emission:0.0
[34m2025-01-25 16:17:50.437[39m | [1m[37m      INFO      [39m[49m[0m | bittensor:utils.py:9 | UID:43 | Block:4783113 | Consensus:0.0 | Stake:0.0 | Trust:0.0 | Incentive:0.0 | Emission:0.0
[34m2025-01-25 16:18:03.115[39m | [1m[37m      INFO      [39m[49m[0m | bittensor:utils.py:9 | UID:43 | Block:4783114 | Consensus:0.0 | Stake:0.0 | Trust:0.0 | Incentive:0.0 | Emission:0.0
[34m2025-01-25 16:18:14.788[39m | [1m[37m      INFO      [39m[49m[0m | bittensor:utils.py:9 | UID:43 | Block:4783115 | Consensus:0.0 | Stake:0.0 | Trust:0.0 | Incentive:0.0 | Emission:0.0
[34m2025-01-25 16:18:26.558[39m | [1m[37m      INFO      [39m[49m[0m | bittensor:utils.py:9 | UID:43 | Block:4783116 | Consensus:0.0 | Stake:0.0 | Trust:0.0 | Incentive:0.0 | Emission:0.0
[34m2025-01-25 16:18:38.485[39m | [1m[37m      INFO      [39m[49m[0m | bittensor:utils.py:9 | UID:43 | Block:4783117 | Consensus:0.0 | Stake:0.0 | Trust:0.0 | Incentive:0.0 | Emission:0.0
[34m2025-01-25 16:18:50.523[39m | [1m[37m      INFO      [39m[49m[0m | bittensor:utils.py:9 | UID:43 | Block:4783118 | Consensus:0.0 | Stake:0.0 | Trust:0.0 | Incentive:0.0 | Emission:0.0
[34m2025-01-25 16:19:02.256[39m | [1m[37m      INFO      [39m[49m[0m | bittensor:utils.py:9 | UID:43 | Block:4783119 | Consensus:0.0 | Stake:0.0 | Trust:0.0 | Incentive:0.0 | Emission:0.0
[34m2025-01-25 16:19:14.277[39m | [1m[37m      INFO      [39m[49m[0m | bittensor:utils.py:9 | UID:43 | Block:4783120 | Consensus:0.0 | Stake:0.0 | Trust:0.0 | Incentive:0.0 | Emission:0.0
[34m2025-01-25 16:19:26.978[39m | [1m[37m      INFO      [39m[49m[0m | bittensor:utils.py:9 | UID:43 | Block:4783121 | Consensus:0.0 | Stake:0.0 | Trust:0.0 | Incentive:0.0 | Emission:0.0
[34m2025-01-25 16:19:38.517[39m | [1m[37m      INFO      [39m[49m[0m | bittensor:utils.py:9 | UID:43 | Block:4783122 | Consensus:0.0 | Stake:0.0 | Trust:0.0 | Incentive:0.0 | Emission:0.0
[34m2025-01-25 16:19:50.875[39m | [1m[37m      INFO      [39m[49m[0m | bittensor:utils.py:9 | UID:43 | Block:4783123 | Consensus:0.0 | Stake:0.0 | Trust:0.0 | Incentive:0.0 | Emission:0.0
[34m2025-01-25 16:20:02.823[39m | [1m[37m      INFO      [39m[49m[0m | bittensor:utils.py:9 | UID:43 | Block:4783124 | Consensus:0.0 | Stake:0.0 | Trust:0.0 | Incentive:0.0 | Emission:0.0
[34m2025-01-25 16:20:15.855[39m | [1m[37m      INFO      [39m[49m[0m | bittensor:utils.py:9 | UID:43 | Block:4783125 | Consensus:0.0 | Stake:0.0 | Trust:0.0 | Incentive:0.0 | Emission:0.0
[34m2025-01-25 16:20:26.699[39m | [1m[37m      INFO      [39m[49m[0m | bittensor:utils.py:9 | UID:43 | Block:4783126 | Consensus:0.0 | Stake:0.0 | Trust:0.0 | Incentive:0.0 | Emission:0.0
[34m2025-01-25 16:20:40.029[39m | [1m[37m      INFO      [39m[49m[0m | bittensor:utils.py:9 | UID:43 | Block:4783127 | Consensus:0.0 | Stake:0.0 | Trust:0.0 | Incentive:0.0 | Emission:0.0
[34m2025-01-25 16:20:50.431[39m | [1m[37m      INFO      [39m[49m[0m | bittensor:utils.py:9 | UID:43 | Block:4783128 | Consensus:0.0 | Stake:0.0 | Trust:0.0 | Incentive:0.0 | Emission:0.0
[34m2025-01-25 16:21:02.824[39m | [1m[37m      INFO      [39m[49m[0m | bittensor:utils.py:9 | UID:43 | Block:4783129 | Consensus:0.0 | Stake:0.0 | Trust:0.0 | Incentive:0.0 | Emission:0.0
[34m2025-01-25 16:21:14.496[39m | [1m[37m      INFO      [39m[49m[0m | bittensor:utils.py:9 | UID:43 | Block:4783130 | Consensus:0.0 | Stake:0.0 | Trust:0.0 | Incentive:0.0 | Emission:0.0
[34m2025-01-25 16:21:27.197[39m | [1m[37m      INFO      [39m[49m[0m | bittensor:utils.py:9 | UID:43 | Block:4783131 | Consensus:0.0 | Stake:0.0 | Trust:0.0 | Incentive:0.0 | Emission:0.0
[34m2025-01-25 16:21:38.660[39m | [1m[37m      INFO      [39m[49m[0m | bittensor:utils.py:9 | UID:43 | Block:4783132 | Consensus:0.0 | Stake:0.0 | Trust:0.0 | Incentive:0.0 | Emission:0.0
[34m2025-01-25 16:21:50.744[39m | [1m[37m      INFO      [39m[49m[0m | bittensor:utils.py:9 | UID:43 | Block:4783133 | Consensus:0.0 | Stake:0.0 | Trust:0.0 | Incentive:0.0 | Emission:0.0
[34m2025-01-25 16:22:02.728[39m | [1m[37m      INFO      [39m[49m[0m | bittensor:utils.py:9 | UID:43 | Block:4783134 | Consensus:0.0 | Stake:0.0 | Trust:0.0 | Incentive:0.0 | Emission:0.0
[34m2025-01-25 16:22:16.359[39m | [1m[37m      INFO      [39m[49m[0m | bittensor:utils.py:9 | UID:43 | Block:4783135 | Consensus:0.0 | Stake:0.0 | Trust:0.0 | Incentive:0.0 | Emission:0.0
[34m2025-01-25 16:22:26.583[39m | [1m[37m      INFO      [39m[49m[0m | bittensor:utils.py:9 | UID:43 | Block:4783136 | Consensus:0.0 | Stake:0.0 | Trust:0.0 | Incentive:0.0 | Emission:0.0
[34m2025-01-25 16:22:38.761[39m | [1m[37m      INFO      [39m[49m[0m | bittensor:utils.py:9 | UID:43 | Block:4783137 | Consensus:0.0 | Stake:0.0 | Trust:0.0 | Incentive:0.0 | Emission:0.0
[34m2025-01-25 16:22:50.299[39m | [1m[37m      INFO      [39m[49m[0m | bittensor:utils.py:9 | UID:43 | Block:4783138 | Consensus:0.0 | Stake:0.0 | Trust:0.0 | Incentive:0.0 | Emission:0.0
[34m2025-01-25 16:23:02.394[39m | [1m[37m      INFO      [39m[49m[0m | bittensor:utils.py:9 | UID:43 | Block:4783139 | Consensus:0.0 | Stake:0.0 | Trust:0.0 | Incentive:0.0 | Emission:0.0
[34m2025-01-25 16:23:14.887[39m | [1m[37m      INFO      [39m[49m[0m | bittensor:utils.py:9 | UID:43 | Block:4783140 | Consensus:0.0 | Stake:0.0 | Trust:0.0 | Incentive:0.0 | Emission:0.0
[34m2025-01-25 16:23:26.869[39m | [1m[37m      INFO      [39m[49m[0m | bittensor:utils.py:9 | UID:43 | Block:4783141 | Consensus:0.0 | Stake:0.0 | Trust:0.0 | Incentive:0.0 | Emission:0.0
[34m2025-01-25 16:23:38.685[39m | [1m[37m      INFO      [39m[49m[0m | bittensor:utils.py:9 | UID:43 | Block:4783142 | Consensus:0.0 | Stake:0.0 | Trust:0.0 | Incentive:0.0 | Emission:0.0
[34m2025-01-25 16:23:50.653[39m | [1m[37m      INFO      [39m[49m[0m | bittensor:utils.py:9 | UID:43 | Block:4783143 | Consensus:0.0 | Stake:0.0 | Trust:0.0 | Incentive:0.0 | Emission:0.0
[34m2025-01-25 16:24:02.657[39m | [1m[37m      INFO      [39m[49m[0m | bittensor:utils.py:9 | UID:43 | Block:4783144 | Consensus:0.0 | Stake:0.0 | Trust:0.0 | Incentive:0.0 | Emission:0.0
[34m2025-01-25 16:24:14.618[39m | [1m[37m      INFO      [39m[49m[0m | bittensor:utils.py:9 | UID:43 | Block:4783145 | Consensus:0.0 | Stake:0.0 | Trust:0.0 | Incentive:0.0 | Emission:0.0
[34m2025-01-25 16:24:27.782[39m | [1m[37m      INFO      [39m[49m[0m | bittensor:utils.py:9 | UID:43 | Block:4783146 | Consensus:0.0 | Stake:0.0 | Trust:0.0 | Incentive:0.0 | Emission:0.0
[34m2025-01-25 16:24:39.313[39m | [1m[37m      INFO      [39m[49m[0m | bittensor:utils.py:9 | UID:43 | Block:4783147 | Consensus:0.0 | Stake:0.0 | Trust:0.0 | Incentive:0.0 | Emission:0.0
[34m2025-01-25 16:24:50.552[39m | [1m[37m      INFO      [39m[49m[0m | bittensor:utils.py:9 | UID:43 | Block:4783148 | Consensus:0.0 | Stake:0.0 | Trust:0.0 | Incentive:0.0 | Emission:0.0
[34m2025-01-25 16:25:02.844[39m | [1m[37m      INFO      [39m[49m[0m | bittensor:utils.py:9 | UID:43 | Block:4783149 | Consensus:0.0 | Stake:0.0 | Trust:0.0 | Incentive:0.0 | Emission:0.0
[34m2025-01-25 16:25:14.623[39m | [1m[37m      INFO      [39m[49m[0m | bittensor:utils.py:9 | UID:43 | Block:4783150 | Consensus:0.0 | Stake:0.0 | Trust:0.0 | Incentive:0.0 | Emission:0.0
[34m2025-01-25 16:25:27.568[39m | [1m[37m      INFO      [39m[49m[0m | bittensor:utils.py:9 | UID:43 | Block:4783151 | Consensus:0.0 | Stake:0.0 | Trust:0.0 | Incentive:0.0 | Emission:0.0
[34m2025-01-25 16:25:38.476[39m | [1m[37m      INFO      [39m[49m[0m | bittensor:utils.py:9 | UID:43 | Block:4783152 | Consensus:0.0 | Stake:0.0 | Trust:0.0 | Incentive:0.0 | Emission:0.0
[34m2025-01-25 16:25:50.976[39m | [1m[37m      INFO      [39m[49m[0m | bittensor:utils.py:9 | UID:43 | Block:4783153 | Consensus:0.0 | Stake:0.0 | Trust:0.0 | Incentive:0.0 | Emission:0.0
[34m2025-01-25 16:26:02.975[39m | [1m[37m      INFO      [39m[49m[0m | bittensor:utils.py:9 | UID:43 | Block:4783154 | Consensus:0.0 | Stake:0.0 | Trust:0.0 | Incentive:0.0 | Emission:0.0
[34m2025-01-25 16:26:14.754[39m | [1m[37m      INFO      [39m[49m[0m | bittensor:utils.py:9 | UID:43 | Block:4783155 | Consensus:0.0 | Stake:0.0 | Trust:0.0 | Incentive:0.0 | Emission:0.0
[34m2025-01-25 16:26:26.608[39m | [1m[37m      INFO      [39m[49m[0m | bittensor:utils.py:9 | UID:43 | Block:4783156 | Consensus:0.0 | Stake:0.0 | Trust:0.0 | Incentive:0.0 | Emission:0.0
[34m2025-01-25 16:26:38.598[39m | [1m[37m      INFO      [39m[49m[0m | bittensor:utils.py:9 | UID:43 | Block:4783157 | Consensus:0.0 | Stake:0.0 | Trust:0.0 | Incentive:0.0 | Emission:0.0
[34m2025-01-25 16:26:50.775[39m | [1m[37m      INFO      [39m[49m[0m | bittensor:utils.py:9 | UID:43 | Block:4783158 | Consensus:0.0 | Stake:0.0 | Trust:0.0 | Incentive:0.0 | Emission:0.0
[34m2025-01-25 16:27:02.860[39m | [1m[37m      INFO      [39m[49m[0m | bittensor:utils.py:9 | UID:43 | Block:4783159 | Consensus:0.0 | Stake:0.0 | Trust:0.0 | Incentive:0.0 | Emission:0.0
[34m2025-01-25 16:27:14.838[39m | [1m[37m      INFO      [39m[49m[0m | bittensor:utils.py:9 | UID:43 | Block:4783160 | Consensus:0.0 | Stake:0.0 | Trust:0.0 | Incentive:0.0 | Emission:0.0
[34m2025-01-25 16:27:26.719[39m | [1m[37m      INFO      [39m[49m[0m | bittensor:utils.py:9 | UID:43 | Block:4783161 | Consensus:0.0 | Stake:0.0 | Trust:0.0 | Incentive:0.0 | Emission:0.0
[34m2025-01-25 16:27:38.311[39m | [1m[37m      INFO      [39m[49m[0m | bittensor:utils.py:9 | UID:43 | Block:4783162 | Consensus:0.0 | Stake:0.0 | Trust:0.0 | Incentive:0.0 | Emission:0.0
[34m2025-01-25 16:27:50.498[39m | [1m[37m      INFO      [39m[49m[0m | bittensor:utils.py:9 | UID:43 | Block:4783163 | Consensus:0.0 | Stake:0.0 | Trust:0.0 | Incentive:0.0 | Emission:0.0
[34m2025-01-25 16:28:02.270[39m | [1m[37m      INFO      [39m[49m[0m | bittensor:utils.py:9 | UID:43 | Block:4783164 | Consensus:0.0 | Stake:0.0 | Trust:0.0 | Incentive:0.0 | Emission:0.0
[34m2025-01-25 16:28:14.767[39m | [1m[37m      INFO      [39m[49m[0m | bittensor:utils.py:9 | UID:43 | Block:4783165 | Consensus:0.0 | Stake:0.0 | Trust:0.0 | Incentive:0.0 | Emission:0.0
[34m2025-01-25 16:28:26.444[39m | [1m[37m      INFO      [39m[49m[0m | bittensor:utils.py:9 | UID:43 | Block:4783166 | Consensus:0.0 | Stake:0.0 | Trust:0.0 | Incentive:0.0 | Emission:0.0
[34m2025-01-25 16:28:38.910[39m | [1m[37m      INFO      [39m[49m[0m | bittensor:utils.py:9 | UID:43 | Block:4783167 | Consensus:0.0 | Stake:0.0 | Trust:0.0 | Incentive:0.0 | Emission:0.0
[34m2025-01-25 16:28:50.684[39m | [1m[37m      INFO      [39m[49m[0m | bittensor:utils.py:9 | UID:43 | Block:4783168 | Consensus:0.0 | Stake:0.0 | Trust:0.0 | Incentive:0.0 | Emission:0.0
[34m2025-01-25 16:29:02.776[39m | [1m[37m      INFO      [39m[49m[0m | bittensor:utils.py:9 | UID:43 | Block:4783169 | Consensus:0.0 | Stake:0.0 | Trust:0.0 | Incentive:0.0 | Emission:0.0
[34m2025-01-25 16:29:14.519[39m | [1m[37m      INFO      [39m[49m[0m | bittensor:utils.py:9 | UID:43 | Block:4783170 | Consensus:0.0 | Stake:0.0 | Trust:0.0 | Incentive:0.0 | Emission:0.0
[34m2025-01-25 16:29:27.138[39m | [1m[37m      INFO      [39m[49m[0m | bittensor:utils.py:9 | UID:43 | Block:4783171 | Consensus:0.0 | Stake:0.0 | Trust:0.0 | Incentive:0.0 | Emission:0.0
[34m2025-01-25 16:29:38.815[39m | [1m[37m      INFO      [39m[49m[0m | bittensor:utils.py:9 | UID:43 | Block:4783172 | Consensus:0.0 | Stake:0.0 | Trust:0.0 | Incentive:0.0 | Emission:0.0
[34m2025-01-25 16:29:50.734[39m | [1m[37m      INFO      [39m[49m[0m | bittensor:utils.py:9 | UID:43 | Block:4783173 | Consensus:0.0 | Stake:0.0 | Trust:0.0 | Incentive:0.0 | Emission:0.0
[34m2025-01-25 16:30:02.596[39m | [1m[37m      INFO      [39m[49m[0m | bittensor:utils.py:9 | UID:43 | Block:4783174 | Consensus:0.0 | Stake:0.0 | Trust:0.0 | Incentive:0.0 | Emission:0.0
[34m2025-01-25 16:30:14.806[39m | [1m[37m      INFO      [39m[49m[0m | bittensor:utils.py:9 | UID:43 | Block:4783175 | Consensus:0.0 | Stake:0.0 | Trust:0.0 | Incentive:0.0 | Emission:0.0
[34m2025-01-25 16:30:27.242[39m | [1m[37m      INFO      [39m[49m[0m | bittensor:utils.py:9 | UID:43 | Block:4783176 | Consensus:0.0 | Stake:0.0 | Trust:0.0 | Incentive:0.0 | Emission:0.0
[34m2025-01-25 16:30:38.630[39m | [1m[37m      INFO      [39m[49m[0m | bittensor:utils.py:9 | UID:43 | Block:4783177 | Consensus:0.0 | Stake:0.0 | Trust:0.0 | Incentive:0.0 | Emission:0.0
[34m2025-01-25 16:30:50.696[39m | [1m[37m      INFO      [39m[49m[0m | bittensor:utils.py:9 | UID:43 | Block:4783178 | Consensus:0.0 | Stake:0.0 | Trust:0.0 | Incentive:0.0 | Emission:0.0
[34m2025-01-25 16:31:02.884[39m | [1m[37m      INFO      [39m[49m[0m | bittensor:utils.py:9 | UID:43 | Block:4783179 | Consensus:0.0 | Stake:0.0 | Trust:0.0 | Incentive:0.0 | Emission:0.0
[34m2025-01-25 16:31:14.556[39m | [1m[37m      INFO      [39m[49m[0m | bittensor:utils.py:9 | UID:43 | Block:4783180 | Consensus:0.0 | Stake:0.0 | Trust:0.0 | Incentive:0.0 | Emission:0.0
[34m2025-01-25 16:31:27.022[39m | [1m[37m      INFO      [39m[49m[0m | bittensor:utils.py:9 | UID:43 | Block:4783181 | Consensus:0.0 | Stake:0.0 | Trust:0.0 | Incentive:0.0 | Emission:0.0
[34m2025-01-25 16:31:38.269[39m | [1m[37m      INFO      [39m[49m[0m | bittensor:utils.py:9 | UID:43 | Block:4783182 | Consensus:0.0 | Stake:0.0 | Trust:0.0 | Incentive:0.0 | Emission:0.0
[34m2025-01-25 16:31:50.808[39m | [1m[37m      INFO      [39m[49m[0m | bittensor:utils.py:9 | UID:43 | Block:4783183 | Consensus:0.0 | Stake:0.0 | Trust:0.0 | Incentive:0.0 | Emission:0.0
[34m2025-01-25 16:32:02.787[39m | [1m[37m      INFO      [39m[49m[0m | bittensor:utils.py:9 | UID:43 | Block:4783184 | Consensus:0.0 | Stake:0.0 | Trust:0.0 | Incentive:0.0 | Emission:0.0
[34m2025-01-25 16:32:14.672[39m | [1m[37m      INFO      [39m[49m[0m | bittensor:utils.py:9 | UID:43 | Block:4783185 | Consensus:0.0 | Stake:0.0 | Trust:0.0 | Incentive:0.0 | Emission:0.0
[34m2025-01-25 16:32:28.662[39m | [1m[37m      INFO      [39m[49m[0m | bittensor:utils.py:9 | UID:43 | Block:4783186 | Consensus:0.0 | Stake:0.0 | Trust:0.0 | Incentive:0.0 | Emission:0.0
[34m2025-01-25 16:32:38.690[39m | [1m[37m      INFO      [39m[49m[0m | bittensor:utils.py:9 | UID:43 | Block:4783187 | Consensus:0.0 | Stake:0.0 | Trust:0.0 | Incentive:0.0 | Emission:0.0
[34m2025-01-25 16:32:50.015[39m | [1m[37m      INFO      [39m[49m[0m | bittensor:utils.py:9 | UID:43 | Block:4783188 | Consensus:0.0 | Stake:0.0 | Trust:0.0 | Incentive:0.0 | Emission:0.0
[34m2025-01-25 16:33:03.160[39m | [1m[37m      INFO      [39m[49m[0m | bittensor:utils.py:9 | UID:43 | Block:4783189 | Consensus:0.0 | Stake:0.0 | Trust:0.0 | Incentive:0.0 | Emission:0.0
[34m2025-01-25 16:33:15.427[39m | [1m[37m      INFO      [39m[49m[0m | bittensor:utils.py:9 | UID:43 | Block:4783190 | Consensus:0.0 | Stake:0.0 | Trust:0.0 | Incentive:0.0 | Emission:0.0
[34m2025-01-25 16:33:27.756[39m | [1m[37m      INFO      [39m[49m[0m | bittensor:utils.py:9 | UID:43 | Block:4783191 | Consensus:0.0 | Stake:0.0 | Trust:0.0 | Incentive:0.0 | Emission:0.0
[34m2025-01-25 16:33:40.356[39m | [1m[37m      INFO      [39m[49m[0m | bittensor:utils.py:9 | UID:43 | Block:4783192 | Consensus:0.0 | Stake:0.0 | Trust:0.0 | Incentive:0.0 | Emission:0.0
[34m2025-01-25 16:33:52.272[39m | [1m[37m      INFO      [39m[49m[0m | bittensor:utils.py:9 | UID:43 | Block:4783193 | Consensus:0.0 | Stake:0.0 | Trust:0.0 | Incentive:0.0 | Emission:0.0
[34m2025-01-25 16:34:03.887[39m | [1m[37m      INFO      [39m[49m[0m | bittensor:utils.py:9 | UID:43 | Block:4783194 | Consensus:0.0 | Stake:0.0 | Trust:0.0 | Incentive:0.0 | Emission:0.0
[34m2025-01-25 16:34:15.883[39m | [1m[37m      INFO      [39m[49m[0m | bittensor:utils.py:9 | UID:43 | Block:4783195 | Consensus:0.0 | Stake:0.0 | Trust:0.0 | Incentive:0.0 | Emission:0.0
[34m2025-01-25 16:34:27.403[39m | [1m[37m      INFO      [39m[49m[0m | bittensor:utils.py:9 | UID:43 | Block:4783196 | Consensus:0.0 | Stake:0.0 | Trust:0.0 | Incentive:0.0 | Emission:0.0
[34m2025-01-25 16:34:40.233[39m | [1m[37m      INFO      [39m[49m[0m | bittensor:utils.py:9 | UID:43 | Block:4783197 | Consensus:0.0 | Stake:0.0 | Trust:0.0 | Incentive:0.0 | Emission:0.0
[34m2025-01-25 16:34:50.419[39m | [1m[37m      INFO      [39m[49m[0m | bittensor:utils.py:9 | UID:43 | Block:4783198 | Consensus:0.0 | Stake:0.0 | Trust:0.0 | Incentive:0.0 | Emission:0.0
[34m2025-01-25 16:35:03.183[39m | [1m[37m      INFO      [39m[49m[0m | bittensor:utils.py:9 | UID:43 | Block:4783199 | Consensus:0.0 | Stake:0.0 | Trust:0.0 | Incentive:0.0 | Emission:0.0
[34m2025-01-25 16:35:15.766[39m | [1m[37m      INFO      [39m[49m[0m | bittensor:utils.py:9 | UID:43 | Block:4783200 | Consensus:0.0 | Stake:0.0 | Trust:0.0 | Incentive:0.0 | Emission:0.0
[34m2025-01-25 16:35:27.645[39m | [1m[37m      INFO      [39m[49m[0m | bittensor:utils.py:9 | UID:43 | Block:4783201 | Consensus:0.0 | Stake:0.0 | Trust:0.0 | Incentive:0.0 | Emission:0.0
[34m2025-01-25 16:35:39.750[39m | [1m[37m      INFO      [39m[49m[0m | bittensor:utils.py:9 | UID:43 | Block:4783202 | Consensus:0.0 | Stake:0.0 | Trust:0.0 | Incentive:0.0 | Emission:0.0
[34m2025-01-25 16:35:51.808[39m | [1m[37m      INFO      [39m[49m[0m | bittensor:utils.py:9 | UID:43 | Block:4783203 | Consensus:0.0 | Stake:0.0 | Trust:0.0 | Incentive:0.0 | Emission:0.0
[34m2025-01-25 16:36:02.570[39m | [1m[37m      INFO      [39m[49m[0m | bittensor:utils.py:9 | UID:43 | Block:4783204 | Consensus:0.0 | Stake:0.0 | Trust:0.0 | Incentive:0.0 | Emission:0.0
[34m2025-01-25 16:36:14.855[39m | [1m[37m      INFO      [39m[49m[0m | bittensor:utils.py:9 | UID:43 | Block:4783205 | Consensus:0.0 | Stake:0.0 | Trust:0.0 | Incentive:0.0 | Emission:0.0
[34m2025-01-25 16:36:26.549[39m | [1m[37m      INFO      [39m[49m[0m | bittensor:utils.py:9 | UID:43 | Block:4783206 | Consensus:0.0 | Stake:0.0 | Trust:0.0 | Incentive:0.0 | Emission:0.0
[34m2025-01-25 16:36:39.978[39m | [1m[37m      INFO      [39m[49m[0m | bittensor:utils.py:9 | UID:43 | Block:4783207 | Consensus:0.0 | Stake:0.0 | Trust:0.0 | Incentive:0.0 | Emission:0.0
[34m2025-01-25 16:36:52.430[39m | [1m[37m      INFO      [39m[49m[0m | bittensor:utils.py:9 | UID:43 | Block:4783208 | Consensus:0.0 | Stake:0.0 | Trust:0.0 | Incentive:0.0 | Emission:0.0
[34m2025-01-25 16:37:03.599[39m | [1m[37m      INFO      [39m[49m[0m | bittensor:utils.py:9 | UID:43 | Block:4783209 | Consensus:0.0 | Stake:0.0 | Trust:0.0 | Incentive:0.0 | Emission:0.0
[34m2025-01-25 16:37:14.764[39m | [1m[37m      INFO      [39m[49m[0m | bittensor:utils.py:9 | UID:43 | Block:4783210 | Consensus:0.0 | Stake:0.0 | Trust:0.0 | Incentive:0.0 | Emission:0.0
[34m2025-01-25 16:37:27.147[39m | [1m[37m      INFO      [39m[49m[0m | bittensor:utils.py:9 | UID:43 | Block:4783211 | Consensus:0.0 | Stake:0.0 | Trust:0.0 | Incentive:0.0 | Emission:0.0
[34m2025-01-25 16:37:39.248[39m | [1m[37m      INFO      [39m[49m[0m | bittensor:utils.py:9 | UID:43 | Block:4783212 | Consensus:0.0 | Stake:0.0 | Trust:0.0 | Incentive:0.0 | Emission:0.0
[34m2025-01-25 16:37:51.310[39m | [1m[37m      INFO      [39m[49m[0m | bittensor:utils.py:9 | UID:43 | Block:4783213 | Consensus:0.0 | Stake:0.0 | Trust:0.0 | Incentive:0.0 | Emission:0.0
[34m2025-01-25 16:38:04.650[39m | [1m[37m      INFO      [39m[49m[0m | bittensor:utils.py:9 | UID:43 | Block:4783214 | Consensus:0.0 | Stake:0.0 | Trust:0.0 | Incentive:0.0 | Emission:0.0
[34m2025-01-25 16:38:16.740[39m | [1m[37m      INFO      [39m[49m[0m | bittensor:utils.py:9 | UID:43 | Block:4783215 | Consensus:0.0 | Stake:0.0 | Trust:0.0 | Incentive:0.0 | Emission:0.0
[34m2025-01-25 16:38:27.666[39m | [1m[37m      INFO      [39m[49m[0m | bittensor:utils.py:9 | UID:43 | Block:4783216 | Consensus:0.0 | Stake:0.0 | Trust:0.0 | Incentive:0.0 | Emission:0.0
[34m2025-01-25 16:38:39.664[39m | [1m[37m      INFO      [39m[49m[0m | bittensor:utils.py:9 | UID:43 | Block:4783217 | Consensus:0.0 | Stake:0.0 | Trust:0.0 | Incentive:0.0 | Emission:0.0
[34m2025-01-25 16:38:51.728[39m | [1m[37m      INFO      [39m[49m[0m | bittensor:utils.py:9 | UID:43 | Block:4783218 | Consensus:0.0 | Stake:0.0 | Trust:0.0 | Incentive:0.0 | Emission:0.0
[34m2025-01-25 16:39:03.603[39m | [1m[37m      INFO      [39m[49m[0m | bittensor:utils.py:9 | UID:43 | Block:4783219 | Consensus:0.0 | Stake:0.0 | Trust:0.0 | Incentive:0.0 | Emission:0.0
[34m2025-01-25 16:39:16.201[39m | [1m[37m      INFO      [39m[49m[0m | bittensor:utils.py:9 | UID:43 | Block:4783220 | Consensus:0.0 | Stake:0.0 | Trust:0.0 | Incentive:0.0 | Emission:0.0
[34m2025-01-25 16:39:26.684[39m | [1m[37m      INFO      [39m[49m[0m | bittensor:utils.py:9 | UID:43 | Block:4783221 | Consensus:0.0 | Stake:0.0 | Trust:0.0 | Incentive:0.0 | Emission:0.0
[34m2025-01-25 16:39:38.729[39m | [1m[37m      INFO      [39m[49m[0m | bittensor:utils.py:9 | UID:43 | Block:4783222 | Consensus:0.0 | Stake:0.0 | Trust:0.0 | Incentive:0.0 | Emission:0.0
[34m2025-01-25 16:39:52.031[39m | [1m[37m      INFO      [39m[49m[0m | bittensor:utils.py:9 | UID:43 | Block:4783223 | Consensus:0.0 | Stake:0.0 | Trust:0.0 | Incentive:0.0 | Emission:0.0
[34m2025-01-25 16:40:04.336[39m | [1m[37m      INFO      [39m[49m[0m | bittensor:utils.py:9 | UID:43 | Block:4783224 | Consensus:0.0 | Stake:0.0 | Trust:0.0 | Incentive:0.0 | Emission:0.0
[34m2025-01-25 16:40:16.086[39m | [1m[37m      INFO      [39m[49m[0m | bittensor:utils.py:9 | UID:43 | Block:4783225 | Consensus:0.0 | Stake:0.0 | Trust:0.0 | Incentive:0.0 | Emission:0.0
[34m2025-01-25 16:40:27.098[39m | [1m[37m      INFO      [39m[49m[0m | bittensor:utils.py:9 | UID:43 | Block:4783226 | Consensus:0.0 | Stake:0.0 | Trust:0.0 | Incentive:0.0 | Emission:0.0
[34m2025-01-25 16:40:39.244[39m | [1m[37m      INFO      [39m[49m[0m | bittensor:utils.py:9 | UID:43 | Block:4783227 | Consensus:0.0 | Stake:0.0 | Trust:0.0 | Incentive:0.0 | Emission:0.0
[34m2025-01-25 16:40:51.430[39m | [1m[37m      INFO      [39m[49m[0m | bittensor:utils.py:9 | UID:43 | Block:4783228 | Consensus:0.0 | Stake:0.0 | Trust:0.0 | Incentive:0.0 | Emission:0.0
[34m2025-01-25 16:41:03.988[39m | [1m[37m      INFO      [39m[49m[0m | bittensor:utils.py:9 | UID:43 | Block:4783229 | Consensus:0.0 | Stake:0.0 | Trust:0.0 | Incentive:0.0 | Emission:0.0
[34m2025-01-25 16:41:14.335[39m | [1m[37m      INFO      [39m[49m[0m | bittensor:utils.py:9 | UID:43 | Block:4783230 | Consensus:0.0 | Stake:0.0 | Trust:0.0 | Incentive:0.0 | Emission:0.0
[34m2025-01-25 16:41:27.781[39m | [1m[37m      INFO      [39m[49m[0m | bittensor:utils.py:9 | UID:43 | Block:4783231 | Consensus:0.0 | Stake:0.0 | Trust:0.0 | Incentive:0.0 | Emission:0.0
[34m2025-01-25 16:41:39.803[39m | [1m[37m      INFO      [39m[49m[0m | bittensor:utils.py:9 | UID:43 | Block:4783232 | Consensus:0.0 | Stake:0.0 | Trust:0.0 | Incentive:0.0 | Emission:0.0
[34m2025-01-25 16:41:51.644[39m | [1m[37m      INFO      [39m[49m[0m | bittensor:utils.py:9 | UID:43 | Block:4783233 | Consensus:0.0 | Stake:0.0 | Trust:0.0 | Incentive:0.0 | Emission:0.0
[34m2025-01-25 16:42:02.861[39m | [1m[37m      INFO      [39m[49m[0m | bittensor:utils.py:9 | UID:43 | Block:4783234 | Consensus:0.0 | Stake:0.0 | Trust:0.0 | Incentive:0.0 | Emission:0.0
[34m2025-01-25 16:42:16.622[39m | [1m[37m      INFO      [39m[49m[0m | bittensor:utils.py:9 | UID:43 | Block:4783235 | Consensus:0.0 | Stake:0.0 | Trust:0.0 | Incentive:0.0 | Emission:0.0
[34m2025-01-25 16:42:26.363[39m | [1m[37m      INFO      [39m[49m[0m | bittensor:utils.py:9 | UID:43 | Block:4783236 | Consensus:0.0 | Stake:0.0 | Trust:0.0 | Incentive:0.0 | Emission:0.0
[34m2025-01-25 16:42:40.583[39m | [1m[37m      INFO      [39m[49m[0m | bittensor:utils.py:9 | UID:43 | Block:4783237 | Consensus:0.0 | Stake:0.0 | Trust:0.0 | Incentive:0.0 | Emission:0.0
[34m2025-01-25 16:42:52.569[39m | [1m[37m      INFO      [39m[49m[0m | bittensor:utils.py:9 | UID:43 | Block:4783238 | Consensus:0.0 | Stake:0.0 | Trust:0.0 | Incentive:0.0 | Emission:0.0
[34m2025-01-25 16:43:03.789[39m | [1m[37m      INFO      [39m[49m[0m | bittensor:utils.py:9 | UID:43 | Block:4783239 | Consensus:0.0 | Stake:0.0 | Trust:0.0 | Incentive:0.0 | Emission:0.0
[34m2025-01-25 16:43:16.317[39m | [1m[37m      INFO      [39m[49m[0m | bittensor:utils.py:9 | UID:43 | Block:4783240 | Consensus:0.0 | Stake:0.0 | Trust:0.0 | Incentive:0.0 | Emission:0.0
[34m2025-01-25 16:43:28.715[39m | [1m[37m      INFO      [39m[49m[0m | bittensor:utils.py:9 | UID:43 | Block:4783241 | Consensus:0.0 | Stake:0.0 | Trust:0.0 | Incentive:0.0 | Emission:0.0
[34m2025-01-25 16:43:39.976[39m | [1m[37m      INFO      [39m[49m[0m | bittensor:utils.py:9 | UID:43 | Block:4783242 | Consensus:0.0 | Stake:0.0 | Trust:0.0 | Incentive:0.0 | Emission:0.0
[34m2025-01-25 16:43:52.674[39m | [1m[37m      INFO      [39m[49m[0m | bittensor:utils.py:9 | UID:43 | Block:4783243 | Consensus:0.0 | Stake:0.0 | Trust:0.0 | Incentive:0.0 | Emission:0.0
[34m2025-01-25 16:44:03.078[39m | [1m[37m      INFO      [39m[49m[0m | bittensor:utils.py:9 | UID:43 | Block:4783244 | Consensus:0.0 | Stake:0.0 | Trust:0.0 | Incentive:0.0 | Emission:0.0
[34m2025-01-25 16:44:14.793[39m | [1m[37m      INFO      [39m[49m[0m | bittensor:utils.py:9 | UID:43 | Block:4783245 | Consensus:0.0 | Stake:0.0 | Trust:0.0 | Incentive:0.0 | Emission:0.0
[34m2025-01-25 16:44:27.799[39m | [1m[37m      INFO      [39m[49m[0m | bittensor:utils.py:9 | UID:43 | Block:4783246 | Consensus:0.0 | Stake:0.0 | Trust:0.0 | Incentive:0.0 | Emission:0.0
[34m2025-01-25 16:44:38.443[39m | [1m[37m      INFO      [39m[49m[0m | bittensor:utils.py:9 | UID:43 | Block:4783247 | Consensus:0.0 | Stake:0.0 | Trust:0.0 | Incentive:0.0 | Emission:0.0
[34m2025-01-25 16:44:50.370[39m | [1m[37m      INFO      [39m[49m[0m | bittensor:utils.py:9 | UID:43 | Block:4783248 | Consensus:0.0 | Stake:0.0 | Trust:0.0 | Incentive:0.0 | Emission:0.0
[34m2025-01-25 16:45:02.514[39m | [1m[37m      INFO      [39m[49m[0m | bittensor:utils.py:9 | UID:43 | Block:4783249 | Consensus:0.0 | Stake:0.0 | Trust:0.0 | Incentive:0.0 | Emission:0.0
[34m2025-01-25 16:45:14.740[39m | [1m[37m      INFO      [39m[49m[0m | bittensor:utils.py:9 | UID:43 | Block:4783250 | Consensus:0.0 | Stake:0.0 | Trust:0.0 | Incentive:0.0 | Emission:0.0
[34m2025-01-25 16:45:26.370[39m | [1m[37m      INFO      [39m[49m[0m | bittensor:utils.py:9 | UID:43 | Block:4783251 | Consensus:0.0 | Stake:0.0 | Trust:0.0 | Incentive:0.0 | Emission:0.0
[34m2025-01-25 16:45:38.250[39m | [1m[37m      INFO      [39m[49m[0m | bittensor:utils.py:9 | UID:43 | Block:4783252 | Consensus:0.0 | Stake:0.0 | Trust:0.0 | Incentive:0.0 | Emission:0.0
[34m2025-01-25 16:45:50.471[39m | [1m[37m      INFO      [39m[49m[0m | bittensor:utils.py:9 | UID:43 | Block:4783253 | Consensus:0.0 | Stake:0.0 | Trust:0.0 | Incentive:0.0 | Emission:0.0
[34m2025-01-25 16:46:02.415[39m | [1m[37m      INFO      [39m[49m[0m | bittensor:utils.py:9 | UID:43 | Block:4783254 | Consensus:0.0 | Stake:0.0 | Trust:0.0 | Incentive:0.0 | Emission:0.0
[34m2025-01-25 16:46:15.087[39m | [1m[37m      INFO      [39m[49m[0m | bittensor:utils.py:9 | UID:43 | Block:4783255 | Consensus:0.0 | Stake:0.0 | Trust:0.0 | Incentive:0.0 | Emission:0.0
[34m2025-01-25 16:46:27.113[39m | [1m[37m      INFO      [39m[49m[0m | bittensor:utils.py:9 | UID:43 | Block:4783256 | Consensus:0.0 | Stake:0.0 | Trust:0.0 | Incentive:0.0 | Emission:0.0
[34m2025-01-25 16:46:38.425[39m | [1m[37m      INFO      [39m[49m[0m | bittensor:utils.py:9 | UID:43 | Block:4783257 | Consensus:0.0 | Stake:0.0 | Trust:0.0 | Incentive:0.0 | Emission:0.0
[34m2025-01-25 16:46:50.331[39m | [1m[37m      INFO      [39m[49m[0m | bittensor:utils.py:9 | UID:43 | Block:4783258 | Consensus:0.0 | Stake:0.0 | Trust:0.0 | Incentive:0.0 | Emission:0.0
[34m2025-01-25 16:47:02.621[39m | [1m[37m      INFO      [39m[49m[0m | bittensor:utils.py:9 | UID:43 | Block:4783259 | Consensus:0.0 | Stake:0.0 | Trust:0.0 | Incentive:0.0 | Emission:0.0
[34m2025-01-25 16:47:14.358[39m | [1m[37m      INFO      [39m[49m[0m | bittensor:utils.py:9 | UID:43 | Block:4783260 | Consensus:0.0 | Stake:0.0 | Trust:0.0 | Incentive:0.0 | Emission:0.0
[34m2025-01-25 16:47:26.276[39m | [1m[37m      INFO      [39m[49m[0m | bittensor:utils.py:9 | UID:43 | Block:4783261 | Consensus:0.0 | Stake:0.0 | Trust:0.0 | Incentive:0.0 | Emission:0.0
[34m2025-01-25 16:47:38.306[39m | [1m[37m      INFO      [39m[49m[0m | bittensor:utils.py:9 | UID:43 | Block:4783262 | Consensus:0.0 | Stake:0.0 | Trust:0.0 | Incentive:0.0 | Emission:0.0
[34m2025-01-25 16:47:50.648[39m | [1m[37m      INFO      [39m[49m[0m | bittensor:utils.py:9 | UID:43 | Block:4783263 | Consensus:0.0 | Stake:0.0 | Trust:0.0 | Incentive:0.0 | Emission:0.0
[34m2025-01-25 16:48:02.631[39m | [1m[37m      INFO      [39m[49m[0m | bittensor:utils.py:9 | UID:43 | Block:4783264 | Consensus:0.0 | Stake:0.0 | Trust:0.0 | Incentive:0.0 | Emission:0.0
[34m2025-01-25 16:48:14.121[39m | [1m[37m      INFO      [39m[49m[0m | bittensor:utils.py:9 | UID:43 | Block:4783265 | Consensus:0.0 | Stake:0.0 | Trust:0.0 | Incentive:0.0 | Emission:0.0
[34m2025-01-25 16:48:26.285[39m | [1m[37m      INFO      [39m[49m[0m | bittensor:utils.py:9 | UID:43 | Block:4783266 | Consensus:0.0 | Stake:0.0 | Trust:0.0 | Incentive:0.0 | Emission:0.0
[34m2025-01-25 16:48:38.286[39m | [1m[37m      INFO      [39m[49m[0m | bittensor:utils.py:9 | UID:43 | Block:4783267 | Consensus:0.0 | Stake:0.0 | Trust:0.0 | Incentive:0.0 | Emission:0.0
[34m2025-01-25 16:48:50.235[39m | [1m[37m      INFO      [39m[49m[0m | bittensor:utils.py:9 | UID:43 | Block:4783268 | Consensus:0.0 | Stake:0.0 | Trust:0.0 | Incentive:0.0 | Emission:0.0
[34m2025-01-25 16:49:03.050[39m | [1m[37m      INFO      [39m[49m[0m | bittensor:utils.py:9 | UID:43 | Block:4783269 | Consensus:0.0 | Stake:0.0 | Trust:0.0 | Incentive:0.0 | Emission:0.0
[34m2025-01-25 16:49:14.235[39m | [1m[37m      INFO      [39m[49m[0m | bittensor:utils.py:9 | UID:43 | Block:4783270 | Consensus:0.0 | Stake:0.0 | Trust:0.0 | Incentive:0.0 | Emission:0.0
[34m2025-01-25 16:49:26.818[39m | [1m[37m      INFO      [39m[49m[0m | bittensor:utils.py:9 | UID:43 | Block:4783271 | Consensus:0.0 | Stake:0.0 | Trust:0.0 | Incentive:0.0 | Emission:0.0
[34m2025-01-25 16:49:38.375[39m | [1m[37m      INFO      [39m[49m[0m | bittensor:utils.py:9 | UID:43 | Block:4783272 | Consensus:0.0 | Stake:0.0 | Trust:0.0 | Incentive:0.0 | Emission:0.0
[34m2025-01-25 16:49:50.465[39m | [1m[37m      INFO      [39m[49m[0m | bittensor:utils.py:9 | UID:43 | Block:4783273 | Consensus:0.0 | Stake:0.0 | Trust:0.0 | Incentive:0.0 | Emission:0.0
[34m2025-01-25 16:50:01.963[39m | [1m[37m      INFO      [39m[49m[0m | bittensor:utils.py:9 | UID:43 | Block:4783274 | Consensus:0.0 | Stake:0.0 | Trust:0.0 | Incentive:0.0 | Emission:0.0
[34m2025-01-25 16:50:14.412[39m | [1m[37m      INFO      [39m[49m[0m | bittensor:utils.py:9 | UID:43 | Block:4783275 | Consensus:0.0 | Stake:0.0 | Trust:0.0 | Incentive:0.0 | Emission:0.0
[34m2025-01-25 16:50:26.653[39m | [1m[37m      INFO      [39m[49m[0m | bittensor:utils.py:9 | UID:43 | Block:4783276 | Consensus:0.0 | Stake:0.0 | Trust:0.0 | Incentive:0.0 | Emission:0.0
[34m2025-01-25 16:50:38.786[39m | [1m[37m      INFO      [39m[49m[0m | bittensor:utils.py:9 | UID:43 | Block:4783277 | Consensus:0.0 | Stake:0.0 | Trust:0.0 | Incentive:0.0 | Emission:0.0
[34m2025-01-25 16:50:50.253[39m | [1m[37m      INFO      [39m[49m[0m | bittensor:utils.py:9 | UID:43 | Block:4783278 | Consensus:0.0 | Stake:0.0 | Trust:0.0 | Incentive:0.0 | Emission:0.0
[34m2025-01-25 16:51:02.953[39m | [1m[37m      INFO      [39m[49m[0m | bittensor:utils.py:9 | UID:43 | Block:4783279 | Consensus:0.0 | Stake:0.0 | Trust:0.0 | Incentive:0.0 | Emission:0.0
[34m2025-01-25 16:51:14.488[39m | [1m[37m      INFO      [39m[49m[0m | bittensor:utils.py:9 | UID:43 | Block:4783280 | Consensus:0.0 | Stake:0.0 | Trust:0.0 | Incentive:0.0 | Emission:0.0
[34m2025-01-25 16:51:26.220[39m | [1m[37m      INFO      [39m[49m[0m | bittensor:utils.py:9 | UID:43 | Block:4783281 | Consensus:0.0 | Stake:0.0 | Trust:0.0 | Incentive:0.0 | Emission:0.0
[34m2025-01-25 16:51:38.178[39m | [1m[37m      INFO      [39m[49m[0m | bittensor:utils.py:9 | UID:43 | Block:4783282 | Consensus:0.0 | Stake:0.0 | Trust:0.0 | Incentive:0.0 | Emission:0.0
[34m2025-01-25 16:51:50.325[39m | [1m[37m      INFO      [39m[49m[0m | bittensor:utils.py:9 | UID:43 | Block:4783283 | Consensus:0.0 | Stake:0.0 | Trust:0.0 | Incentive:0.0 | Emission:0.0
[34m2025-01-25 16:52:02.661[39m | [1m[37m      INFO      [39m[49m[0m | bittensor:utils.py:9 | UID:43 | Block:4783284 | Consensus:0.0 | Stake:0.0 | Trust:0.0 | Incentive:0.0 | Emission:0.0
[34m2025-01-25 16:52:14.240[39m | [1m[37m      INFO      [39m[49m[0m | bittensor:utils.py:9 | UID:43 | Block:4783285 | Consensus:0.0 | Stake:0.0 | Trust:0.0 | Incentive:0.0 | Emission:0.0
[34m2025-01-25 16:52:27.026[39m | [1m[37m      INFO      [39m[49m[0m | bittensor:utils.py:9 | UID:43 | Block:4783286 | Consensus:0.0 | Stake:0.0 | Trust:0.0 | Incentive:0.0 | Emission:0.0
[34m2025-01-25 16:52:38.309[39m | [1m[37m      INFO      [39m[49m[0m | bittensor:utils.py:9 | UID:43 | Block:4783287 | Consensus:0.0 | Stake:0.0 | Trust:0.0 | Incentive:0.0 | Emission:0.0
[34m2025-01-25 16:52:50.313[39m | [1m[37m      INFO      [39m[49m[0m | bittensor:utils.py:9 | UID:43 | Block:4783288 | Consensus:0.0 | Stake:0.0 | Trust:0.0 | Incentive:0.0 | Emission:0.0
[34m2025-01-25 16:53:02.555[39m | [1m[37m      INFO      [39m[49m[0m | bittensor:utils.py:9 | UID:43 | Block:4783289 | Consensus:0.0 | Stake:0.0 | Trust:0.0 | Incentive:0.0 | Emission:0.0
[34m2025-01-25 16:53:14.434[39m | [1m[37m      INFO      [39m[49m[0m | bittensor:utils.py:9 | UID:43 | Block:4783290 | Consensus:0.0 | Stake:0.0 | Trust:0.0 | Incentive:0.0 | Emission:0.0
[34m2025-01-25 16:53:26.724[39m | [1m[37m      INFO      [39m[49m[0m | bittensor:utils.py:9 | UID:43 | Block:4783291 | Consensus:0.0 | Stake:0.0 | Trust:0.0 | Incentive:0.0 | Emission:0.0
[34m2025-01-25 16:53:38.106[39m | [1m[37m      INFO      [39m[49m[0m | bittensor:utils.py:9 | UID:43 | Block:4783292 | Consensus:0.0 | Stake:0.0 | Trust:0.0 | Incentive:0.0 | Emission:0.0
[34m2025-01-25 16:53:50.428[39m | [1m[37m      INFO      [39m[49m[0m | bittensor:utils.py:9 | UID:43 | Block:4783293 | Consensus:0.0 | Stake:0.0 | Trust:0.0 | Incentive:0.0 | Emission:0.0
[34m2025-01-25 16:54:02.277[39m | [1m[37m      INFO      [39m[49m[0m | bittensor:utils.py:9 | UID:43 | Block:4783294 | Consensus:0.0 | Stake:0.0 | Trust:0.0 | Incentive:0.0 | Emission:0.0
[34m2025-01-25 16:54:14.627[39m | [1m[37m      INFO      [39m[49m[0m | bittensor:utils.py:9 | UID:43 | Block:4783295 | Consensus:0.0 | Stake:0.0 | Trust:0.0 | Incentive:0.0 | Emission:0.0
[34m2025-01-25 16:54:26.802[39m | [1m[37m      INFO      [39m[49m[0m | bittensor:utils.py:9 | UID:43 | Block:4783296 | Consensus:0.0 | Stake:0.0 | Trust:0.0 | Incentive:0.0 | Emission:0.0
[34m2025-01-25 16:54:39.750[39m | [1m[37m      INFO      [39m[49m[0m | bittensor:utils.py:9 | UID:43 | Block:4783297 | Consensus:0.0 | Stake:0.0 | Trust:0.0 | Incentive:0.0 | Emission:0.0
[34m2025-01-25 16:54:50.125[39m | [1m[37m      INFO      [39m[49m[0m | bittensor:utils.py:9 | UID:43 | Block:4783298 | Consensus:0.0 | Stake:0.0 | Trust:0.0 | Incentive:0.0 | Emission:0.0
INFO:     127.0.0.1:50055 - "GET /models HTTP/1.1" 400 Bad Request
[34m2025-01-26 04:01:42.032[39m | [1m[37m      INFO      [39m[49m[0m | bittensor:loggingmachine.py:439 | Debug enabled.
[34m2025-01-26 04:01:42.850[39m | [1m[37m      INFO      [39m[49m[0m | bittensor:base.py:67 | Targon version 404020
[34m2025-01-26 04:01:42.851[39m | [1m[37m      INFO      [39m[49m[0m | bittensor:config.py:51 | Logging path: /Users/tutu/Documents/Github/targon/logs/default/default/netuid40/targon
[34m2025-01-26 04:01:42.851[39m | [1m[37m      INFO      [39m[49m[0m | bittensor:loggingmachine.py:426 | Enabling debug.
[34m2025-01-26 04:01:42.852[39m | [1m[37m      INFO      [39m[49m[0m | bittensor:loggingmachine.py:439 | Debug enabled.
[34m2025-01-26 04:01:42.852[39m | [1m[37m      INFO      [39m[49m[0m | bittensor:loggingmachine.py:390 | Enabling info logging.
[34m2025-01-26 04:01:42.853[39m | [1m[37m      INFO      [39m[49m[0m | bittensor:loggingmachine.py:399 | Info enabled.
[34m2025-01-26 04:01:42.853[39m | [1m[37m      INFO      [39m[49m[0m | bittensor:loggingmachine.py:426 | Enabling debug.
[34m2025-01-26 04:01:42.853[39m | [1m[37m      INFO      [39m[49m[0m | bittensor:loggingmachine.py:439 | Debug enabled.
[34m2025-01-26 04:01:53.747[39m | [1m[34m     DEBUG      [39m[49m[0m | bittensor:base.py:109 | Wallet: Wallet (Name: 'default', Hotkey: 'default', Path: '~/.bittensor/wallets/')
[34m2025-01-26 04:01:53.748[39m | [1m[34m     DEBUG      [39m[49m[0m | bittensor:base.py:110 | Subtensor: subtensor(test, wss://test.finney.opentensor.ai:443)
[34m2025-01-26 04:01:53.748[39m | [1m[34m     DEBUG      [39m[49m[0m | bittensor:base.py:111 | Metagraph: metagraph(netuid:40, n:44, block:3755140, network:test)
[34m2025-01-26 04:01:55.977[39m | [1m[37m      INFO      [39m[49m[0m | bittensor:metagraph.py:114 | Block subscription started in background thread.
[34m2025-01-26 04:01:55.978[39m | [1m[37m      INFO      [39m[49m[0m | bittensor:loggingmachine.py:390 | Enabling info logging.
[34m2025-01-26 04:01:55.979[39m | [1m[37m      INFO      [39m[49m[0m | bittensor:loggingmachine.py:399 | Info enabled.
[34m2025-01-26 04:01:55.979[39m | [1m[37m      INFO      [39m[49m[0m | bittensor:miner.py:46 | Successfully Initialized! - 😁
[34m2025-01-26 04:01:55.979[39m | [1m[37m      INFO      [39m[49m[0m | bittensor:miner.py:49 | http://64.21.190.93:3000/v1
[34m2025-01-26 04:01:56.017[39m | [1m[37m      INFO      [39m[49m[0m | bittensor:miner.py:165 | Serving miner endpoint 127.0.0.1:40001 on network: wss://entrypoint-finney.opentensor.ai:443 with netuid: 40
[34m2025-01-26 04:02:02.477[39m | [1m[37m      INFO      [39m[49m[0m | bittensor:utils.py:9 | UID:43 | Block:4786634 | Consensus:0.0 | Stake:0.0 | Trust:0.0 | Incentive:0.0 | Emission:0.0
[34m2025-01-26 04:02:15.042[39m | [1m[37m      INFO      [39m[49m[0m | bittensor:utils.py:9 | UID:43 | Block:4786635 | Consensus:0.0 | Stake:0.0 | Trust:0.0 | Incentive:0.0 | Emission:0.0
[34m2025-01-26 04:02:27.461[39m | [1m[37m      INFO      [39m[49m[0m | bittensor:utils.py:9 | UID:43 | Block:4786636 | Consensus:0.0 | Stake:0.0 | Trust:0.0 | Incentive:0.0 | Emission:0.0
[34m2025-01-26 04:02:27.749[39m | [1m[31m     ERROR      [39m[49m[0m | bittensor:serving.py:184 | Failed: Subtensor returned `InvalidIpAddress(Module)` error. This means: `An invalid IP address is passed to the serve function.`.
[34m2025-01-26 04:02:27.750[39m | [1m[31m     ERROR      [39m[49m[0m | bittensor:miner.py:178 | Failed to serve endpoint
[34m2025-01-26 04:02:28.600[39m | [1m[37m      INFO      [39m[49m[0m | bittensor:loggingmachine.py:439 | Debug enabled.
[34m2025-01-26 04:02:29.199[39m | [1m[37m      INFO      [39m[49m[0m | bittensor:base.py:67 | Targon version 404020
[34m2025-01-26 04:02:29.200[39m | [1m[37m      INFO      [39m[49m[0m | bittensor:config.py:51 | Logging path: /Users/tutu/Documents/Github/targon/logs/default/default/netuid40/targon
[34m2025-01-26 04:02:29.200[39m | [1m[37m      INFO      [39m[49m[0m | bittensor:loggingmachine.py:426 | Enabling debug.
[34m2025-01-26 04:02:29.200[39m | [1m[37m      INFO      [39m[49m[0m | bittensor:loggingmachine.py:439 | Debug enabled.
[34m2025-01-26 04:02:29.201[39m | [1m[37m      INFO      [39m[49m[0m | bittensor:loggingmachine.py:390 | Enabling info logging.
[34m2025-01-26 04:02:29.201[39m | [1m[37m      INFO      [39m[49m[0m | bittensor:loggingmachine.py:399 | Info enabled.
[34m2025-01-26 04:02:29.202[39m | [1m[37m      INFO      [39m[49m[0m | bittensor:loggingmachine.py:426 | Enabling debug.
[34m2025-01-26 04:02:29.202[39m | [1m[37m      INFO      [39m[49m[0m | bittensor:loggingmachine.py:439 | Debug enabled.
[34m2025-01-26 04:02:34.048[39m | [1m[34m     DEBUG      [39m[49m[0m | bittensor:base.py:109 | Wallet: Wallet (Name: 'default', Hotkey: 'default', Path: '~/.bittensor/wallets/')
[34m2025-01-26 04:02:34.048[39m | [1m[34m     DEBUG      [39m[49m[0m | bittensor:base.py:110 | Subtensor: subtensor(test, wss://test.finney.opentensor.ai:443)
[34m2025-01-26 04:02:34.048[39m | [1m[34m     DEBUG      [39m[49m[0m | bittensor:base.py:111 | Metagraph: metagraph(netuid:40, n:44, block:3755143, network:test)
[34m2025-01-26 04:02:35.724[39m | [1m[37m      INFO      [39m[49m[0m | bittensor:metagraph.py:114 | Block subscription started in background thread.
[34m2025-01-26 04:02:35.726[39m | [1m[37m      INFO      [39m[49m[0m | bittensor:loggingmachine.py:390 | Enabling info logging.
[34m2025-01-26 04:02:35.729[39m | [1m[37m      INFO      [39m[49m[0m | bittensor:loggingmachine.py:399 | Info enabled.
[34m2025-01-26 04:02:35.730[39m | [1m[37m      INFO      [39m[49m[0m | bittensor:miner.py:46 | Successfully Initialized! - 😁
[34m2025-01-26 04:02:35.730[39m | [1m[37m      INFO      [39m[49m[0m | bittensor:miner.py:49 | http://64.21.190.93:3000/v1
[34m2025-01-26 04:02:35.770[39m | [1m[37m      INFO      [39m[49m[0m | bittensor:miner.py:165 | Serving miner endpoint 127.0.0.1:40001 on network: wss://entrypoint-finney.opentensor.ai:443 with netuid: 40
[34m2025-01-26 04:02:51.128[39m | [1m[37m      INFO      [39m[49m[0m | bittensor:utils.py:9 | UID:43 | Block:4786638 | Consensus:0.0 | Stake:0.0 | Trust:0.0 | Incentive:0.0 | Emission:0.0
[34m2025-01-26 04:03:03.007[39m | [1m[37m      INFO      [39m[49m[0m | bittensor:utils.py:9 | UID:43 | Block:4786639 | Consensus:0.0 | Stake:0.0 | Trust:0.0 | Incentive:0.0 | Emission:0.0
[34m2025-01-26 04:03:14.666[39m | [1m[37m      INFO      [39m[49m[0m | bittensor:utils.py:9 | UID:43 | Block:4786640 | Consensus:0.0 | Stake:0.0 | Trust:0.0 | Incentive:0.0 | Emission:0.0
[34m2025-01-26 04:03:15.747[39m | [1m[31m     ERROR      [39m[49m[0m | bittensor:serving.py:184 | Failed: Subtensor returned `InvalidIpAddress(Module)` error. This means: `An invalid IP address is passed to the serve function.`.
[34m2025-01-26 04:03:15.747[39m | [1m[31m     ERROR      [39m[49m[0m | bittensor:miner.py:178 | Failed to serve endpoint
[34m2025-01-26 04:03:16.494[39m | [1m[37m      INFO      [39m[49m[0m | bittensor:loggingmachine.py:439 | Debug enabled.
[34m2025-01-26 04:03:16.952[39m | [1m[37m      INFO      [39m[49m[0m | bittensor:base.py:67 | Targon version 404020
[34m2025-01-26 04:03:16.953[39m | [1m[37m      INFO      [39m[49m[0m | bittensor:config.py:51 | Logging path: /Users/tutu/Documents/Github/targon/logs/default/default/netuid40/targon
[34m2025-01-26 04:03:16.953[39m | [1m[37m      INFO      [39m[49m[0m | bittensor:loggingmachine.py:426 | Enabling debug.
[34m2025-01-26 04:03:16.954[39m | [1m[37m      INFO      [39m[49m[0m | bittensor:loggingmachine.py:439 | Debug enabled.
[34m2025-01-26 04:03:16.954[39m | [1m[37m      INFO      [39m[49m[0m | bittensor:loggingmachine.py:390 | Enabling info logging.
[34m2025-01-26 04:03:16.955[39m | [1m[37m      INFO      [39m[49m[0m | bittensor:loggingmachine.py:399 | Info enabled.
[34m2025-01-26 04:03:16.955[39m | [1m[37m      INFO      [39m[49m[0m | bittensor:loggingmachine.py:426 | Enabling debug.
[34m2025-01-26 04:03:16.956[39m | [1m[37m      INFO      [39m[49m[0m | bittensor:loggingmachine.py:439 | Debug enabled.
[34m2025-01-26 04:03:26.930[39m | [1m[34m     DEBUG      [39m[49m[0m | bittensor:base.py:109 | Wallet: Wallet (Name: 'default', Hotkey: 'default', Path: '~/.bittensor/wallets/')
[34m2025-01-26 04:03:26.931[39m | [1m[34m     DEBUG      [39m[49m[0m | bittensor:base.py:110 | Subtensor: subtensor(test, wss://test.finney.opentensor.ai:443)
[34m2025-01-26 04:03:26.931[39m | [1m[34m     DEBUG      [39m[49m[0m | bittensor:base.py:111 | Metagraph: metagraph(netuid:40, n:44, block:3755148, network:test)
[34m2025-01-26 04:03:29.139[39m | [1m[37m      INFO      [39m[49m[0m | bittensor:metagraph.py:114 | Block subscription started in background thread.
[34m2025-01-26 04:03:29.141[39m | [1m[37m      INFO      [39m[49m[0m | bittensor:loggingmachine.py:390 | Enabling info logging.
[34m2025-01-26 04:03:29.144[39m | [1m[37m      INFO      [39m[49m[0m | bittensor:loggingmachine.py:399 | Info enabled.
[34m2025-01-26 04:03:29.144[39m | [1m[37m      INFO      [39m[49m[0m | bittensor:miner.py:46 | Successfully Initialized! - 😁
[34m2025-01-26 04:03:29.144[39m | [1m[37m      INFO      [39m[49m[0m | bittensor:miner.py:49 | http://64.21.190.93:3000/v1
[34m2025-01-26 04:03:29.182[39m | [1m[37m      INFO      [39m[49m[0m | bittensor:miner.py:165 | Serving miner endpoint 127.0.0.1:40001 on network: wss://entrypoint-finney.opentensor.ai:443 with netuid: 40
[34m2025-01-26 04:03:38.830[39m | [1m[37m      INFO      [39m[49m[0m | bittensor:utils.py:9 | UID:43 | Block:4786642 | Consensus:0.0 | Stake:0.0 | Trust:0.0 | Incentive:0.0 | Emission:0.0
[34m2025-01-26 04:03:50.884[39m | [1m[37m      INFO      [39m[49m[0m | bittensor:utils.py:9 | UID:43 | Block:4786643 | Consensus:0.0 | Stake:0.0 | Trust:0.0 | Incentive:0.0 | Emission:0.0
[34m2025-01-26 04:04:02.686[39m | [1m[37m      INFO      [39m[49m[0m | bittensor:utils.py:9 | UID:43 | Block:4786644 | Consensus:0.0 | Stake:0.0 | Trust:0.0 | Incentive:0.0 | Emission:0.0
[34m2025-01-26 04:04:03.874[39m | [1m[31m     ERROR      [39m[49m[0m | bittensor:serving.py:184 | Failed: Subtensor returned `InvalidIpAddress(Module)` error. This means: `An invalid IP address is passed to the serve function.`.
[34m2025-01-26 04:04:03.874[39m | [1m[31m     ERROR      [39m[49m[0m | bittensor:miner.py:178 | Failed to serve endpoint
[34m2025-01-26 04:04:04.625[39m | [1m[37m      INFO      [39m[49m[0m | bittensor:loggingmachine.py:439 | Debug enabled.
[34m2025-01-26 04:04:05.079[39m | [1m[37m      INFO      [39m[49m[0m | bittensor:base.py:67 | Targon version 404020
[34m2025-01-26 04:04:05.080[39m | [1m[37m      INFO      [39m[49m[0m | bittensor:config.py:51 | Logging path: /Users/tutu/Documents/Github/targon/logs/default/default/netuid40/targon
[34m2025-01-26 04:04:05.080[39m | [1m[37m      INFO      [39m[49m[0m | bittensor:loggingmachine.py:426 | Enabling debug.
[34m2025-01-26 04:04:05.080[39m | [1m[37m      INFO      [39m[49m[0m | bittensor:loggingmachine.py:439 | Debug enabled.
[34m2025-01-26 04:04:05.081[39m | [1m[37m      INFO      [39m[49m[0m | bittensor:loggingmachine.py:390 | Enabling info logging.
[34m2025-01-26 04:04:05.081[39m | [1m[37m      INFO      [39m[49m[0m | bittensor:loggingmachine.py:399 | Info enabled.
[34m2025-01-26 04:04:05.082[39m | [1m[37m      INFO      [39m[49m[0m | bittensor:loggingmachine.py:426 | Enabling debug.
[34m2025-01-26 04:04:05.082[39m | [1m[37m      INFO      [39m[49m[0m | bittensor:loggingmachine.py:439 | Debug enabled.
[34m2025-01-26 04:04:10.142[39m | [1m[34m     DEBUG      [39m[49m[0m | bittensor:base.py:109 | Wallet: Wallet (Name: 'default', Hotkey: 'default', Path: '~/.bittensor/wallets/')
[34m2025-01-26 04:04:10.143[39m | [1m[34m     DEBUG      [39m[49m[0m | bittensor:base.py:110 | Subtensor: subtensor(test, wss://test.finney.opentensor.ai:443)
[34m2025-01-26 04:04:10.143[39m | [1m[34m     DEBUG      [39m[49m[0m | bittensor:base.py:111 | Metagraph: metagraph(netuid:40, n:44, block:3755151, network:test)
[34m2025-01-26 04:04:11.649[39m | [1m[37m      INFO      [39m[49m[0m | bittensor:metagraph.py:114 | Block subscription started in background thread.
[34m2025-01-26 04:04:11.650[39m | [1m[37m      INFO      [39m[49m[0m | bittensor:loggingmachine.py:390 | Enabling info logging.
[34m2025-01-26 04:04:11.653[39m | [1m[37m      INFO      [39m[49m[0m | bittensor:loggingmachine.py:399 | Info enabled.
[34m2025-01-26 04:04:11.653[39m | [1m[37m      INFO      [39m[49m[0m | bittensor:miner.py:46 | Successfully Initialized! - 😁
[34m2025-01-26 04:04:11.653[39m | [1m[37m      INFO      [39m[49m[0m | bittensor:miner.py:49 | http://64.21.190.93:3000/v1
[34m2025-01-26 04:04:11.690[39m | [1m[37m      INFO      [39m[49m[0m | bittensor:miner.py:165 | Serving miner endpoint 127.0.0.1:40001 on network: wss://entrypoint-finney.opentensor.ai:443 with netuid: 40
[34m2025-01-26 04:04:27.161[39m | [1m[37m      INFO      [39m[49m[0m | bittensor:utils.py:9 | UID:43 | Block:4786646 | Consensus:0.0 | Stake:0.0 | Trust:0.0 | Incentive:0.0 | Emission:0.0
[34m2025-01-26 04:04:39.148[39m | [1m[37m      INFO      [39m[49m[0m | bittensor:utils.py:9 | UID:43 | Block:4786647 | Consensus:0.0 | Stake:0.0 | Trust:0.0 | Incentive:0.0 | Emission:0.0
[34m2025-01-26 04:04:51.232[39m | [1m[37m      INFO      [39m[49m[0m | bittensor:utils.py:9 | UID:43 | Block:4786648 | Consensus:0.0 | Stake:0.0 | Trust:0.0 | Incentive:0.0 | Emission:0.0
[34m2025-01-26 04:04:52.331[39m | [1m[31m     ERROR      [39m[49m[0m | bittensor:serving.py:184 | Failed: Subtensor returned `InvalidIpAddress(Module)` error. This means: `An invalid IP address is passed to the serve function.`.
[34m2025-01-26 04:04:52.331[39m | [1m[31m     ERROR      [39m[49m[0m | bittensor:miner.py:178 | Failed to serve endpoint
[34m2025-01-26 04:04:53.102[39m | [1m[37m      INFO      [39m[49m[0m | bittensor:loggingmachine.py:439 | Debug enabled.
[34m2025-01-26 04:04:53.549[39m | [1m[37m      INFO      [39m[49m[0m | bittensor:base.py:67 | Targon version 404020
[34m2025-01-26 04:04:53.550[39m | [1m[37m      INFO      [39m[49m[0m | bittensor:config.py:51 | Logging path: /Users/tutu/Documents/Github/targon/logs/default/default/netuid40/targon
[34m2025-01-26 04:04:53.551[39m | [1m[37m      INFO      [39m[49m[0m | bittensor:loggingmachine.py:426 | Enabling debug.
[34m2025-01-26 04:04:53.551[39m | [1m[37m      INFO      [39m[49m[0m | bittensor:loggingmachine.py:439 | Debug enabled.
[34m2025-01-26 04:04:53.551[39m | [1m[37m      INFO      [39m[49m[0m | bittensor:loggingmachine.py:390 | Enabling info logging.
[34m2025-01-26 04:04:53.552[39m | [1m[37m      INFO      [39m[49m[0m | bittensor:loggingmachine.py:399 | Info enabled.
[34m2025-01-26 04:04:53.552[39m | [1m[37m      INFO      [39m[49m[0m | bittensor:loggingmachine.py:426 | Enabling debug.
[34m2025-01-26 04:04:53.553[39m | [1m[37m      INFO      [39m[49m[0m | bittensor:loggingmachine.py:439 | Debug enabled.
[34m2025-01-26 04:05:02.675[39m | [1m[34m     DEBUG      [39m[49m[0m | bittensor:base.py:109 | Wallet: Wallet (Name: 'default', Hotkey: 'default', Path: '~/.bittensor/wallets/')
[34m2025-01-26 04:05:02.675[39m | [1m[34m     DEBUG      [39m[49m[0m | bittensor:base.py:110 | Subtensor: subtensor(test, wss://test.finney.opentensor.ai:443)
[34m2025-01-26 04:05:02.675[39m | [1m[34m     DEBUG      [39m[49m[0m | bittensor:base.py:111 | Metagraph: metagraph(netuid:40, n:44, block:3755156, network:test)
[34m2025-01-26 04:05:05.215[39m | [1m[37m      INFO      [39m[49m[0m | bittensor:metagraph.py:114 | Block subscription started in background thread.
[34m2025-01-26 04:05:05.217[39m | [1m[37m      INFO      [39m[49m[0m | bittensor:loggingmachine.py:390 | Enabling info logging.
[34m2025-01-26 04:05:05.220[39m | [1m[37m      INFO      [39m[49m[0m | bittensor:loggingmachine.py:399 | Info enabled.
[34m2025-01-26 04:05:05.220[39m | [1m[37m      INFO      [39m[49m[0m | bittensor:miner.py:46 | Successfully Initialized! - 😁
[34m2025-01-26 04:05:05.220[39m | [1m[37m      INFO      [39m[49m[0m | bittensor:miner.py:49 | http://64.21.190.93:3000/v1
[34m2025-01-26 04:05:05.258[39m | [1m[37m      INFO      [39m[49m[0m | bittensor:miner.py:165 | Serving miner endpoint 127.0.0.1:40001 on network: wss://entrypoint-finney.opentensor.ai:443 with netuid: 40
[34m2025-01-26 04:05:14.573[39m | [1m[37m      INFO      [39m[49m[0m | bittensor:utils.py:9 | UID:43 | Block:4786650 | Consensus:0.0 | Stake:0.0 | Trust:0.0 | Incentive:0.0 | Emission:0.0
[34m2025-01-26 04:05:27.118[39m | [1m[37m      INFO      [39m[49m[0m | bittensor:utils.py:9 | UID:43 | Block:4786651 | Consensus:0.0 | Stake:0.0 | Trust:0.0 | Incentive:0.0 | Emission:0.0
[34m2025-01-26 04:05:38.736[39m | [1m[37m      INFO      [39m[49m[0m | bittensor:utils.py:9 | UID:43 | Block:4786652 | Consensus:0.0 | Stake:0.0 | Trust:0.0 | Incentive:0.0 | Emission:0.0
[34m2025-01-26 04:05:40.362[39m | [1m[31m     ERROR      [39m[49m[0m | bittensor:serving.py:184 | Failed: Subtensor returned `InvalidIpAddress(Module)` error. This means: `An invalid IP address is passed to the serve function.`.
[34m2025-01-26 04:05:40.362[39m | [1m[31m     ERROR      [39m[49m[0m | bittensor:miner.py:178 | Failed to serve endpoint
[34m2025-01-26 04:05:41.126[39m | [1m[37m      INFO      [39m[49m[0m | bittensor:loggingmachine.py:439 | Debug enabled.
[34m2025-01-26 04:05:41.574[39m | [1m[37m      INFO      [39m[49m[0m | bittensor:base.py:67 | Targon version 404020
[34m2025-01-26 04:05:41.575[39m | [1m[37m      INFO      [39m[49m[0m | bittensor:config.py:51 | Logging path: /Users/tutu/Documents/Github/targon/logs/default/default/netuid40/targon
[34m2025-01-26 04:05:41.576[39m | [1m[37m      INFO      [39m[49m[0m | bittensor:loggingmachine.py:426 | Enabling debug.
[34m2025-01-26 04:05:41.576[39m | [1m[37m      INFO      [39m[49m[0m | bittensor:loggingmachine.py:439 | Debug enabled.
[34m2025-01-26 04:05:41.577[39m | [1m[37m      INFO      [39m[49m[0m | bittensor:loggingmachine.py:390 | Enabling info logging.
[34m2025-01-26 04:05:41.577[39m | [1m[37m      INFO      [39m[49m[0m | bittensor:loggingmachine.py:399 | Info enabled.
[34m2025-01-26 04:05:41.577[39m | [1m[37m      INFO      [39m[49m[0m | bittensor:loggingmachine.py:426 | Enabling debug.
[34m2025-01-26 04:05:41.578[39m | [1m[37m      INFO      [39m[49m[0m | bittensor:loggingmachine.py:439 | Debug enabled.
[34m2025-01-26 04:05:46.604[39m | [1m[34m     DEBUG      [39m[49m[0m | bittensor:base.py:109 | Wallet: Wallet (Name: 'default', Hotkey: 'default', Path: '~/.bittensor/wallets/')
[34m2025-01-26 04:05:46.605[39m | [1m[34m     DEBUG      [39m[49m[0m | bittensor:base.py:110 | Subtensor: subtensor(test, wss://test.finney.opentensor.ai:443)
[34m2025-01-26 04:05:46.605[39m | [1m[34m     DEBUG      [39m[49m[0m | bittensor:base.py:111 | Metagraph: metagraph(netuid:40, n:44, block:3755159, network:test)
[34m2025-01-26 04:05:48.344[39m | [1m[37m      INFO      [39m[49m[0m | bittensor:metagraph.py:114 | Block subscription started in background thread.
[34m2025-01-26 04:05:48.346[39m | [1m[37m      INFO      [39m[49m[0m | bittensor:loggingmachine.py:390 | Enabling info logging.
[34m2025-01-26 04:05:48.349[39m | [1m[37m      INFO      [39m[49m[0m | bittensor:loggingmachine.py:399 | Info enabled.
[34m2025-01-26 04:05:48.350[39m | [1m[37m      INFO      [39m[49m[0m | bittensor:miner.py:46 | Successfully Initialized! - 😁
[34m2025-01-26 04:05:48.350[39m | [1m[37m      INFO      [39m[49m[0m | bittensor:miner.py:49 | http://64.21.190.93:3000/v1
[34m2025-01-26 04:05:48.386[39m | [1m[37m      INFO      [39m[49m[0m | bittensor:miner.py:165 | Serving miner endpoint 127.0.0.1:40001 on network: wss://entrypoint-finney.opentensor.ai:443 with netuid: 40
[34m2025-01-26 04:06:03.012[39m | [1m[37m      INFO      [39m[49m[0m | bittensor:utils.py:9 | UID:43 | Block:4786654 | Consensus:0.0 | Stake:0.0 | Trust:0.0 | Incentive:0.0 | Emission:0.0
[34m2025-01-26 04:06:14.940[39m | [1m[37m      INFO      [39m[49m[0m | bittensor:utils.py:9 | UID:43 | Block:4786655 | Consensus:0.0 | Stake:0.0 | Trust:0.0 | Incentive:0.0 | Emission:0.0
[34m2025-01-26 04:06:26.695[39m | [1m[37m      INFO      [39m[49m[0m | bittensor:utils.py:9 | UID:43 | Block:4786656 | Consensus:0.0 | Stake:0.0 | Trust:0.0 | Incentive:0.0 | Emission:0.0
[34m2025-01-26 04:06:26.710[39m | [1m[31m     ERROR      [39m[49m[0m | bittensor:serving.py:184 | Failed: Subtensor returned `InvalidIpAddress(Module)` error. This means: `An invalid IP address is passed to the serve function.`.
[34m2025-01-26 04:06:26.710[39m | [1m[31m     ERROR      [39m[49m[0m | bittensor:miner.py:178 | Failed to serve endpoint
[34m2025-01-26 04:06:27.451[39m | [1m[37m      INFO      [39m[49m[0m | bittensor:loggingmachine.py:439 | Debug enabled.
[34m2025-01-26 04:06:27.900[39m | [1m[37m      INFO      [39m[49m[0m | bittensor:base.py:67 | Targon version 404020
[34m2025-01-26 04:06:27.901[39m | [1m[37m      INFO      [39m[49m[0m | bittensor:config.py:51 | Logging path: /Users/tutu/Documents/Github/targon/logs/default/default/netuid40/targon
[34m2025-01-26 04:06:27.902[39m | [1m[37m      INFO      [39m[49m[0m | bittensor:loggingmachine.py:426 | Enabling debug.
[34m2025-01-26 04:06:27.902[39m | [1m[37m      INFO      [39m[49m[0m | bittensor:loggingmachine.py:439 | Debug enabled.
[34m2025-01-26 04:06:27.902[39m | [1m[37m      INFO      [39m[49m[0m | bittensor:loggingmachine.py:390 | Enabling info logging.
[34m2025-01-26 04:06:27.903[39m | [1m[37m      INFO      [39m[49m[0m | bittensor:loggingmachine.py:399 | Info enabled.
[34m2025-01-26 04:06:27.903[39m | [1m[37m      INFO      [39m[49m[0m | bittensor:loggingmachine.py:426 | Enabling debug.
[34m2025-01-26 04:06:27.904[39m | [1m[37m      INFO      [39m[49m[0m | bittensor:loggingmachine.py:439 | Debug enabled.
[34m2025-01-26 04:06:36.165[39m | [1m[34m     DEBUG      [39m[49m[0m | bittensor:base.py:109 | Wallet: Wallet (Name: 'default', Hotkey: 'default', Path: '~/.bittensor/wallets/')
[34m2025-01-26 04:06:36.166[39m | [1m[34m     DEBUG      [39m[49m[0m | bittensor:base.py:110 | Subtensor: subtensor(test, wss://test.finney.opentensor.ai:443)
[34m2025-01-26 04:06:36.166[39m | [1m[34m     DEBUG      [39m[49m[0m | bittensor:base.py:111 | Metagraph: metagraph(netuid:40, n:44, block:3755163, network:test)
[34m2025-01-26 04:06:37.930[39m | [1m[37m      INFO      [39m[49m[0m | bittensor:metagraph.py:114 | Block subscription started in background thread.
[34m2025-01-26 04:06:37.932[39m | [1m[37m      INFO      [39m[49m[0m | bittensor:loggingmachine.py:390 | Enabling info logging.
[34m2025-01-26 04:06:37.935[39m | [1m[37m      INFO      [39m[49m[0m | bittensor:loggingmachine.py:399 | Info enabled.
[34m2025-01-26 04:06:37.935[39m | [1m[37m      INFO      [39m[49m[0m | bittensor:miner.py:46 | Successfully Initialized! - 😁
[34m2025-01-26 04:06:37.935[39m | [1m[37m      INFO      [39m[49m[0m | bittensor:miner.py:49 | http://64.21.190.93:3000/v1
[34m2025-01-26 04:06:37.973[39m | [1m[37m      INFO      [39m[49m[0m | bittensor:miner.py:165 | Serving miner endpoint 127.0.0.1:40001 on network: wss://entrypoint-finney.opentensor.ai:443 with netuid: 40
[34m2025-01-26 04:06:50.928[39m | [1m[37m      INFO      [39m[49m[0m | bittensor:utils.py:9 | UID:43 | Block:4786658 | Consensus:0.0 | Stake:0.0 | Trust:0.0 | Incentive:0.0 | Emission:0.0
[34m2025-01-26 04:07:02.823[39m | [1m[37m      INFO      [39m[49m[0m | bittensor:utils.py:9 | UID:43 | Block:4786659 | Consensus:0.0 | Stake:0.0 | Trust:0.0 | Incentive:0.0 | Emission:0.0
[34m2025-01-26 04:07:15.081[39m | [1m[31m     ERROR      [39m[49m[0m | bittensor:serving.py:184 | Failed: Subtensor returned `InvalidIpAddress(Module)` error. This means: `An invalid IP address is passed to the serve function.`.
[34m2025-01-26 04:07:15.082[39m | [1m[31m     ERROR      [39m[49m[0m | bittensor:miner.py:178 | Failed to serve endpoint
[34m2025-01-26 04:07:15.878[39m | [1m[37m      INFO      [39m[49m[0m | bittensor:loggingmachine.py:439 | Debug enabled.
[34m2025-01-26 04:07:16.325[39m | [1m[37m      INFO      [39m[49m[0m | bittensor:base.py:67 | Targon version 404020
[34m2025-01-26 04:07:16.326[39m | [1m[37m      INFO      [39m[49m[0m | bittensor:config.py:51 | Logging path: /Users/tutu/Documents/Github/targon/logs/default/default/netuid40/targon
[34m2025-01-26 04:07:16.326[39m | [1m[37m      INFO      [39m[49m[0m | bittensor:loggingmachine.py:426 | Enabling debug.
[34m2025-01-26 04:07:16.327[39m | [1m[37m      INFO      [39m[49m[0m | bittensor:loggingmachine.py:439 | Debug enabled.
[34m2025-01-26 04:07:16.327[39m | [1m[37m      INFO      [39m[49m[0m | bittensor:loggingmachine.py:390 | Enabling info logging.
[34m2025-01-26 04:07:16.327[39m | [1m[37m      INFO      [39m[49m[0m | bittensor:loggingmachine.py:399 | Info enabled.
[34m2025-01-26 04:07:16.328[39m | [1m[37m      INFO      [39m[49m[0m | bittensor:loggingmachine.py:426 | Enabling debug.
[34m2025-01-26 04:07:16.328[39m | [1m[37m      INFO      [39m[49m[0m | bittensor:loggingmachine.py:439 | Debug enabled.
[34m2025-01-26 04:07:21.612[39m | [1m[34m     DEBUG      [39m[49m[0m | bittensor:base.py:109 | Wallet: Wallet (Name: 'default', Hotkey: 'default', Path: '~/.bittensor/wallets/')
[34m2025-01-26 04:07:21.612[39m | [1m[34m     DEBUG      [39m[49m[0m | bittensor:base.py:110 | Subtensor: subtensor(test, wss://test.finney.opentensor.ai:443)
[34m2025-01-26 04:07:21.612[39m | [1m[34m     DEBUG      [39m[49m[0m | bittensor:base.py:111 | Metagraph: metagraph(netuid:40, n:44, block:3755167, network:test)
[34m2025-01-26 04:07:23.269[39m | [1m[37m      INFO      [39m[49m[0m | bittensor:metagraph.py:114 | Block subscription started in background thread.
[34m2025-01-26 04:07:23.271[39m | [1m[37m      INFO      [39m[49m[0m | bittensor:loggingmachine.py:390 | Enabling info logging.
[34m2025-01-26 04:07:23.274[39m | [1m[37m      INFO      [39m[49m[0m | bittensor:loggingmachine.py:399 | Info enabled.
[34m2025-01-26 04:07:23.274[39m | [1m[37m      INFO      [39m[49m[0m | bittensor:miner.py:46 | Successfully Initialized! - 😁
[34m2025-01-26 04:07:23.274[39m | [1m[37m      INFO      [39m[49m[0m | bittensor:miner.py:49 | http://64.21.190.93:3000/v1
[34m2025-01-26 04:07:23.311[39m | [1m[37m      INFO      [39m[49m[0m | bittensor:miner.py:165 | Serving miner endpoint 127.0.0.1:40001 on network: wss://entrypoint-finney.opentensor.ai:443 with netuid: 40
[34m2025-01-26 04:07:38.570[39m | [1m[37m      INFO      [39m[49m[0m | bittensor:utils.py:9 | UID:43 | Block:4786662 | Consensus:0.0 | Stake:0.0 | Trust:0.0 | Incentive:0.0 | Emission:0.0
[34m2025-01-26 04:07:50.722[39m | [1m[37m      INFO      [39m[49m[0m | bittensor:utils.py:9 | UID:43 | Block:4786663 | Consensus:0.0 | Stake:0.0 | Trust:0.0 | Incentive:0.0 | Emission:0.0
[34m2025-01-26 04:08:02.491[39m | [1m[37m      INFO      [39m[49m[0m | bittensor:utils.py:9 | UID:43 | Block:4786664 | Consensus:0.0 | Stake:0.0 | Trust:0.0 | Incentive:0.0 | Emission:0.0
[34m2025-01-26 04:08:03.415[39m | [1m[31m     ERROR      [39m[49m[0m | bittensor:serving.py:184 | Failed: Subtensor returned `InvalidIpAddress(Module)` error. This means: `An invalid IP address is passed to the serve function.`.
[34m2025-01-26 04:08:03.415[39m | [1m[31m     ERROR      [39m[49m[0m | bittensor:miner.py:178 | Failed to serve endpoint
[34m2025-01-26 04:08:04.339[39m | [1m[37m      INFO      [39m[49m[0m | bittensor:loggingmachine.py:439 | Debug enabled.
[34m2025-01-26 04:08:04.932[39m | [1m[37m      INFO      [39m[49m[0m | bittensor:base.py:67 | Targon version 404020
[34m2025-01-26 04:08:04.934[39m | [1m[37m      INFO      [39m[49m[0m | bittensor:config.py:51 | Logging path: /Users/tutu/Documents/Github/targon/logs/default/default/netuid40/targon
[34m2025-01-26 04:08:04.934[39m | [1m[37m      INFO      [39m[49m[0m | bittensor:loggingmachine.py:426 | Enabling debug.
[34m2025-01-26 04:08:04.934[39m | [1m[37m      INFO      [39m[49m[0m | bittensor:loggingmachine.py:439 | Debug enabled.
[34m2025-01-26 04:08:04.935[39m | [1m[37m      INFO      [39m[49m[0m | bittensor:loggingmachine.py:390 | Enabling info logging.
[34m2025-01-26 04:08:04.935[39m | [1m[37m      INFO      [39m[49m[0m | bittensor:loggingmachine.py:399 | Info enabled.
[34m2025-01-26 04:08:04.936[39m | [1m[37m      INFO      [39m[49m[0m | bittensor:loggingmachine.py:426 | Enabling debug.
[34m2025-01-26 04:08:04.936[39m | [1m[37m      INFO      [39m[49m[0m | bittensor:loggingmachine.py:439 | Debug enabled.
[34m2025-01-26 04:08:13.854[39m | [1m[34m     DEBUG      [39m[49m[0m | bittensor:base.py:109 | Wallet: Wallet (Name: 'default', Hotkey: 'default', Path: '~/.bittensor/wallets/')
[34m2025-01-26 04:08:13.854[39m | [1m[34m     DEBUG      [39m[49m[0m | bittensor:base.py:110 | Subtensor: subtensor(test, wss://test.finney.opentensor.ai:443)
[34m2025-01-26 04:08:13.855[39m | [1m[34m     DEBUG      [39m[49m[0m | bittensor:base.py:111 | Metagraph: metagraph(netuid:40, n:44, block:3755172, network:test)
[34m2025-01-26 04:08:19.245[39m | [1m[37m      INFO      [39m[49m[0m | bittensor:metagraph.py:114 | Block subscription started in background thread.
[34m2025-01-26 04:08:19.246[39m | [1m[37m      INFO      [39m[49m[0m | bittensor:loggingmachine.py:390 | Enabling info logging.
[34m2025-01-26 04:08:19.249[39m | [1m[37m      INFO      [39m[49m[0m | bittensor:loggingmachine.py:399 | Info enabled.
[34m2025-01-26 04:08:19.250[39m | [1m[37m      INFO      [39m[49m[0m | bittensor:miner.py:46 | Successfully Initialized! - 😁
[34m2025-01-26 04:08:19.250[39m | [1m[37m      INFO      [39m[49m[0m | bittensor:miner.py:49 | http://64.21.190.93:3000/v1
[34m2025-01-26 04:08:19.290[39m | [1m[37m      INFO      [39m[49m[0m | bittensor:miner.py:165 | Serving miner endpoint 127.0.0.1:40001 on network: wss://entrypoint-finney.opentensor.ai:443 with netuid: 40
[34m2025-01-26 04:08:26.778[39m | [1m[37m      INFO      [39m[49m[0m | bittensor:utils.py:9 | UID:43 | Block:4786666 | Consensus:0.0 | Stake:0.0 | Trust:0.0 | Incentive:0.0 | Emission:0.0
[34m2025-01-26 04:08:38.858[39m | [1m[37m      INFO      [39m[49m[0m | bittensor:utils.py:9 | UID:43 | Block:4786667 | Consensus:0.0 | Stake:0.0 | Trust:0.0 | Incentive:0.0 | Emission:0.0
[34m2025-01-26 04:08:50.807[39m | [1m[37m      INFO      [39m[49m[0m | bittensor:utils.py:9 | UID:43 | Block:4786668 | Consensus:0.0 | Stake:0.0 | Trust:0.0 | Incentive:0.0 | Emission:0.0
[34m2025-01-26 04:08:51.599[39m | [1m[31m     ERROR      [39m[49m[0m | bittensor:serving.py:184 | Failed: Subtensor returned `InvalidIpAddress(Module)` error. This means: `An invalid IP address is passed to the serve function.`.
[34m2025-01-26 04:08:51.599[39m | [1m[31m     ERROR      [39m[49m[0m | bittensor:miner.py:178 | Failed to serve endpoint
[34m2025-01-26 04:08:52.454[39m | [1m[37m      INFO      [39m[49m[0m | bittensor:loggingmachine.py:439 | Debug enabled.
[34m2025-01-26 04:08:53.004[39m | [1m[37m      INFO      [39m[49m[0m | bittensor:base.py:67 | Targon version 404020
[34m2025-01-26 04:08:53.005[39m | [1m[37m      INFO      [39m[49m[0m | bittensor:config.py:51 | Logging path: /Users/tutu/Documents/Github/targon/logs/default/default/netuid40/targon
[34m2025-01-26 04:08:53.005[39m | [1m[37m      INFO      [39m[49m[0m | bittensor:loggingmachine.py:426 | Enabling debug.
[34m2025-01-26 04:08:53.006[39m | [1m[37m      INFO      [39m[49m[0m | bittensor:loggingmachine.py:439 | Debug enabled.
[34m2025-01-26 04:08:53.006[39m | [1m[37m      INFO      [39m[49m[0m | bittensor:loggingmachine.py:390 | Enabling info logging.
[34m2025-01-26 04:08:53.007[39m | [1m[37m      INFO      [39m[49m[0m | bittensor:loggingmachine.py:399 | Info enabled.
[34m2025-01-26 04:08:53.007[39m | [1m[37m      INFO      [39m[49m[0m | bittensor:loggingmachine.py:426 | Enabling debug.
[34m2025-01-26 04:08:53.008[39m | [1m[37m      INFO      [39m[49m[0m | bittensor:loggingmachine.py:439 | Debug enabled.
[34m2025-01-26 04:08:58.891[39m | [1m[34m     DEBUG      [39m[49m[0m | bittensor:base.py:109 | Wallet: Wallet (Name: 'default', Hotkey: 'default', Path: '~/.bittensor/wallets/')
[34m2025-01-26 04:08:58.891[39m | [1m[34m     DEBUG      [39m[49m[0m | bittensor:base.py:110 | Subtensor: subtensor(test, wss://test.finney.opentensor.ai:443)
[34m2025-01-26 04:08:58.891[39m | [1m[34m     DEBUG      [39m[49m[0m | bittensor:base.py:111 | Metagraph: metagraph(netuid:40, n:44, block:3755175, network:test)
[34m2025-01-26 04:09:00.491[39m | [1m[37m      INFO      [39m[49m[0m | bittensor:metagraph.py:114 | Block subscription started in background thread.
[34m2025-01-26 04:09:00.492[39m | [1m[37m      INFO      [39m[49m[0m | bittensor:loggingmachine.py:390 | Enabling info logging.
[34m2025-01-26 04:09:00.495[39m | [1m[37m      INFO      [39m[49m[0m | bittensor:loggingmachine.py:399 | Info enabled.
[34m2025-01-26 04:09:00.496[39m | [1m[37m      INFO      [39m[49m[0m | bittensor:miner.py:46 | Successfully Initialized! - 😁
[34m2025-01-26 04:09:00.496[39m | [1m[37m      INFO      [39m[49m[0m | bittensor:miner.py:49 | http://64.21.190.93:3000/v1
[34m2025-01-26 04:09:00.537[39m | [1m[37m      INFO      [39m[49m[0m | bittensor:miner.py:165 | Serving miner endpoint 127.0.0.1:40001 on network: wss://entrypoint-finney.opentensor.ai:443 with netuid: 40
[34m2025-01-26 04:09:39.824[39m | [1m[31m     ERROR      [39m[49m[0m | bittensor:serving.py:184 | Failed: Subtensor returned `InvalidIpAddress(Module)` error. This means: `An invalid IP address is passed to the serve function.`.
[34m2025-01-26 04:09:39.824[39m | [1m[31m     ERROR      [39m[49m[0m | bittensor:miner.py:178 | Failed to serve endpoint
[34m2025-01-26 04:09:40.687[39m | [1m[37m      INFO      [39m[49m[0m | bittensor:loggingmachine.py:439 | Debug enabled.
[34m2025-01-26 04:09:41.289[39m | [1m[37m      INFO      [39m[49m[0m | bittensor:base.py:67 | Targon version 404020
[34m2025-01-26 04:09:41.290[39m | [1m[37m      INFO      [39m[49m[0m | bittensor:config.py:51 | Logging path: /Users/tutu/Documents/Github/targon/logs/default/default/netuid40/targon
[34m2025-01-26 04:09:41.290[39m | [1m[37m      INFO      [39m[49m[0m | bittensor:loggingmachine.py:426 | Enabling debug.
[34m2025-01-26 04:09:41.291[39m | [1m[37m      INFO      [39m[49m[0m | bittensor:loggingmachine.py:439 | Debug enabled.
[34m2025-01-26 04:09:41.291[39m | [1m[37m      INFO      [39m[49m[0m | bittensor:loggingmachine.py:390 | Enabling info logging.
[34m2025-01-26 04:09:41.292[39m | [1m[37m      INFO      [39m[49m[0m | bittensor:loggingmachine.py:399 | Info enabled.
[34m2025-01-26 04:09:41.292[39m | [1m[37m      INFO      [39m[49m[0m | bittensor:loggingmachine.py:426 | Enabling debug.
[34m2025-01-26 04:09:41.292[39m | [1m[37m      INFO      [39m[49m[0m | bittensor:loggingmachine.py:439 | Debug enabled.
[34m2025-01-26 04:09:51.625[39m | [1m[34m     DEBUG      [39m[49m[0m | bittensor:base.py:109 | Wallet: Wallet (Name: 'default', Hotkey: 'default', Path: '~/.bittensor/wallets/')
[34m2025-01-26 04:09:51.625[39m | [1m[34m     DEBUG      [39m[49m[0m | bittensor:base.py:110 | Subtensor: subtensor(test, wss://test.finney.opentensor.ai:443)
[34m2025-01-26 04:09:51.625[39m | [1m[34m     DEBUG      [39m[49m[0m | bittensor:base.py:111 | Metagraph: metagraph(netuid:40, n:44, block:3755180, network:test)
[34m2025-01-26 04:09:54.240[39m | [1m[37m      INFO      [39m[49m[0m | bittensor:metagraph.py:114 | Block subscription started in background thread.
[34m2025-01-26 04:09:54.241[39m | [1m[37m      INFO      [39m[49m[0m | bittensor:loggingmachine.py:390 | Enabling info logging.
[34m2025-01-26 04:09:54.243[39m | [1m[37m      INFO      [39m[49m[0m | bittensor:loggingmachine.py:399 | Info enabled.
[34m2025-01-26 04:09:54.244[39m | [1m[37m      INFO      [39m[49m[0m | bittensor:miner.py:46 | Successfully Initialized! - 😁
[34m2025-01-26 04:09:54.244[39m | [1m[37m      INFO      [39m[49m[0m | bittensor:miner.py:49 | http://64.21.190.93:3000/v1
[34m2025-01-26 04:09:54.289[39m | [1m[37m      INFO      [39m[49m[0m | bittensor:miner.py:165 | Serving miner endpoint 127.0.0.1:40001 on network: wss://entrypoint-finney.opentensor.ai:443 with netuid: 40
[34m2025-01-26 04:10:03.238[39m | [1m[37m      INFO      [39m[49m[0m | bittensor:utils.py:9 | UID:43 | Block:4786674 | Consensus:0.0 | Stake:0.0 | Trust:0.0 | Incentive:0.0 | Emission:0.0
[34m2025-01-26 04:10:14.721[39m | [1m[37m      INFO      [39m[49m[0m | bittensor:utils.py:9 | UID:43 | Block:4786675 | Consensus:0.0 | Stake:0.0 | Trust:0.0 | Incentive:0.0 | Emission:0.0
[34m2025-01-26 04:10:27.070[39m | [1m[37m      INFO      [39m[49m[0m | bittensor:utils.py:9 | UID:43 | Block:4786676 | Consensus:0.0 | Stake:0.0 | Trust:0.0 | Incentive:0.0 | Emission:0.0
[34m2025-01-26 04:10:27.797[39m | [1m[31m     ERROR      [39m[49m[0m | bittensor:serving.py:184 | Failed: Subtensor returned `InvalidIpAddress(Module)` error. This means: `An invalid IP address is passed to the serve function.`.
[34m2025-01-26 04:10:27.798[39m | [1m[31m     ERROR      [39m[49m[0m | bittensor:miner.py:178 | Failed to serve endpoint
[34m2025-01-26 04:10:28.692[39m | [1m[37m      INFO      [39m[49m[0m | bittensor:loggingmachine.py:439 | Debug enabled.
[34m2025-01-26 04:10:29.290[39m | [1m[37m      INFO      [39m[49m[0m | bittensor:base.py:67 | Targon version 404020
[34m2025-01-26 04:10:29.292[39m | [1m[37m      INFO      [39m[49m[0m | bittensor:config.py:51 | Logging path: /Users/tutu/Documents/Github/targon/logs/default/default/netuid40/targon
[34m2025-01-26 04:10:29.292[39m | [1m[37m      INFO      [39m[49m[0m | bittensor:loggingmachine.py:426 | Enabling debug.
[34m2025-01-26 04:10:29.292[39m | [1m[37m      INFO      [39m[49m[0m | bittensor:loggingmachine.py:439 | Debug enabled.
[34m2025-01-26 04:10:29.293[39m | [1m[37m      INFO      [39m[49m[0m | bittensor:loggingmachine.py:390 | Enabling info logging.
[34m2025-01-26 04:10:29.293[39m | [1m[37m      INFO      [39m[49m[0m | bittensor:loggingmachine.py:399 | Info enabled.
[34m2025-01-26 04:10:29.293[39m | [1m[37m      INFO      [39m[49m[0m | bittensor:loggingmachine.py:426 | Enabling debug.
[34m2025-01-26 04:10:29.294[39m | [1m[37m      INFO      [39m[49m[0m | bittensor:loggingmachine.py:439 | Debug enabled.
[34m2025-01-26 04:10:34.450[39m | [1m[34m     DEBUG      [39m[49m[0m | bittensor:base.py:109 | Wallet: Wallet (Name: 'default', Hotkey: 'default', Path: '~/.bittensor/wallets/')
[34m2025-01-26 04:10:34.450[39m | [1m[34m     DEBUG      [39m[49m[0m | bittensor:base.py:110 | Subtensor: subtensor(test, wss://test.finney.opentensor.ai:443)
[34m2025-01-26 04:10:34.450[39m | [1m[34m     DEBUG      [39m[49m[0m | bittensor:base.py:111 | Metagraph: metagraph(netuid:40, n:44, block:3755183, network:test)
[34m2025-01-26 04:10:36.179[39m | [1m[37m      INFO      [39m[49m[0m | bittensor:metagraph.py:114 | Block subscription started in background thread.
[34m2025-01-26 04:10:36.181[39m | [1m[37m      INFO      [39m[49m[0m | bittensor:loggingmachine.py:390 | Enabling info logging.
[34m2025-01-26 04:10:36.184[39m | [1m[37m      INFO      [39m[49m[0m | bittensor:loggingmachine.py:399 | Info enabled.
[34m2025-01-26 04:10:36.184[39m | [1m[37m      INFO      [39m[49m[0m | bittensor:miner.py:46 | Successfully Initialized! - 😁
[34m2025-01-26 04:10:36.184[39m | [1m[37m      INFO      [39m[49m[0m | bittensor:miner.py:49 | http://64.21.190.93:3000/v1
[34m2025-01-26 04:10:36.225[39m | [1m[37m      INFO      [39m[49m[0m | bittensor:miner.py:165 | Serving miner endpoint 127.0.0.1:40001 on network: wss://entrypoint-finney.opentensor.ai:443 with netuid: 40
[34m2025-01-26 04:10:50.769[39m | [1m[37m      INFO      [39m[49m[0m | bittensor:utils.py:9 | UID:43 | Block:4786678 | Consensus:0.0 | Stake:0.0 | Trust:0.0 | Incentive:0.0 | Emission:0.0
[34m2025-01-26 04:11:03.033[39m | [1m[37m      INFO      [39m[49m[0m | bittensor:utils.py:9 | UID:43 | Block:4786679 | Consensus:0.0 | Stake:0.0 | Trust:0.0 | Incentive:0.0 | Emission:0.0
[34m2025-01-26 04:11:15.192[39m | [1m[37m      INFO      [39m[49m[0m | bittensor:utils.py:9 | UID:43 | Block:4786680 | Consensus:0.0 | Stake:0.0 | Trust:0.0 | Incentive:0.0 | Emission:0.0
[34m2025-01-26 04:11:15.824[39m | [1m[31m     ERROR      [39m[49m[0m | bittensor:serving.py:184 | Failed: Subtensor returned `InvalidIpAddress(Module)` error. This means: `An invalid IP address is passed to the serve function.`.
[34m2025-01-26 04:11:15.824[39m | [1m[31m     ERROR      [39m[49m[0m | bittensor:miner.py:178 | Failed to serve endpoint
[34m2025-01-26 04:11:16.689[39m | [1m[37m      INFO      [39m[49m[0m | bittensor:loggingmachine.py:439 | Debug enabled.
[34m2025-01-26 04:11:17.288[39m | [1m[37m      INFO      [39m[49m[0m | bittensor:base.py:67 | Targon version 404020
[34m2025-01-26 04:11:17.289[39m | [1m[37m      INFO      [39m[49m[0m | bittensor:config.py:51 | Logging path: /Users/tutu/Documents/Github/targon/logs/default/default/netuid40/targon
[34m2025-01-26 04:11:17.289[39m | [1m[37m      INFO      [39m[49m[0m | bittensor:loggingmachine.py:426 | Enabling debug.
[34m2025-01-26 04:11:17.290[39m | [1m[37m      INFO      [39m[49m[0m | bittensor:loggingmachine.py:439 | Debug enabled.
[34m2025-01-26 04:11:17.290[39m | [1m[37m      INFO      [39m[49m[0m | bittensor:loggingmachine.py:390 | Enabling info logging.
[34m2025-01-26 04:11:17.291[39m | [1m[37m      INFO      [39m[49m[0m | bittensor:loggingmachine.py:399 | Info enabled.
[34m2025-01-26 04:11:17.291[39m | [1m[37m      INFO      [39m[49m[0m | bittensor:loggingmachine.py:426 | Enabling debug.
[34m2025-01-26 04:11:17.291[39m | [1m[37m      INFO      [39m[49m[0m | bittensor:loggingmachine.py:439 | Debug enabled.
[34m2025-01-26 04:11:25.405[39m | [1m[34m     DEBUG      [39m[49m[0m | bittensor:base.py:109 | Wallet: Wallet (Name: 'default', Hotkey: 'default', Path: '~/.bittensor/wallets/')
[34m2025-01-26 04:11:25.406[39m | [1m[34m     DEBUG      [39m[49m[0m | bittensor:base.py:110 | Subtensor: subtensor(test, wss://test.finney.opentensor.ai:443)
[34m2025-01-26 04:11:25.406[39m | [1m[34m     DEBUG      [39m[49m[0m | bittensor:base.py:111 | Metagraph: metagraph(netuid:40, n:44, block:3755188, network:test)
[34m2025-01-26 04:11:27.800[39m | [1m[37m      INFO      [39m[49m[0m | bittensor:metagraph.py:114 | Block subscription started in background thread.
[34m2025-01-26 04:11:27.801[39m | [1m[37m      INFO      [39m[49m[0m | bittensor:loggingmachine.py:390 | Enabling info logging.
[34m2025-01-26 04:11:27.804[39m | [1m[37m      INFO      [39m[49m[0m | bittensor:loggingmachine.py:399 | Info enabled.
[34m2025-01-26 04:11:27.804[39m | [1m[37m      INFO      [39m[49m[0m | bittensor:miner.py:46 | Successfully Initialized! - 😁
[34m2025-01-26 04:11:27.804[39m | [1m[37m      INFO      [39m[49m[0m | bittensor:miner.py:49 | http://64.21.190.93:3000/v1
[34m2025-01-26 04:11:27.847[39m | [1m[37m      INFO      [39m[49m[0m | bittensor:miner.py:165 | Serving miner endpoint 127.0.0.1:40001 on network: wss://entrypoint-finney.opentensor.ai:443 with netuid: 40
[34m2025-01-26 04:11:38.718[39m | [1m[37m      INFO      [39m[49m[0m | bittensor:utils.py:9 | UID:43 | Block:4786682 | Consensus:0.0 | Stake:0.0 | Trust:0.0 | Incentive:0.0 | Emission:0.0
[34m2025-01-26 04:11:51.266[39m | [1m[37m      INFO      [39m[49m[0m | bittensor:utils.py:9 | UID:43 | Block:4786683 | Consensus:0.0 | Stake:0.0 | Trust:0.0 | Incentive:0.0 | Emission:0.0
[34m2025-01-26 04:12:02.599[39m | [1m[37m      INFO      [39m[49m[0m | bittensor:utils.py:9 | UID:43 | Block:4786684 | Consensus:0.0 | Stake:0.0 | Trust:0.0 | Incentive:0.0 | Emission:0.0
[34m2025-01-26 04:12:03.757[39m | [1m[31m     ERROR      [39m[49m[0m | bittensor:serving.py:184 | Failed: Subtensor returned `InvalidIpAddress(Module)` error. This means: `An invalid IP address is passed to the serve function.`.
[34m2025-01-26 04:12:03.757[39m | [1m[31m     ERROR      [39m[49m[0m | bittensor:miner.py:178 | Failed to serve endpoint
[34m2025-01-26 04:12:04.590[39m | [1m[37m      INFO      [39m[49m[0m | bittensor:loggingmachine.py:439 | Debug enabled.
[34m2025-01-26 04:12:05.172[39m | [1m[37m      INFO      [39m[49m[0m | bittensor:base.py:67 | Targon version 404020
[34m2025-01-26 04:12:05.173[39m | [1m[37m      INFO      [39m[49m[0m | bittensor:config.py:51 | Logging path: /Users/tutu/Documents/Github/targon/logs/default/default/netuid40/targon
[34m2025-01-26 04:12:05.173[39m | [1m[37m      INFO      [39m[49m[0m | bittensor:loggingmachine.py:426 | Enabling debug.
[34m2025-01-26 04:12:05.174[39m | [1m[37m      INFO      [39m[49m[0m | bittensor:loggingmachine.py:439 | Debug enabled.
[34m2025-01-26 04:12:05.174[39m | [1m[37m      INFO      [39m[49m[0m | bittensor:loggingmachine.py:390 | Enabling info logging.
[34m2025-01-26 04:12:05.175[39m | [1m[37m      INFO      [39m[49m[0m | bittensor:loggingmachine.py:399 | Info enabled.
[34m2025-01-26 04:12:05.175[39m | [1m[37m      INFO      [39m[49m[0m | bittensor:loggingmachine.py:426 | Enabling debug.
[34m2025-01-26 04:12:05.176[39m | [1m[37m      INFO      [39m[49m[0m | bittensor:loggingmachine.py:439 | Debug enabled.
[34m2025-01-26 04:12:10.909[39m | [1m[34m     DEBUG      [39m[49m[0m | bittensor:base.py:109 | Wallet: Wallet (Name: 'default', Hotkey: 'default', Path: '~/.bittensor/wallets/')
[34m2025-01-26 04:12:10.909[39m | [1m[34m     DEBUG      [39m[49m[0m | bittensor:base.py:110 | Subtensor: subtensor(test, wss://test.finney.opentensor.ai:443)
[34m2025-01-26 04:12:10.909[39m | [1m[34m     DEBUG      [39m[49m[0m | bittensor:base.py:111 | Metagraph: metagraph(netuid:40, n:44, block:3755191, network:test)
[34m2025-01-26 04:12:12.753[39m | [1m[37m      INFO      [39m[49m[0m | bittensor:metagraph.py:114 | Block subscription started in background thread.
[34m2025-01-26 04:12:12.755[39m | [1m[37m      INFO      [39m[49m[0m | bittensor:loggingmachine.py:390 | Enabling info logging.
[34m2025-01-26 04:12:12.758[39m | [1m[37m      INFO      [39m[49m[0m | bittensor:loggingmachine.py:399 | Info enabled.
[34m2025-01-26 04:12:12.759[39m | [1m[37m      INFO      [39m[49m[0m | bittensor:miner.py:46 | Successfully Initialized! - 😁
[34m2025-01-26 04:12:12.759[39m | [1m[37m      INFO      [39m[49m[0m | bittensor:miner.py:49 | http://64.21.190.93:3000/v1
[34m2025-01-26 04:12:12.798[39m | [1m[37m      INFO      [39m[49m[0m | bittensor:miner.py:165 | Serving miner endpoint 127.0.0.1:40001 on network: wss://entrypoint-finney.opentensor.ai:443 with netuid: 40
[34m2025-01-26 04:12:27.726[39m | [1m[37m      INFO      [39m[49m[0m | bittensor:utils.py:9 | UID:43 | Block:4786686 | Consensus:0.0 | Stake:0.0 | Trust:0.0 | Incentive:0.0 | Emission:0.0
[34m2025-01-26 04:12:38.808[39m | [1m[37m      INFO      [39m[49m[0m | bittensor:utils.py:9 | UID:43 | Block:4786687 | Consensus:0.0 | Stake:0.0 | Trust:0.0 | Incentive:0.0 | Emission:0.0
[34m2025-01-26 04:12:50.657[39m | [1m[37m      INFO      [39m[49m[0m | bittensor:utils.py:9 | UID:43 | Block:4786688 | Consensus:0.0 | Stake:0.0 | Trust:0.0 | Incentive:0.0 | Emission:0.0
[34m2025-01-26 04:12:52.149[39m | [1m[31m     ERROR      [39m[49m[0m | bittensor:serving.py:184 | Failed: Subtensor returned `InvalidIpAddress(Module)` error. This means: `An invalid IP address is passed to the serve function.`.
[34m2025-01-26 04:12:52.150[39m | [1m[31m     ERROR      [39m[49m[0m | bittensor:miner.py:178 | Failed to serve endpoint
[34m2025-01-26 04:12:53.067[39m | [1m[37m      INFO      [39m[49m[0m | bittensor:loggingmachine.py:439 | Debug enabled.
[34m2025-01-26 04:12:53.664[39m | [1m[37m      INFO      [39m[49m[0m | bittensor:base.py:67 | Targon version 404020
[34m2025-01-26 04:12:53.665[39m | [1m[37m      INFO      [39m[49m[0m | bittensor:config.py:51 | Logging path: /Users/tutu/Documents/Github/targon/logs/default/default/netuid40/targon
[34m2025-01-26 04:12:53.665[39m | [1m[37m      INFO      [39m[49m[0m | bittensor:loggingmachine.py:426 | Enabling debug.
[34m2025-01-26 04:12:53.666[39m | [1m[37m      INFO      [39m[49m[0m | bittensor:loggingmachine.py:439 | Debug enabled.
[34m2025-01-26 04:12:53.666[39m | [1m[37m      INFO      [39m[49m[0m | bittensor:loggingmachine.py:390 | Enabling info logging.
[34m2025-01-26 04:12:53.667[39m | [1m[37m      INFO      [39m[49m[0m | bittensor:loggingmachine.py:399 | Info enabled.
[34m2025-01-26 04:12:53.667[39m | [1m[37m      INFO      [39m[49m[0m | bittensor:loggingmachine.py:426 | Enabling debug.
[34m2025-01-26 04:12:53.668[39m | [1m[37m      INFO      [39m[49m[0m | bittensor:loggingmachine.py:439 | Debug enabled.
[34m2025-01-26 04:12:59.550[39m | [1m[34m     DEBUG      [39m[49m[0m | bittensor:base.py:109 | Wallet: Wallet (Name: 'default', Hotkey: 'default', Path: '~/.bittensor/wallets/')
[34m2025-01-26 04:12:59.550[39m | [1m[34m     DEBUG      [39m[49m[0m | bittensor:base.py:110 | Subtensor: subtensor(test, wss://test.finney.opentensor.ai:443)
[34m2025-01-26 04:12:59.550[39m | [1m[34m     DEBUG      [39m[49m[0m | bittensor:base.py:111 | Metagraph: metagraph(netuid:40, n:44, block:3755195, network:test)
[34m2025-01-26 04:13:01.961[39m | [1m[37m      INFO      [39m[49m[0m | bittensor:metagraph.py:114 | Block subscription started in background thread.
[34m2025-01-26 04:13:01.962[39m | [1m[37m      INFO      [39m[49m[0m | bittensor:loggingmachine.py:390 | Enabling info logging.
[34m2025-01-26 04:13:01.967[39m | [1m[37m      INFO      [39m[49m[0m | bittensor:loggingmachine.py:399 | Info enabled.
[34m2025-01-26 04:13:01.967[39m | [1m[37m      INFO      [39m[49m[0m | bittensor:miner.py:46 | Successfully Initialized! - 😁
[34m2025-01-26 04:13:01.967[39m | [1m[37m      INFO      [39m[49m[0m | bittensor:miner.py:49 | http://64.21.190.93:3000/v1
[34m2025-01-26 04:13:02.011[39m | [1m[37m      INFO      [39m[49m[0m | bittensor:miner.py:165 | Serving miner endpoint 127.0.0.1:40001 on network: wss://entrypoint-finney.opentensor.ai:443 with netuid: 40
[34m2025-01-26 04:13:14.929[39m | [1m[37m      INFO      [39m[49m[0m | bittensor:utils.py:9 | UID:43 | Block:4786690 | Consensus:0.0 | Stake:0.0 | Trust:0.0 | Incentive:0.0 | Emission:0.0
[34m2025-01-26 04:13:27.113[39m | [1m[37m      INFO      [39m[49m[0m | bittensor:utils.py:9 | UID:43 | Block:4786691 | Consensus:0.0 | Stake:0.0 | Trust:0.0 | Incentive:0.0 | Emission:0.0
[34m2025-01-26 04:13:38.682[39m | [1m[37m      INFO      [39m[49m[0m | bittensor:utils.py:9 | UID:43 | Block:4786692 | Consensus:0.0 | Stake:0.0 | Trust:0.0 | Incentive:0.0 | Emission:0.0
[34m2025-01-26 04:13:40.140[39m | [1m[31m     ERROR      [39m[49m[0m | bittensor:serving.py:184 | Failed: Subtensor returned `InvalidIpAddress(Module)` error. This means: `An invalid IP address is passed to the serve function.`.
[34m2025-01-26 04:13:40.140[39m | [1m[31m     ERROR      [39m[49m[0m | bittensor:miner.py:178 | Failed to serve endpoint
[34m2025-01-26 04:13:41.074[39m | [1m[37m      INFO      [39m[49m[0m | bittensor:loggingmachine.py:439 | Debug enabled.
[34m2025-01-26 04:13:41.686[39m | [1m[37m      INFO      [39m[49m[0m | bittensor:base.py:67 | Targon version 404020
[34m2025-01-26 04:13:41.687[39m | [1m[37m      INFO      [39m[49m[0m | bittensor:config.py:51 | Logging path: /Users/tutu/Documents/Github/targon/logs/default/default/netuid40/targon
[34m2025-01-26 04:13:41.687[39m | [1m[37m      INFO      [39m[49m[0m | bittensor:loggingmachine.py:426 | Enabling debug.
[34m2025-01-26 04:13:41.688[39m | [1m[37m      INFO      [39m[49m[0m | bittensor:loggingmachine.py:439 | Debug enabled.
[34m2025-01-26 04:13:41.688[39m | [1m[37m      INFO      [39m[49m[0m | bittensor:loggingmachine.py:390 | Enabling info logging.
[34m2025-01-26 04:13:41.688[39m | [1m[37m      INFO      [39m[49m[0m | bittensor:loggingmachine.py:399 | Info enabled.
[34m2025-01-26 04:13:41.689[39m | [1m[37m      INFO      [39m[49m[0m | bittensor:loggingmachine.py:426 | Enabling debug.
[34m2025-01-26 04:13:41.689[39m | [1m[37m      INFO      [39m[49m[0m | bittensor:loggingmachine.py:439 | Debug enabled.
[34m2025-01-26 04:13:46.297[39m | [1m[34m     DEBUG      [39m[49m[0m | bittensor:base.py:109 | Wallet: Wallet (Name: 'default', Hotkey: 'default', Path: '~/.bittensor/wallets/')
[34m2025-01-26 04:13:46.297[39m | [1m[34m     DEBUG      [39m[49m[0m | bittensor:base.py:110 | Subtensor: subtensor(test, wss://test.finney.opentensor.ai:443)
[34m2025-01-26 04:13:46.297[39m | [1m[34m     DEBUG      [39m[49m[0m | bittensor:base.py:111 | Metagraph: metagraph(netuid:40, n:44, block:3755199, network:test)
[34m2025-01-26 04:13:47.882[39m | [1m[37m      INFO      [39m[49m[0m | bittensor:metagraph.py:114 | Block subscription started in background thread.
[34m2025-01-26 04:13:47.883[39m | [1m[37m      INFO      [39m[49m[0m | bittensor:loggingmachine.py:390 | Enabling info logging.
[34m2025-01-26 04:13:47.886[39m | [1m[37m      INFO      [39m[49m[0m | bittensor:loggingmachine.py:399 | Info enabled.
[34m2025-01-26 04:13:47.887[39m | [1m[37m      INFO      [39m[49m[0m | bittensor:miner.py:46 | Successfully Initialized! - 😁
[34m2025-01-26 04:13:47.887[39m | [1m[37m      INFO      [39m[49m[0m | bittensor:miner.py:49 | http://64.21.190.93:3000/v1
[34m2025-01-26 04:13:47.930[39m | [1m[37m      INFO      [39m[49m[0m | bittensor:miner.py:165 | Serving miner endpoint 127.0.0.1:40001 on network: wss://entrypoint-finney.opentensor.ai:443 with netuid: 40
[34m2025-01-26 04:14:02.242[39m | [1m[37m      INFO      [39m[49m[0m | bittensor:utils.py:9 | UID:43 | Block:4786694 | Consensus:0.0 | Stake:0.0 | Trust:0.0 | Incentive:0.0 | Emission:0.0
[34m2025-01-26 04:14:14.826[39m | [1m[37m      INFO      [39m[49m[0m | bittensor:utils.py:9 | UID:43 | Block:4786695 | Consensus:0.0 | Stake:0.0 | Trust:0.0 | Incentive:0.0 | Emission:0.0
[34m2025-01-26 04:14:26.529[39m | [1m[37m      INFO      [39m[49m[0m | bittensor:utils.py:9 | UID:43 | Block:4786696 | Consensus:0.0 | Stake:0.0 | Trust:0.0 | Incentive:0.0 | Emission:0.0
[34m2025-01-26 04:14:26.650[39m | [1m[31m     ERROR      [39m[49m[0m | bittensor:serving.py:184 | Failed: Subtensor returned `InvalidIpAddress(Module)` error. This means: `An invalid IP address is passed to the serve function.`.
[34m2025-01-26 04:14:26.650[39m | [1m[31m     ERROR      [39m[49m[0m | bittensor:miner.py:178 | Failed to serve endpoint
[34m2025-01-26 04:14:27.532[39m | [1m[37m      INFO      [39m[49m[0m | bittensor:loggingmachine.py:439 | Debug enabled.
[34m2025-01-26 04:14:28.163[39m | [1m[37m      INFO      [39m[49m[0m | bittensor:base.py:67 | Targon version 404020
[34m2025-01-26 04:14:28.164[39m | [1m[37m      INFO      [39m[49m[0m | bittensor:config.py:51 | Logging path: /Users/tutu/Documents/Github/targon/logs/default/default/netuid40/targon
[34m2025-01-26 04:14:28.164[39m | [1m[37m      INFO      [39m[49m[0m | bittensor:loggingmachine.py:426 | Enabling debug.
[34m2025-01-26 04:14:28.165[39m | [1m[37m      INFO      [39m[49m[0m | bittensor:loggingmachine.py:439 | Debug enabled.
[34m2025-01-26 04:14:28.165[39m | [1m[37m      INFO      [39m[49m[0m | bittensor:loggingmachine.py:390 | Enabling info logging.
[34m2025-01-26 04:14:28.166[39m | [1m[37m      INFO      [39m[49m[0m | bittensor:loggingmachine.py:399 | Info enabled.
[34m2025-01-26 04:14:28.166[39m | [1m[37m      INFO      [39m[49m[0m | bittensor:loggingmachine.py:426 | Enabling debug.
[34m2025-01-26 04:14:28.166[39m | [1m[37m      INFO      [39m[49m[0m | bittensor:loggingmachine.py:439 | Debug enabled.
[34m2025-01-26 04:14:36.828[39m | [1m[34m     DEBUG      [39m[49m[0m | bittensor:base.py:109 | Wallet: Wallet (Name: 'default', Hotkey: 'default', Path: '~/.bittensor/wallets/')
[34m2025-01-26 04:14:36.828[39m | [1m[34m     DEBUG      [39m[49m[0m | bittensor:base.py:110 | Subtensor: subtensor(test, wss://test.finney.opentensor.ai:443)
[34m2025-01-26 04:14:36.828[39m | [1m[34m     DEBUG      [39m[49m[0m | bittensor:base.py:111 | Metagraph: metagraph(netuid:40, n:44, block:3755204, network:test)
[34m2025-01-26 04:14:39.444[39m | [1m[37m      INFO      [39m[49m[0m | bittensor:metagraph.py:114 | Block subscription started in background thread.
[34m2025-01-26 04:14:39.446[39m | [1m[37m      INFO      [39m[49m[0m | bittensor:loggingmachine.py:390 | Enabling info logging.
[34m2025-01-26 04:14:39.449[39m | [1m[37m      INFO      [39m[49m[0m | bittensor:loggingmachine.py:399 | Info enabled.
[34m2025-01-26 04:14:39.449[39m | [1m[37m      INFO      [39m[49m[0m | bittensor:miner.py:46 | Successfully Initialized! - 😁
[34m2025-01-26 04:14:39.449[39m | [1m[37m      INFO      [39m[49m[0m | bittensor:miner.py:49 | http://64.21.190.93:3000/v1
[34m2025-01-26 04:14:39.490[39m | [1m[37m      INFO      [39m[49m[0m | bittensor:miner.py:165 | Serving miner endpoint 127.0.0.1:40001 on network: wss://entrypoint-finney.opentensor.ai:443 with netuid: 40
[34m2025-01-26 04:14:50.875[39m | [1m[37m      INFO      [39m[49m[0m | bittensor:utils.py:9 | UID:43 | Block:4786698 | Consensus:0.0 | Stake:0.0 | Trust:0.0 | Incentive:0.0 | Emission:0.0
[34m2025-01-26 04:15:03.008[39m | [1m[37m      INFO      [39m[49m[0m | bittensor:utils.py:9 | UID:43 | Block:4786699 | Consensus:0.0 | Stake:0.0 | Trust:0.0 | Incentive:0.0 | Emission:0.0
[34m2025-01-26 04:15:14.844[39m | [1m[37m      INFO      [39m[49m[0m | bittensor:loggingmachine.py:439 | Debug enabled.
[34m2025-01-26 04:15:15.462[39m | [1m[37m      INFO      [39m[49m[0m | bittensor:base.py:67 | Targon version 404020
[34m2025-01-26 04:15:15.463[39m | [1m[37m      INFO      [39m[49m[0m | bittensor:config.py:51 | Logging path: /Users/tutu/Documents/Github/targon/logs/default/default/netuid40/targon
[34m2025-01-26 04:15:15.463[39m | [1m[37m      INFO      [39m[49m[0m | bittensor:loggingmachine.py:426 | Enabling debug.
[34m2025-01-26 04:15:15.464[39m | [1m[37m      INFO      [39m[49m[0m | bittensor:loggingmachine.py:439 | Debug enabled.
[34m2025-01-26 04:15:15.464[39m | [1m[37m      INFO      [39m[49m[0m | bittensor:loggingmachine.py:390 | Enabling info logging.
[34m2025-01-26 04:15:15.465[39m | [1m[37m      INFO      [39m[49m[0m | bittensor:loggingmachine.py:399 | Info enabled.
[34m2025-01-26 04:15:15.465[39m | [1m[37m      INFO      [39m[49m[0m | bittensor:loggingmachine.py:426 | Enabling debug.
[34m2025-01-26 04:15:15.465[39m | [1m[37m      INFO      [39m[49m[0m | bittensor:loggingmachine.py:439 | Debug enabled.
[34m2025-01-26 04:15:21.293[39m | [1m[34m     DEBUG      [39m[49m[0m | bittensor:base.py:109 | Wallet: Wallet (Name: 'default', Hotkey: 'default', Path: '~/.bittensor/wallets/')
[34m2025-01-26 04:15:21.294[39m | [1m[34m     DEBUG      [39m[49m[0m | bittensor:base.py:110 | Subtensor: subtensor(test, wss://test.finney.opentensor.ai:443)
[34m2025-01-26 04:15:21.294[39m | [1m[34m     DEBUG      [39m[49m[0m | bittensor:base.py:111 | Metagraph: metagraph(netuid:40, n:44, block:3755207, network:test)
[34m2025-01-26 04:15:23.011[39m | [1m[37m      INFO      [39m[49m[0m | bittensor:metagraph.py:114 | Block subscription started in background thread.
[34m2025-01-26 04:15:23.013[39m | [1m[37m      INFO      [39m[49m[0m | bittensor:loggingmachine.py:390 | Enabling info logging.
[34m2025-01-26 04:15:23.016[39m | [1m[37m      INFO      [39m[49m[0m | bittensor:loggingmachine.py:399 | Info enabled.
[34m2025-01-26 04:15:23.017[39m | [1m[37m      INFO      [39m[49m[0m | bittensor:miner.py:46 | Successfully Initialized! - 😁
[34m2025-01-26 04:15:23.017[39m | [1m[37m      INFO      [39m[49m[0m | bittensor:miner.py:49 | http://64.21.190.93:3000/v1
[34m2025-01-26 04:15:23.059[39m | [1m[37m      INFO      [39m[49m[0m | bittensor:miner.py:165 | Serving miner endpoint 64.21.190.93:40001 on network: wss://entrypoint-finney.opentensor.ai:443 with netuid: 40
[34m2025-01-26 04:15:38.592[39m | [1m[37m      INFO      [39m[49m[0m | bittensor:utils.py:9 | UID:43 | Block:4786702 | Consensus:0.0 | Stake:0.0 | Trust:0.0 | Incentive:0.0 | Emission:0.0
[34m2025-01-26 04:15:50.990[39m | [1m[37m      INFO      [39m[49m[0m | bittensor:utils.py:9 | UID:43 | Block:4786703 | Consensus:0.0 | Stake:0.0 | Trust:0.0 | Incentive:0.0 | Emission:0.0
[34m2025-01-26 04:16:02.290[39m | [1m[37m      INFO      [39m[49m[0m | bittensor:utils.py:9 | UID:43 | Block:4786704 | Consensus:0.0 | Stake:0.0 | Trust:0.0 | Incentive:0.0 | Emission:0.0
[34m2025-01-26 04:16:03.450[39m | [1m[37m      INFO      [39m[49m[0m | bittensor:miner.py:225 | Miner starting at block: 3755211
[34m2025-01-26 04:16:14.838[39m | [1m[37m      INFO      [39m[49m[0m | bittensor:utils.py:9 | UID:43 | Block:4786705 | Consensus:0.0 | Stake:0.0 | Trust:0.0 | Incentive:0.0 | Emission:0.0
[34m2025-01-26 04:16:26.356[39m | [1m[37m      INFO      [39m[49m[0m | bittensor:utils.py:9 | UID:43 | Block:4786706 | Consensus:0.0 | Stake:0.0 | Trust:0.0 | Incentive:0.0 | Emission:0.0
[34m2025-01-26 04:16:38.731[39m | [1m[37m      INFO      [39m[49m[0m | bittensor:utils.py:9 | UID:43 | Block:4786707 | Consensus:0.0 | Stake:0.0 | Trust:0.0 | Incentive:0.0 | Emission:0.0
[34m2025-01-26 04:16:50.400[39m | [1m[37m      INFO      [39m[49m[0m | bittensor:utils.py:9 | UID:43 | Block:4786708 | Consensus:0.0 | Stake:0.0 | Trust:0.0 | Incentive:0.0 | Emission:0.0
[34m2025-01-26 04:17:03.073[39m | [1m[37m      INFO      [39m[49m[0m | bittensor:utils.py:9 | UID:43 | Block:4786709 | Consensus:0.0 | Stake:0.0 | Trust:0.0 | Incentive:0.0 | Emission:0.0
[34m2025-01-26 04:17:14.852[39m | [1m[37m      INFO      [39m[49m[0m | bittensor:utils.py:9 | UID:43 | Block:4786710 | Consensus:0.0 | Stake:0.0 | Trust:0.0 | Incentive:0.0 | Emission:0.0
[34m2025-01-26 04:17:26.772[39m | [1m[37m      INFO      [39m[49m[0m | bittensor:utils.py:9 | UID:43 | Block:4786711 | Consensus:0.0 | Stake:0.0 | Trust:0.0 | Incentive:0.0 | Emission:0.0
[34m2025-01-26 04:17:38.606[39m | [1m[37m      INFO      [39m[49m[0m | bittensor:utils.py:9 | UID:43 | Block:4786712 | Consensus:0.0 | Stake:0.0 | Trust:0.0 | Incentive:0.0 | Emission:0.0
[34m2025-01-26 04:17:50.530[39m | [1m[37m      INFO      [39m[49m[0m | bittensor:utils.py:9 | UID:43 | Block:4786713 | Consensus:0.0 | Stake:0.0 | Trust:0.0 | Incentive:0.0 | Emission:0.0
[34m2025-01-26 04:18:02.295[39m | [1m[37m      INFO      [39m[49m[0m | bittensor:utils.py:9 | UID:43 | Block:4786714 | Consensus:0.0 | Stake:0.0 | Trust:0.0 | Incentive:0.0 | Emission:0.0
[34m2025-01-26 04:18:14.368[39m | [1m[37m      INFO      [39m[49m[0m | bittensor:utils.py:9 | UID:43 | Block:4786715 | Consensus:0.0 | Stake:0.0 | Trust:0.0 | Incentive:0.0 | Emission:0.0
[34m2025-01-26 04:18:27.346[39m | [1m[37m      INFO      [39m[49m[0m | bittensor:utils.py:9 | UID:43 | Block:4786716 | Consensus:0.0 | Stake:0.0 | Trust:0.0 | Incentive:0.0 | Emission:0.0
[34m2025-01-26 04:18:38.713[39m | [1m[37m      INFO      [39m[49m[0m | bittensor:utils.py:9 | UID:43 | Block:4786717 | Consensus:0.0 | Stake:0.0 | Trust:0.0 | Incentive:0.0 | Emission:0.0
[34m2025-01-26 04:18:50.324[39m | [1m[37m      INFO      [39m[49m[0m | bittensor:utils.py:9 | UID:43 | Block:4786718 | Consensus:0.0 | Stake:0.0 | Trust:0.0 | Incentive:0.0 | Emission:0.0
[34m2025-01-26 04:19:02.676[39m | [1m[37m      INFO      [39m[49m[0m | bittensor:utils.py:9 | UID:43 | Block:4786719 | Consensus:0.0 | Stake:0.0 | Trust:0.0 | Incentive:0.0 | Emission:0.0
[34m2025-01-26 04:19:14.549[39m | [1m[37m      INFO      [39m[49m[0m | bittensor:utils.py:9 | UID:43 | Block:4786720 | Consensus:0.0 | Stake:0.0 | Trust:0.0 | Incentive:0.0 | Emission:0.0
[34m2025-01-26 04:19:26.939[39m | [1m[37m      INFO      [39m[49m[0m | bittensor:utils.py:9 | UID:43 | Block:4786721 | Consensus:0.0 | Stake:0.0 | Trust:0.0 | Incentive:0.0 | Emission:0.0
[34m2025-01-26 04:19:38.635[39m | [1m[37m      INFO      [39m[49m[0m | bittensor:utils.py:9 | UID:43 | Block:4786722 | Consensus:0.0 | Stake:0.0 | Trust:0.0 | Incentive:0.0 | Emission:0.0
[34m2025-01-26 04:19:50.906[39m | [1m[37m      INFO      [39m[49m[0m | bittensor:utils.py:9 | UID:43 | Block:4786723 | Consensus:0.0 | Stake:0.0 | Trust:0.0 | Incentive:0.0 | Emission:0.0
[34m2025-01-26 04:20:02.197[39m | [1m[37m      INFO      [39m[49m[0m | bittensor:utils.py:9 | UID:43 | Block:4786724 | Consensus:0.0 | Stake:0.0 | Trust:0.0 | Incentive:0.0 | Emission:0.0
[34m2025-01-26 04:20:14.683[39m | [1m[37m      INFO      [39m[49m[0m | bittensor:utils.py:9 | UID:43 | Block:4786725 | Consensus:0.0 | Stake:0.0 | Trust:0.0 | Incentive:0.0 | Emission:0.0
[34m2025-01-26 04:20:26.820[39m | [1m[37m      INFO      [39m[49m[0m | bittensor:utils.py:9 | UID:43 | Block:4786726 | Consensus:0.0 | Stake:0.0 | Trust:0.0 | Incentive:0.0 | Emission:0.0
[34m2025-01-26 04:20:38.338[39m | [1m[37m      INFO      [39m[49m[0m | bittensor:utils.py:9 | UID:43 | Block:4786727 | Consensus:0.0 | Stake:0.0 | Trust:0.0 | Incentive:0.0 | Emission:0.0
[34m2025-01-26 04:20:50.540[39m | [1m[37m      INFO      [39m[49m[0m | bittensor:utils.py:9 | UID:43 | Block:4786728 | Consensus:0.0 | Stake:0.0 | Trust:0.0 | Incentive:0.0 | Emission:0.0
[34m2025-01-26 04:21:02.897[39m | [1m[37m      INFO      [39m[49m[0m | bittensor:utils.py:9 | UID:43 | Block:4786729 | Consensus:0.0 | Stake:0.0 | Trust:0.0 | Incentive:0.0 | Emission:0.0
[34m2025-01-26 04:21:14.924[39m | [1m[37m      INFO      [39m[49m[0m | bittensor:utils.py:9 | UID:43 | Block:4786730 | Consensus:0.0 | Stake:0.0 | Trust:0.0 | Incentive:0.0 | Emission:0.0
[34m2025-01-26 04:21:26.850[39m | [1m[37m      INFO      [39m[49m[0m | bittensor:utils.py:9 | UID:43 | Block:4786731 | Consensus:0.0 | Stake:0.0 | Trust:0.0 | Incentive:0.0 | Emission:0.0
[34m2025-01-26 04:21:38.631[39m | [1m[37m      INFO      [39m[49m[0m | bittensor:utils.py:9 | UID:43 | Block:4786732 | Consensus:0.0 | Stake:0.0 | Trust:0.0 | Incentive:0.0 | Emission:0.0
[34m2025-01-26 04:21:46.461[39m | [1m[37m      INFO      [39m[49m[0m | bittensor:loggingmachine.py:439 | Debug enabled.
[34m2025-01-26 04:21:47.092[39m | [1m[37m      INFO      [39m[49m[0m | bittensor:base.py:67 | Targon version 404020
[34m2025-01-26 04:21:47.093[39m | [1m[37m      INFO      [39m[49m[0m | bittensor:config.py:51 | Logging path: /Users/tutu/Documents/Github/targon/logs/default/default/netuid40/targon
[34m2025-01-26 04:21:47.094[39m | [1m[37m      INFO      [39m[49m[0m | bittensor:loggingmachine.py:426 | Enabling debug.
[34m2025-01-26 04:21:47.094[39m | [1m[37m      INFO      [39m[49m[0m | bittensor:loggingmachine.py:439 | Debug enabled.
[34m2025-01-26 04:21:47.095[39m | [1m[37m      INFO      [39m[49m[0m | bittensor:loggingmachine.py:390 | Enabling info logging.
[34m2025-01-26 04:21:47.095[39m | [1m[37m      INFO      [39m[49m[0m | bittensor:loggingmachine.py:399 | Info enabled.
[34m2025-01-26 04:21:47.095[39m | [1m[37m      INFO      [39m[49m[0m | bittensor:loggingmachine.py:426 | Enabling debug.
[34m2025-01-26 04:21:47.096[39m | [1m[37m      INFO      [39m[49m[0m | bittensor:loggingmachine.py:439 | Debug enabled.
[34m2025-01-26 04:21:57.557[39m | [1m[34m     DEBUG      [39m[49m[0m | bittensor:base.py:109 | Wallet: Wallet (Name: 'default', Hotkey: 'default', Path: '~/.bittensor/wallets/')
[34m2025-01-26 04:21:57.557[39m | [1m[34m     DEBUG      [39m[49m[0m | bittensor:base.py:110 | Subtensor: subtensor(test, wss://test.finney.opentensor.ai:443)
[34m2025-01-26 04:21:57.557[39m | [1m[34m     DEBUG      [39m[49m[0m | bittensor:base.py:111 | Metagraph: metagraph(netuid:40, n:44, block:3755240, network:test)
[34m2025-01-26 04:21:59.568[39m | [1m[37m      INFO      [39m[49m[0m | bittensor:metagraph.py:114 | Block subscription started in background thread.
[34m2025-01-26 04:21:59.570[39m | [1m[37m      INFO      [39m[49m[0m | bittensor:loggingmachine.py:390 | Enabling info logging.
[34m2025-01-26 04:21:59.573[39m | [1m[37m      INFO      [39m[49m[0m | bittensor:loggingmachine.py:399 | Info enabled.
[34m2025-01-26 04:21:59.574[39m | [1m[37m      INFO      [39m[49m[0m | bittensor:miner.py:46 | Successfully Initialized! - 😁
[34m2025-01-26 04:21:59.574[39m | [1m[37m      INFO      [39m[49m[0m | bittensor:miner.py:49 | http://64.21.190.93:3000/v1
[34m2025-01-26 04:21:59.616[39m | [1m[37m      INFO      [39m[49m[0m | bittensor:miner.py:165 | Serving miner endpoint 64.21.190.93:40001 on network: wss://entrypoint-finney.opentensor.ai:443 with netuid: 40
[34m2025-01-26 04:22:14.854[39m | [1m[37m      INFO      [39m[49m[0m | bittensor:utils.py:9 | UID:43 | Block:4786735 | Consensus:0.0 | Stake:0.0 | Trust:0.0 | Incentive:0.0 | Emission:0.0
[34m2025-01-26 04:22:26.966[39m | [1m[37m      INFO      [39m[49m[0m | bittensor:utils.py:9 | UID:43 | Block:4786736 | Consensus:0.0 | Stake:0.0 | Trust:0.0 | Incentive:0.0 | Emission:0.0
[34m2025-01-26 04:22:38.559[39m | [1m[37m      INFO      [39m[49m[0m | bittensor:utils.py:9 | UID:43 | Block:4786737 | Consensus:0.0 | Stake:0.0 | Trust:0.0 | Incentive:0.0 | Emission:0.0
[34m2025-01-26 04:22:39.439[39m | [1m[31m     ERROR      [39m[49m[0m | bittensor:serving.py:184 | Failed: Subtensor returned `ServingRateLimitExceeded(Module)` error. This means: `An axon or prometheus serving exceeded the rate limit for a registered neuron.`.
[34m2025-01-26 04:22:39.439[39m | [1m[31m     ERROR      [39m[49m[0m | bittensor:miner.py:178 | Failed to serve endpoint
[34m2025-01-26 04:22:40.296[39m | [1m[37m      INFO      [39m[49m[0m | bittensor:loggingmachine.py:439 | Debug enabled.
[34m2025-01-26 04:22:40.897[39m | [1m[37m      INFO      [39m[49m[0m | bittensor:base.py:67 | Targon version 404020
[34m2025-01-26 04:22:40.898[39m | [1m[37m      INFO      [39m[49m[0m | bittensor:config.py:51 | Logging path: /Users/tutu/Documents/Github/targon/logs/default/default/netuid40/targon
[34m2025-01-26 04:22:40.898[39m | [1m[37m      INFO      [39m[49m[0m | bittensor:loggingmachine.py:426 | Enabling debug.
[34m2025-01-26 04:22:40.899[39m | [1m[37m      INFO      [39m[49m[0m | bittensor:loggingmachine.py:439 | Debug enabled.
[34m2025-01-26 04:22:40.899[39m | [1m[37m      INFO      [39m[49m[0m | bittensor:loggingmachine.py:390 | Enabling info logging.
[34m2025-01-26 04:22:40.900[39m | [1m[37m      INFO      [39m[49m[0m | bittensor:loggingmachine.py:399 | Info enabled.
[34m2025-01-26 04:22:40.900[39m | [1m[37m      INFO      [39m[49m[0m | bittensor:loggingmachine.py:426 | Enabling debug.
[34m2025-01-26 04:22:40.901[39m | [1m[37m      INFO      [39m[49m[0m | bittensor:loggingmachine.py:439 | Debug enabled.
[34m2025-01-26 04:22:46.402[39m | [1m[34m     DEBUG      [39m[49m[0m | bittensor:base.py:109 | Wallet: Wallet (Name: 'default', Hotkey: 'default', Path: '~/.bittensor/wallets/')
[34m2025-01-26 04:22:46.402[39m | [1m[34m     DEBUG      [39m[49m[0m | bittensor:base.py:110 | Subtensor: subtensor(test, wss://test.finney.opentensor.ai:443)
[34m2025-01-26 04:22:46.402[39m | [1m[34m     DEBUG      [39m[49m[0m | bittensor:base.py:111 | Metagraph: metagraph(netuid:40, n:44, block:3755244, network:test)
[34m2025-01-26 04:22:47.829[39m | [1m[37m      INFO      [39m[49m[0m | bittensor:metagraph.py:114 | Block subscription started in background thread.
[34m2025-01-26 04:22:47.830[39m | [1m[37m      INFO      [39m[49m[0m | bittensor:loggingmachine.py:390 | Enabling info logging.
[34m2025-01-26 04:22:47.834[39m | [1m[37m      INFO      [39m[49m[0m | bittensor:loggingmachine.py:399 | Info enabled.
[34m2025-01-26 04:22:47.834[39m | [1m[37m      INFO      [39m[49m[0m | bittensor:miner.py:46 | Successfully Initialized! - 😁
[34m2025-01-26 04:22:47.834[39m | [1m[37m      INFO      [39m[49m[0m | bittensor:miner.py:49 | http://64.21.190.93:3000/v1
[34m2025-01-26 04:22:47.876[39m | [1m[37m      INFO      [39m[49m[0m | bittensor:miner.py:165 | Serving miner endpoint 64.21.190.93:40001 on network: wss://entrypoint-finney.opentensor.ai:443 with netuid: 40
[34m2025-01-26 04:22:51.490[39m | [1m[37m      INFO      [39m[49m[0m | bittensor:utils.py:9 | UID:43 | Block:4786738 | Consensus:0.0 | Stake:0.0 | Trust:0.0 | Incentive:0.0 | Emission:0.0
[34m2025-01-26 04:23:02.873[39m | [1m[37m      INFO      [39m[49m[0m | bittensor:utils.py:9 | UID:43 | Block:4786739 | Consensus:0.0 | Stake:0.0 | Trust:0.0 | Incentive:0.0 | Emission:0.0
[34m2025-01-26 04:23:14.666[39m | [1m[37m      INFO      [39m[49m[0m | bittensor:utils.py:9 | UID:43 | Block:4786740 | Consensus:0.0 | Stake:0.0 | Trust:0.0 | Incentive:0.0 | Emission:0.0
[34m2025-01-26 04:23:27.360[39m | [1m[37m      INFO      [39m[49m[0m | bittensor:utils.py:9 | UID:43 | Block:4786741 | Consensus:0.0 | Stake:0.0 | Trust:0.0 | Incentive:0.0 | Emission:0.0
[34m2025-01-26 04:23:27.485[39m | [1m[31m     ERROR      [39m[49m[0m | bittensor:serving.py:184 | Failed: Subtensor returned `ServingRateLimitExceeded(Module)` error. This means: `An axon or prometheus serving exceeded the rate limit for a registered neuron.`.
[34m2025-01-26 04:23:27.485[39m | [1m[31m     ERROR      [39m[49m[0m | bittensor:miner.py:178 | Failed to serve endpoint
[34m2025-01-26 04:23:28.357[39m | [1m[37m      INFO      [39m[49m[0m | bittensor:loggingmachine.py:439 | Debug enabled.
[34m2025-01-26 04:23:29.001[39m | [1m[37m      INFO      [39m[49m[0m | bittensor:base.py:67 | Targon version 404020
[34m2025-01-26 04:23:29.002[39m | [1m[37m      INFO      [39m[49m[0m | bittensor:config.py:51 | Logging path: /Users/tutu/Documents/Github/targon/logs/default/default/netuid40/targon
[34m2025-01-26 04:23:29.002[39m | [1m[37m      INFO      [39m[49m[0m | bittensor:loggingmachine.py:426 | Enabling debug.
[34m2025-01-26 04:23:29.003[39m | [1m[37m      INFO      [39m[49m[0m | bittensor:loggingmachine.py:439 | Debug enabled.
[34m2025-01-26 04:23:29.003[39m | [1m[37m      INFO      [39m[49m[0m | bittensor:loggingmachine.py:390 | Enabling info logging.
[34m2025-01-26 04:23:29.004[39m | [1m[37m      INFO      [39m[49m[0m | bittensor:loggingmachine.py:399 | Info enabled.
[34m2025-01-26 04:23:29.004[39m | [1m[37m      INFO      [39m[49m[0m | bittensor:loggingmachine.py:426 | Enabling debug.
[34m2025-01-26 04:23:29.004[39m | [1m[37m      INFO      [39m[49m[0m | bittensor:loggingmachine.py:439 | Debug enabled.
[34m2025-01-26 04:23:37.519[39m | [1m[34m     DEBUG      [39m[49m[0m | bittensor:base.py:109 | Wallet: Wallet (Name: 'default', Hotkey: 'default', Path: '~/.bittensor/wallets/')
[34m2025-01-26 04:23:37.520[39m | [1m[34m     DEBUG      [39m[49m[0m | bittensor:base.py:110 | Subtensor: subtensor(test, wss://test.finney.opentensor.ai:443)
[34m2025-01-26 04:23:37.520[39m | [1m[34m     DEBUG      [39m[49m[0m | bittensor:base.py:111 | Metagraph: metagraph(netuid:40, n:44, block:3755249, network:test)
[34m2025-01-26 04:23:39.772[39m | [1m[37m      INFO      [39m[49m[0m | bittensor:metagraph.py:114 | Block subscription started in background thread.
[34m2025-01-26 04:23:39.774[39m | [1m[37m      INFO      [39m[49m[0m | bittensor:loggingmachine.py:390 | Enabling info logging.
[34m2025-01-26 04:23:39.777[39m | [1m[37m      INFO      [39m[49m[0m | bittensor:loggingmachine.py:399 | Info enabled.
[34m2025-01-26 04:23:39.777[39m | [1m[37m      INFO      [39m[49m[0m | bittensor:miner.py:46 | Successfully Initialized! - 😁
[34m2025-01-26 04:23:39.777[39m | [1m[37m      INFO      [39m[49m[0m | bittensor:miner.py:49 | http://64.21.190.93:3000/v1
[34m2025-01-26 04:23:39.820[39m | [1m[37m      INFO      [39m[49m[0m | bittensor:miner.py:165 | Serving miner endpoint 64.21.190.93:40001 on network: wss://entrypoint-finney.opentensor.ai:443 with netuid: 40
[34m2025-01-26 04:23:50.646[39m | [1m[37m      INFO      [39m[49m[0m | bittensor:utils.py:9 | UID:43 | Block:4786743 | Consensus:0.0 | Stake:0.0 | Trust:0.0 | Incentive:0.0 | Emission:0.0
[34m2025-01-26 04:24:02.401[39m | [1m[37m      INFO      [39m[49m[0m | bittensor:utils.py:9 | UID:43 | Block:4786744 | Consensus:0.0 | Stake:0.0 | Trust:0.0 | Incentive:0.0 | Emission:0.0
[34m2025-01-26 04:24:14.317[39m | [1m[37m      INFO      [39m[49m[0m | bittensor:utils.py:9 | UID:43 | Block:4786745 | Consensus:0.0 | Stake:0.0 | Trust:0.0 | Incentive:0.0 | Emission:0.0
[34m2025-01-26 04:24:15.494[39m | [1m[31m     ERROR      [39m[49m[0m | bittensor:serving.py:184 | Failed: Subtensor returned `ServingRateLimitExceeded(Module)` error. This means: `An axon or prometheus serving exceeded the rate limit for a registered neuron.`.
[34m2025-01-26 04:24:15.494[39m | [1m[31m     ERROR      [39m[49m[0m | bittensor:miner.py:178 | Failed to serve endpoint
[34m2025-01-26 04:24:16.030[39m | [1m[37m      INFO      [39m[49m[0m | bittensor:loggingmachine.py:439 | Debug enabled.
[34m2025-01-26 04:24:16.644[39m | [1m[37m      INFO      [39m[49m[0m | bittensor:base.py:67 | Targon version 404020
[34m2025-01-26 04:24:16.645[39m | [1m[37m      INFO      [39m[49m[0m | bittensor:config.py:51 | Logging path: /Users/tutu/Documents/Github/targon/logs/default/default/netuid40/targon
[34m2025-01-26 04:24:16.645[39m | [1m[37m      INFO      [39m[49m[0m | bittensor:loggingmachine.py:426 | Enabling debug.
[34m2025-01-26 04:24:16.646[39m | [1m[37m      INFO      [39m[49m[0m | bittensor:loggingmachine.py:439 | Debug enabled.
[34m2025-01-26 04:24:16.646[39m | [1m[37m      INFO      [39m[49m[0m | bittensor:loggingmachine.py:390 | Enabling info logging.
[34m2025-01-26 04:24:16.647[39m | [1m[37m      INFO      [39m[49m[0m | bittensor:loggingmachine.py:399 | Info enabled.
[34m2025-01-26 04:24:16.647[39m | [1m[37m      INFO      [39m[49m[0m | bittensor:loggingmachine.py:426 | Enabling debug.
[34m2025-01-26 04:24:16.648[39m | [1m[37m      INFO      [39m[49m[0m | bittensor:loggingmachine.py:439 | Debug enabled.
[34m2025-01-26 04:24:21.837[39m | [1m[34m     DEBUG      [39m[49m[0m | bittensor:base.py:109 | Wallet: Wallet (Name: 'default', Hotkey: 'default', Path: '~/.bittensor/wallets/')
[34m2025-01-26 04:24:21.838[39m | [1m[34m     DEBUG      [39m[49m[0m | bittensor:base.py:110 | Subtensor: subtensor(test, wss://test.finney.opentensor.ai:443)
[34m2025-01-26 04:24:21.838[39m | [1m[34m     DEBUG      [39m[49m[0m | bittensor:base.py:111 | Metagraph: metagraph(netuid:40, n:44, block:3755252, network:test)
[34m2025-01-26 04:24:23.500[39m | [1m[37m      INFO      [39m[49m[0m | bittensor:metagraph.py:114 | Block subscription started in background thread.
[34m2025-01-26 04:24:23.501[39m | [1m[37m      INFO      [39m[49m[0m | bittensor:loggingmachine.py:390 | Enabling info logging.
[34m2025-01-26 04:24:23.502[39m | [1m[37m      INFO      [39m[49m[0m | bittensor:loggingmachine.py:399 | Info enabled.
[34m2025-01-26 04:24:23.502[39m | [1m[37m      INFO      [39m[49m[0m | bittensor:miner.py:46 | Successfully Initialized! - 😁
[34m2025-01-26 04:24:23.502[39m | [1m[37m      INFO      [39m[49m[0m | bittensor:miner.py:49 | http://64.21.190.93:3000/v1
[34m2025-01-26 04:24:23.785[39m | [1m[37m      INFO      [39m[49m[0m | bittensor:miner.py:226 | Miner starting at block: 3755252
INFO:     127.0.0.1:55226 - "GET /models HTTP/1.1" 400 Bad Request
INFO:     127.0.0.1:55226 - "GET /test/models HTTP/1.1" 200 OK
[34m2025-01-26 04:24:39.005[39m | [1m[37m      INFO      [39m[49m[0m | bittensor:utils.py:9 | UID:43 | Block:4786747 | Consensus:0.0 | Stake:0.0 | Trust:0.0 | Incentive:0.0 | Emission:0.0
[34m2025-01-26 04:24:50.928[39m | [1m[37m      INFO      [39m[49m[0m | bittensor:utils.py:9 | UID:43 | Block:4786748 | Consensus:0.0 | Stake:0.0 | Trust:0.0 | Incentive:0.0 | Emission:0.0
[34m2025-01-26 04:25:02.498[39m | [1m[37m      INFO      [39m[49m[0m | bittensor:utils.py:9 | UID:43 | Block:4786749 | Consensus:0.0 | Stake:0.0 | Trust:0.0 | Incentive:0.0 | Emission:0.0
[34m2025-01-26 04:25:14.915[39m | [1m[37m      INFO      [39m[49m[0m | bittensor:utils.py:9 | UID:43 | Block:4786750 | Consensus:0.0 | Stake:0.0 | Trust:0.0 | Incentive:0.0 | Emission:0.0
[34m2025-01-26 04:25:27.815[39m | [1m[37m      INFO      [39m[49m[0m | bittensor:utils.py:9 | UID:43 | Block:4786751 | Consensus:0.0 | Stake:0.0 | Trust:0.0 | Incentive:0.0 | Emission:0.0
[34m2025-01-26 04:25:38.784[39m | [1m[37m      INFO      [39m[49m[0m | bittensor:utils.py:9 | UID:43 | Block:4786752 | Consensus:0.0 | Stake:0.0 | Trust:0.0 | Incentive:0.0 | Emission:0.0
[34m2025-01-26 04:25:51.157[39m | [1m[37m      INFO      [39m[49m[0m | bittensor:utils.py:9 | UID:43 | Block:4786753 | Consensus:0.0 | Stake:0.0 | Trust:0.0 | Incentive:0.0 | Emission:0.0
[34m2025-01-26 04:26:02.741[39m | [1m[37m      INFO      [39m[49m[0m | bittensor:utils.py:9 | UID:43 | Block:4786754 | Consensus:0.0 | Stake:0.0 | Trust:0.0 | Incentive:0.0 | Emission:0.0
[34m2025-01-26 04:26:14.717[39m | [1m[37m      INFO      [39m[49m[0m | bittensor:utils.py:9 | UID:43 | Block:4786755 | Consensus:0.0 | Stake:0.0 | Trust:0.0 | Incentive:0.0 | Emission:0.0
[34m2025-01-26 04:26:27.098[39m | [1m[37m      INFO      [39m[49m[0m | bittensor:utils.py:9 | UID:43 | Block:4786756 | Consensus:0.0 | Stake:0.0 | Trust:0.0 | Incentive:0.0 | Emission:0.0
[34m2025-01-26 04:26:38.585[39m | [1m[37m      INFO      [39m[49m[0m | bittensor:utils.py:9 | UID:43 | Block:4786757 | Consensus:0.0 | Stake:0.0 | Trust:0.0 | Incentive:0.0 | Emission:0.0
[34m2025-01-26 04:26:50.751[39m | [1m[37m      INFO      [39m[49m[0m | bittensor:utils.py:9 | UID:43 | Block:4786758 | Consensus:0.0 | Stake:0.0 | Trust:0.0 | Incentive:0.0 | Emission:0.0
[34m2025-01-26 04:27:02.763[39m | [1m[37m      INFO      [39m[49m[0m | bittensor:utils.py:9 | UID:43 | Block:4786759 | Consensus:0.0 | Stake:0.0 | Trust:0.0 | Incentive:0.0 | Emission:0.0
[34m2025-01-26 04:27:14.703[39m | [1m[37m      INFO      [39m[49m[0m | bittensor:utils.py:9 | UID:43 | Block:4786760 | Consensus:0.0 | Stake:0.0 | Trust:0.0 | Incentive:0.0 | Emission:0.0
[34m2025-01-26 04:27:26.790[39m | [1m[37m      INFO      [39m[49m[0m | bittensor:utils.py:9 | UID:43 | Block:4786761 | Consensus:0.0 | Stake:0.0 | Trust:0.0 | Incentive:0.0 | Emission:0.0
[34m2025-01-26 04:27:38.791[39m | [1m[37m      INFO      [39m[49m[0m | bittensor:utils.py:9 | UID:43 | Block:4786762 | Consensus:0.0 | Stake:0.0 | Trust:0.0 | Incentive:0.0 | Emission:0.0
[34m2025-01-26 04:27:51.162[39m | [1m[37m      INFO      [39m[49m[0m | bittensor:utils.py:9 | UID:43 | Block:4786763 | Consensus:0.0 | Stake:0.0 | Trust:0.0 | Incentive:0.0 | Emission:0.0
[34m2025-01-26 04:28:02.619[39m | [1m[37m      INFO      [39m[49m[0m | bittensor:utils.py:9 | UID:43 | Block:4786764 | Consensus:0.0 | Stake:0.0 | Trust:0.0 | Incentive:0.0 | Emission:0.0
[34m2025-01-26 04:28:15.328[39m | [1m[37m      INFO      [39m[49m[0m | bittensor:utils.py:9 | UID:43 | Block:4786765 | Consensus:0.0 | Stake:0.0 | Trust:0.0 | Incentive:0.0 | Emission:0.0
[34m2025-01-26 04:28:26.789[39m | [1m[37m      INFO      [39m[49m[0m | bittensor:utils.py:9 | UID:43 | Block:4786766 | Consensus:0.0 | Stake:0.0 | Trust:0.0 | Incentive:0.0 | Emission:0.0
[34m2025-01-26 04:28:38.563[39m | [1m[37m      INFO      [39m[49m[0m | bittensor:utils.py:9 | UID:43 | Block:4786767 | Consensus:0.0 | Stake:0.0 | Trust:0.0 | Incentive:0.0 | Emission:0.0
[34m2025-01-26 04:28:50.982[39m | [1m[37m      INFO      [39m[49m[0m | bittensor:utils.py:9 | UID:43 | Block:4786768 | Consensus:0.0 | Stake:0.0 | Trust:0.0 | Incentive:0.0 | Emission:0.0
[34m2025-01-26 04:29:02.955[39m | [1m[37m      INFO      [39m[49m[0m | bittensor:utils.py:9 | UID:43 | Block:4786769 | Consensus:0.0 | Stake:0.0 | Trust:0.0 | Incentive:0.0 | Emission:0.0
[34m2025-01-26 04:29:14.948[39m | [1m[37m      INFO      [39m[49m[0m | bittensor:utils.py:9 | UID:43 | Block:4786770 | Consensus:0.0 | Stake:0.0 | Trust:0.0 | Incentive:0.0 | Emission:0.0
[34m2025-01-26 04:29:26.610[39m | [1m[37m      INFO      [39m[49m[0m | bittensor:utils.py:9 | UID:43 | Block:4786771 | Consensus:0.0 | Stake:0.0 | Trust:0.0 | Incentive:0.0 | Emission:0.0
[34m2025-01-26 04:29:38.986[39m | [1m[37m      INFO      [39m[49m[0m | bittensor:utils.py:9 | UID:43 | Block:4786772 | Consensus:0.0 | Stake:0.0 | Trust:0.0 | Incentive:0.0 | Emission:0.0
[34m2025-01-26 04:29:50.762[39m | [1m[37m      INFO      [39m[49m[0m | bittensor:utils.py:9 | UID:43 | Block:4786773 | Consensus:0.0 | Stake:0.0 | Trust:0.0 | Incentive:0.0 | Emission:0.0
[34m2025-01-26 04:30:02.562[39m | [1m[37m      INFO      [39m[49m[0m | bittensor:utils.py:9 | UID:43 | Block:4786774 | Consensus:0.0 | Stake:0.0 | Trust:0.0 | Incentive:0.0 | Emission:0.0
[34m2025-01-26 04:30:14.810[39m | [1m[37m      INFO      [39m[49m[0m | bittensor:utils.py:9 | UID:43 | Block:4786775 | Consensus:0.0 | Stake:0.0 | Trust:0.0 | Incentive:0.0 | Emission:0.0
[34m2025-01-26 04:30:26.628[39m | [1m[37m      INFO      [39m[49m[0m | bittensor:utils.py:9 | UID:43 | Block:4786776 | Consensus:0.0 | Stake:0.0 | Trust:0.0 | Incentive:0.0 | Emission:0.0
[34m2025-01-26 04:30:39.507[39m | [1m[37m      INFO      [39m[49m[0m | bittensor:utils.py:9 | UID:43 | Block:4786777 | Consensus:0.0 | Stake:0.0 | Trust:0.0 | Incentive:0.0 | Emission:0.0
[34m2025-01-26 04:30:50.868[39m | [1m[37m      INFO      [39m[49m[0m | bittensor:utils.py:9 | UID:43 | Block:4786778 | Consensus:0.0 | Stake:0.0 | Trust:0.0 | Incentive:0.0 | Emission:0.0
[34m2025-01-26 04:31:03.158[39m | [1m[37m      INFO      [39m[49m[0m | bittensor:utils.py:9 | UID:43 | Block:4786779 | Consensus:0.0 | Stake:0.0 | Trust:0.0 | Incentive:0.0 | Emission:0.0
[34m2025-01-26 04:31:15.748[39m | [1m[37m      INFO      [39m[49m[0m | bittensor:utils.py:9 | UID:43 | Block:4786780 | Consensus:0.0 | Stake:0.0 | Trust:0.0 | Incentive:0.0 | Emission:0.0
[34m2025-01-26 04:31:26.870[39m | [1m[37m      INFO      [39m[49m[0m | bittensor:utils.py:9 | UID:43 | Block:4786781 | Consensus:0.0 | Stake:0.0 | Trust:0.0 | Incentive:0.0 | Emission:0.0
[34m2025-01-26 04:31:38.796[39m | [1m[37m      INFO      [39m[49m[0m | bittensor:utils.py:9 | UID:43 | Block:4786782 | Consensus:0.0 | Stake:0.0 | Trust:0.0 | Incentive:0.0 | Emission:0.0
[34m2025-01-26 04:31:50.980[39m | [1m[37m      INFO      [39m[49m[0m | bittensor:utils.py:9 | UID:43 | Block:4786783 | Consensus:0.0 | Stake:0.0 | Trust:0.0 | Incentive:0.0 | Emission:0.0
[34m2025-01-26 04:32:02.875[39m | [1m[37m      INFO      [39m[49m[0m | bittensor:utils.py:9 | UID:43 | Block:4786784 | Consensus:0.0 | Stake:0.0 | Trust:0.0 | Incentive:0.0 | Emission:0.0
[34m2025-01-26 04:32:14.736[39m | [1m[37m      INFO      [39m[49m[0m | bittensor:utils.py:9 | UID:43 | Block:4786785 | Consensus:0.0 | Stake:0.0 | Trust:0.0 | Incentive:0.0 | Emission:0.0
[34m2025-01-26 04:32:26.405[39m | [1m[37m      INFO      [39m[49m[0m | bittensor:utils.py:9 | UID:43 | Block:4786786 | Consensus:0.0 | Stake:0.0 | Trust:0.0 | Incentive:0.0 | Emission:0.0
[34m2025-01-26 04:32:38.480[39m | [1m[37m      INFO      [39m[49m[0m | bittensor:utils.py:9 | UID:43 | Block:4786787 | Consensus:0.0 | Stake:0.0 | Trust:0.0 | Incentive:0.0 | Emission:0.0
[34m2025-01-26 04:32:50.680[39m | [1m[37m      INFO      [39m[49m[0m | bittensor:utils.py:9 | UID:43 | Block:4786788 | Consensus:0.0 | Stake:0.0 | Trust:0.0 | Incentive:0.0 | Emission:0.0
[34m2025-01-26 04:33:03.067[39m | [1m[37m      INFO      [39m[49m[0m | bittensor:utils.py:9 | UID:43 | Block:4786789 | Consensus:0.0 | Stake:0.0 | Trust:0.0 | Incentive:0.0 | Emission:0.0
[34m2025-01-26 04:33:15.976[39m | [1m[37m      INFO      [39m[49m[0m | bittensor:utils.py:9 | UID:43 | Block:4786790 | Consensus:0.0 | Stake:0.0 | Trust:0.0 | Incentive:0.0 | Emission:0.0
[34m2025-01-26 04:33:26.826[39m | [1m[37m      INFO      [39m[49m[0m | bittensor:utils.py:9 | UID:43 | Block:4786791 | Consensus:0.0 | Stake:0.0 | Trust:0.0 | Incentive:0.0 | Emission:0.0
[34m2025-01-26 04:33:38.646[39m | [1m[37m      INFO      [39m[49m[0m | bittensor:utils.py:9 | UID:43 | Block:4786792 | Consensus:0.0 | Stake:0.0 | Trust:0.0 | Incentive:0.0 | Emission:0.0
[34m2025-01-26 04:33:50.706[39m | [1m[37m      INFO      [39m[49m[0m | bittensor:utils.py:9 | UID:43 | Block:4786793 | Consensus:0.0 | Stake:0.0 | Trust:0.0 | Incentive:0.0 | Emission:0.0
[34m2025-01-26 04:34:02.989[39m | [1m[37m      INFO      [39m[49m[0m | bittensor:utils.py:9 | UID:43 | Block:4786794 | Consensus:0.0 | Stake:0.0 | Trust:0.0 | Incentive:0.0 | Emission:0.0
[34m2025-01-26 04:34:15.285[39m | [1m[37m      INFO      [39m[49m[0m | bittensor:utils.py:9 | UID:43 | Block:4786795 | Consensus:0.0 | Stake:0.0 | Trust:0.0 | Incentive:0.0 | Emission:0.0
[34m2025-01-26 04:34:27.046[39m | [1m[37m      INFO      [39m[49m[0m | bittensor:utils.py:9 | UID:43 | Block:4786796 | Consensus:0.0 | Stake:0.0 | Trust:0.0 | Incentive:0.0 | Emission:0.0
[34m2025-01-26 04:34:40.348[39m | [1m[37m      INFO      [39m[49m[0m | bittensor:utils.py:9 | UID:43 | Block:4786797 | Consensus:0.0 | Stake:0.0 | Trust:0.0 | Incentive:0.0 | Emission:0.0
[34m2025-01-26 04:34:50.712[39m | [1m[37m      INFO      [39m[49m[0m | bittensor:utils.py:9 | UID:43 | Block:4786798 | Consensus:0.0 | Stake:0.0 | Trust:0.0 | Incentive:0.0 | Emission:0.0
[34m2025-01-26 04:35:02.920[39m | [1m[37m      INFO      [39m[49m[0m | bittensor:utils.py:9 | UID:43 | Block:4786799 | Consensus:0.0 | Stake:0.0 | Trust:0.0 | Incentive:0.0 | Emission:0.0
[34m2025-01-26 04:35:15.801[39m | [1m[37m      INFO      [39m[49m[0m | bittensor:utils.py:9 | UID:43 | Block:4786800 | Consensus:0.0 | Stake:0.0 | Trust:0.0 | Incentive:0.0 | Emission:0.0
[34m2025-01-26 04:35:28.293[39m | [1m[37m      INFO      [39m[49m[0m | bittensor:utils.py:9 | UID:43 | Block:4786801 | Consensus:0.0 | Stake:0.0 | Trust:0.0 | Incentive:0.0 | Emission:0.0
[34m2025-01-26 04:35:39.893[39m | [1m[37m      INFO      [39m[49m[0m | bittensor:utils.py:9 | UID:43 | Block:4786802 | Consensus:0.0 | Stake:0.0 | Trust:0.0 | Incentive:0.0 | Emission:0.0
[34m2025-01-26 04:35:51.541[39m | [1m[37m      INFO      [39m[49m[0m | bittensor:utils.py:9 | UID:43 | Block:4786803 | Consensus:0.0 | Stake:0.0 | Trust:0.0 | Incentive:0.0 | Emission:0.0
[34m2025-01-26 04:36:02.847[39m | [1m[37m      INFO      [39m[49m[0m | bittensor:utils.py:9 | UID:43 | Block:4786804 | Consensus:0.0 | Stake:0.0 | Trust:0.0 | Incentive:0.0 | Emission:0.0
[34m2025-01-26 04:36:16.003[39m | [1m[37m      INFO      [39m[49m[0m | bittensor:utils.py:9 | UID:43 | Block:4786805 | Consensus:0.0 | Stake:0.0 | Trust:0.0 | Incentive:0.0 | Emission:0.0
[34m2025-01-26 04:36:27.794[39m | [1m[37m      INFO      [39m[49m[0m | bittensor:utils.py:9 | UID:43 | Block:4786806 | Consensus:0.0 | Stake:0.0 | Trust:0.0 | Incentive:0.0 | Emission:0.0
[34m2025-01-26 04:36:39.494[39m | [1m[37m      INFO      [39m[49m[0m | bittensor:utils.py:9 | UID:43 | Block:4786807 | Consensus:0.0 | Stake:0.0 | Trust:0.0 | Incentive:0.0 | Emission:0.0
[34m2025-01-26 04:36:50.931[39m | [1m[37m      INFO      [39m[49m[0m | bittensor:utils.py:9 | UID:43 | Block:4786808 | Consensus:0.0 | Stake:0.0 | Trust:0.0 | Incentive:0.0 | Emission:0.0
[34m2025-01-26 04:37:03.404[39m | [1m[37m      INFO      [39m[49m[0m | bittensor:utils.py:9 | UID:43 | Block:4786809 | Consensus:0.0 | Stake:0.0 | Trust:0.0 | Incentive:0.0 | Emission:0.0
[34m2025-01-26 04:37:15.925[39m | [1m[37m      INFO      [39m[49m[0m | bittensor:utils.py:9 | UID:43 | Block:4786810 | Consensus:0.0 | Stake:0.0 | Trust:0.0 | Incentive:0.0 | Emission:0.0
[34m2025-01-26 04:37:27.747[39m | [1m[37m      INFO      [39m[49m[0m | bittensor:utils.py:9 | UID:43 | Block:4786811 | Consensus:0.0 | Stake:0.0 | Trust:0.0 | Incentive:0.0 | Emission:0.0
[34m2025-01-26 04:37:39.907[39m | [1m[37m      INFO      [39m[49m[0m | bittensor:utils.py:9 | UID:43 | Block:4786812 | Consensus:0.0 | Stake:0.0 | Trust:0.0 | Incentive:0.0 | Emission:0.0
[34m2025-01-26 04:37:52.075[39m | [1m[37m      INFO      [39m[49m[0m | bittensor:utils.py:9 | UID:43 | Block:4786813 | Consensus:0.0 | Stake:0.0 | Trust:0.0 | Incentive:0.0 | Emission:0.0
[34m2025-01-26 04:38:02.606[39m | [1m[37m      INFO      [39m[49m[0m | bittensor:utils.py:9 | UID:43 | Block:4786814 | Consensus:0.0 | Stake:0.0 | Trust:0.0 | Incentive:0.0 | Emission:0.0
[34m2025-01-26 04:38:14.915[39m | [1m[37m      INFO      [39m[49m[0m | bittensor:utils.py:9 | UID:43 | Block:4786815 | Consensus:0.0 | Stake:0.0 | Trust:0.0 | Incentive:0.0 | Emission:0.0
[34m2025-01-26 04:38:26.997[39m | [1m[37m      INFO      [39m[49m[0m | bittensor:utils.py:9 | UID:43 | Block:4786816 | Consensus:0.0 | Stake:0.0 | Trust:0.0 | Incentive:0.0 | Emission:0.0
[34m2025-01-26 04:38:40.048[39m | [1m[37m      INFO      [39m[49m[0m | bittensor:utils.py:9 | UID:43 | Block:4786817 | Consensus:0.0 | Stake:0.0 | Trust:0.0 | Incentive:0.0 | Emission:0.0
[34m2025-01-26 04:38:52.262[39m | [1m[37m      INFO      [39m[49m[0m | bittensor:utils.py:9 | UID:43 | Block:4786818 | Consensus:0.0 | Stake:0.0 | Trust:0.0 | Incentive:0.0 | Emission:0.0
[34m2025-01-26 04:39:03.923[39m | [1m[37m      INFO      [39m[49m[0m | bittensor:utils.py:9 | UID:43 | Block:4786819 | Consensus:0.0 | Stake:0.0 | Trust:0.0 | Incentive:0.0 | Emission:0.0
[34m2025-01-26 04:39:14.855[39m | [1m[37m      INFO      [39m[49m[0m | bittensor:utils.py:9 | UID:43 | Block:4786820 | Consensus:0.0 | Stake:0.0 | Trust:0.0 | Incentive:0.0 | Emission:0.0
[34m2025-01-26 04:39:27.250[39m | [1m[37m      INFO      [39m[49m[0m | bittensor:utils.py:9 | UID:43 | Block:4786821 | Consensus:0.0 | Stake:0.0 | Trust:0.0 | Incentive:0.0 | Emission:0.0
[34m2025-01-26 04:39:39.076[39m | [1m[37m      INFO      [39m[49m[0m | bittensor:utils.py:9 | UID:43 | Block:4786822 | Consensus:0.0 | Stake:0.0 | Trust:0.0 | Incentive:0.0 | Emission:0.0
[34m2025-01-26 04:39:50.727[39m | [1m[37m      INFO      [39m[49m[0m | bittensor:utils.py:9 | UID:43 | Block:4786823 | Consensus:0.0 | Stake:0.0 | Trust:0.0 | Incentive:0.0 | Emission:0.0
[34m2025-01-26 04:40:04.189[39m | [1m[37m      INFO      [39m[49m[0m | bittensor:utils.py:9 | UID:43 | Block:4786824 | Consensus:0.0 | Stake:0.0 | Trust:0.0 | Incentive:0.0 | Emission:0.0
[34m2025-01-26 04:40:15.504[39m | [1m[37m      INFO      [39m[49m[0m | bittensor:utils.py:9 | UID:43 | Block:4786825 | Consensus:0.0 | Stake:0.0 | Trust:0.0 | Incentive:0.0 | Emission:0.0
[34m2025-01-26 04:40:27.658[39m | [1m[37m      INFO      [39m[49m[0m | bittensor:utils.py:9 | UID:43 | Block:4786826 | Consensus:0.0 | Stake:0.0 | Trust:0.0 | Incentive:0.0 | Emission:0.0
[34m2025-01-26 04:40:39.575[39m | [1m[37m      INFO      [39m[49m[0m | bittensor:utils.py:9 | UID:43 | Block:4786827 | Consensus:0.0 | Stake:0.0 | Trust:0.0 | Incentive:0.0 | Emission:0.0
[34m2025-01-26 04:40:51.418[39m | [1m[37m      INFO      [39m[49m[0m | bittensor:utils.py:9 | UID:43 | Block:4786828 | Consensus:0.0 | Stake:0.0 | Trust:0.0 | Incentive:0.0 | Emission:0.0
[34m2025-01-26 04:41:03.662[39m | [1m[37m      INFO      [39m[49m[0m | bittensor:utils.py:9 | UID:43 | Block:4786829 | Consensus:0.0 | Stake:0.0 | Trust:0.0 | Incentive:0.0 | Emission:0.0
[34m2025-01-26 04:41:15.722[39m | [1m[37m      INFO      [39m[49m[0m | bittensor:utils.py:9 | UID:43 | Block:4786830 | Consensus:0.0 | Stake:0.0 | Trust:0.0 | Incentive:0.0 | Emission:0.0
[34m2025-01-26 04:41:26.878[39m | [1m[37m      INFO      [39m[49m[0m | bittensor:utils.py:9 | UID:43 | Block:4786831 | Consensus:0.0 | Stake:0.0 | Trust:0.0 | Incentive:0.0 | Emission:0.0
[34m2025-01-26 04:41:38.593[39m | [1m[37m      INFO      [39m[49m[0m | bittensor:utils.py:9 | UID:43 | Block:4786832 | Consensus:0.0 | Stake:0.0 | Trust:0.0 | Incentive:0.0 | Emission:0.0
[34m2025-01-26 04:41:51.895[39m | [1m[37m      INFO      [39m[49m[0m | bittensor:utils.py:9 | UID:43 | Block:4786833 | Consensus:0.0 | Stake:0.0 | Trust:0.0 | Incentive:0.0 | Emission:0.0
[34m2025-01-26 04:42:04.386[39m | [1m[37m      INFO      [39m[49m[0m | bittensor:utils.py:9 | UID:43 | Block:4786834 | Consensus:0.0 | Stake:0.0 | Trust:0.0 | Incentive:0.0 | Emission:0.0
[34m2025-01-26 04:42:16.224[39m | [1m[37m      INFO      [39m[49m[0m | bittensor:utils.py:9 | UID:43 | Block:4786835 | Consensus:0.0 | Stake:0.0 | Trust:0.0 | Incentive:0.0 | Emission:0.0
[34m2025-01-26 04:42:26.576[39m | [1m[37m      INFO      [39m[49m[0m | bittensor:utils.py:9 | UID:43 | Block:4786836 | Consensus:0.0 | Stake:0.0 | Trust:0.0 | Incentive:0.0 | Emission:0.0
[34m2025-01-26 04:42:39.366[39m | [1m[37m      INFO      [39m[49m[0m | bittensor:utils.py:9 | UID:43 | Block:4786837 | Consensus:0.0 | Stake:0.0 | Trust:0.0 | Incentive:0.0 | Emission:0.0
[34m2025-01-26 04:42:52.272[39m | [1m[37m      INFO      [39m[49m[0m | bittensor:utils.py:9 | UID:43 | Block:4786838 | Consensus:0.0 | Stake:0.0 | Trust:0.0 | Incentive:0.0 | Emission:0.0
[34m2025-01-26 04:43:03.996[39m | [1m[37m      INFO      [39m[49m[0m | bittensor:utils.py:9 | UID:43 | Block:4786839 | Consensus:0.0 | Stake:0.0 | Trust:0.0 | Incentive:0.0 | Emission:0.0
[34m2025-01-26 04:43:14.295[39m | [1m[37m      INFO      [39m[49m[0m | bittensor:utils.py:9 | UID:43 | Block:4786840 | Consensus:0.0 | Stake:0.0 | Trust:0.0 | Incentive:0.0 | Emission:0.0
[34m2025-01-26 04:43:28.049[39m | [1m[37m      INFO      [39m[49m[0m | bittensor:utils.py:9 | UID:43 | Block:4786841 | Consensus:0.0 | Stake:0.0 | Trust:0.0 | Incentive:0.0 | Emission:0.0
[34m2025-01-26 04:43:39.643[39m | [1m[37m      INFO      [39m[49m[0m | bittensor:utils.py:9 | UID:43 | Block:4786842 | Consensus:0.0 | Stake:0.0 | Trust:0.0 | Incentive:0.0 | Emission:0.0
[34m2025-01-26 04:43:51.369[39m | [1m[37m      INFO      [39m[49m[0m | bittensor:utils.py:9 | UID:43 | Block:4786843 | Consensus:0.0 | Stake:0.0 | Trust:0.0 | Incentive:0.0 | Emission:0.0
[34m2025-01-26 04:44:02.650[39m | [1m[37m      INFO      [39m[49m[0m | bittensor:utils.py:9 | UID:43 | Block:4786844 | Consensus:0.0 | Stake:0.0 | Trust:0.0 | Incentive:0.0 | Emission:0.0
[34m2025-01-26 04:44:16.664[39m | [1m[37m      INFO      [39m[49m[0m | bittensor:utils.py:9 | UID:43 | Block:4786845 | Consensus:0.0 | Stake:0.0 | Trust:0.0 | Incentive:0.0 | Emission:0.0
[34m2025-01-26 04:44:26.719[39m | [1m[37m      INFO      [39m[49m[0m | bittensor:utils.py:9 | UID:43 | Block:4786846 | Consensus:0.0 | Stake:0.0 | Trust:0.0 | Incentive:0.0 | Emission:0.0
[34m2025-01-26 04:44:39.706[39m | [1m[37m      INFO      [39m[49m[0m | bittensor:utils.py:9 | UID:43 | Block:4786847 | Consensus:0.0 | Stake:0.0 | Trust:0.0 | Incentive:0.0 | Emission:0.0
[34m2025-01-26 04:44:51.898[39m | [1m[37m      INFO      [39m[49m[0m | bittensor:utils.py:9 | UID:43 | Block:4786848 | Consensus:0.0 | Stake:0.0 | Trust:0.0 | Incentive:0.0 | Emission:0.0
[34m2025-01-26 04:45:03.445[39m | [1m[37m      INFO      [39m[49m[0m | bittensor:utils.py:9 | UID:43 | Block:4786849 | Consensus:0.0 | Stake:0.0 | Trust:0.0 | Incentive:0.0 | Emission:0.0
[34m2025-01-26 04:45:16.662[39m | [1m[37m      INFO      [39m[49m[0m | bittensor:utils.py:9 | UID:43 | Block:4786850 | Consensus:0.0 | Stake:0.0 | Trust:0.0 | Incentive:0.0 | Emission:0.0
[34m2025-01-26 04:45:28.612[39m | [1m[37m      INFO      [39m[49m[0m | bittensor:utils.py:9 | UID:43 | Block:4786851 | Consensus:0.0 | Stake:0.0 | Trust:0.0 | Incentive:0.0 | Emission:0.0
[34m2025-01-26 04:45:39.830[39m | [1m[37m      INFO      [39m[49m[0m | bittensor:utils.py:9 | UID:43 | Block:4786852 | Consensus:0.0 | Stake:0.0 | Trust:0.0 | Incentive:0.0 | Emission:0.0
[34m2025-01-26 04:45:52.423[39m | [1m[37m      INFO      [39m[49m[0m | bittensor:utils.py:9 | UID:43 | Block:4786853 | Consensus:0.0 | Stake:0.0 | Trust:0.0 | Incentive:0.0 | Emission:0.0
[34m2025-01-26 04:46:02.784[39m | [1m[37m      INFO      [39m[49m[0m | bittensor:utils.py:9 | UID:43 | Block:4786854 | Consensus:0.0 | Stake:0.0 | Trust:0.0 | Incentive:0.0 | Emission:0.0
[34m2025-01-26 04:46:14.921[39m | [1m[37m      INFO      [39m[49m[0m | bittensor:utils.py:9 | UID:43 | Block:4786855 | Consensus:0.0 | Stake:0.0 | Trust:0.0 | Incentive:0.0 | Emission:0.0
[34m2025-01-26 04:46:28.017[39m | [1m[37m      INFO      [39m[49m[0m | bittensor:utils.py:9 | UID:43 | Block:4786856 | Consensus:0.0 | Stake:0.0 | Trust:0.0 | Incentive:0.0 | Emission:0.0
[34m2025-01-26 04:46:38.398[39m | [1m[37m      INFO      [39m[49m[0m | bittensor:utils.py:9 | UID:43 | Block:4786857 | Consensus:0.0 | Stake:0.0 | Trust:0.0 | Incentive:0.0 | Emission:0.0
[34m2025-01-26 04:46:50.300[39m | [1m[37m      INFO      [39m[49m[0m | bittensor:utils.py:9 | UID:43 | Block:4786858 | Consensus:0.0 | Stake:0.0 | Trust:0.0 | Incentive:0.0 | Emission:0.0
[34m2025-01-26 04:47:02.622[39m | [1m[37m      INFO      [39m[49m[0m | bittensor:utils.py:9 | UID:43 | Block:4786859 | Consensus:0.0 | Stake:0.0 | Trust:0.0 | Incentive:0.0 | Emission:0.0
[34m2025-01-26 04:47:14.561[39m | [1m[37m      INFO      [39m[49m[0m | bittensor:utils.py:9 | UID:43 | Block:4786860 | Consensus:0.0 | Stake:0.0 | Trust:0.0 | Incentive:0.0 | Emission:0.0
[34m2025-01-26 04:47:26.809[39m | [1m[37m      INFO      [39m[49m[0m | bittensor:utils.py:9 | UID:43 | Block:4786861 | Consensus:0.0 | Stake:0.0 | Trust:0.0 | Incentive:0.0 | Emission:0.0
[34m2025-01-26 04:47:38.300[39m | [1m[37m      INFO      [39m[49m[0m | bittensor:utils.py:9 | UID:43 | Block:4786862 | Consensus:0.0 | Stake:0.0 | Trust:0.0 | Incentive:0.0 | Emission:0.0
[34m2025-01-26 04:47:50.276[39m | [1m[37m      INFO      [39m[49m[0m | bittensor:utils.py:9 | UID:43 | Block:4786863 | Consensus:0.0 | Stake:0.0 | Trust:0.0 | Incentive:0.0 | Emission:0.0
[34m2025-01-26 04:48:02.134[39m | [1m[37m      INFO      [39m[49m[0m | bittensor:utils.py:9 | UID:43 | Block:4786864 | Consensus:0.0 | Stake:0.0 | Trust:0.0 | Incentive:0.0 | Emission:0.0
[34m2025-01-26 04:48:14.575[39m | [1m[37m      INFO      [39m[49m[0m | bittensor:utils.py:9 | UID:43 | Block:4786865 | Consensus:0.0 | Stake:0.0 | Trust:0.0 | Incentive:0.0 | Emission:0.0
[34m2025-01-26 04:48:26.349[39m | [1m[37m      INFO      [39m[49m[0m | bittensor:utils.py:9 | UID:43 | Block:4786866 | Consensus:0.0 | Stake:0.0 | Trust:0.0 | Incentive:0.0 | Emission:0.0
[34m2025-01-26 04:48:38.391[39m | [1m[37m      INFO      [39m[49m[0m | bittensor:utils.py:9 | UID:43 | Block:4786867 | Consensus:0.0 | Stake:0.0 | Trust:0.0 | Incentive:0.0 | Emission:0.0
[34m2025-01-26 04:48:50.383[39m | [1m[37m      INFO      [39m[49m[0m | bittensor:utils.py:9 | UID:43 | Block:4786868 | Consensus:0.0 | Stake:0.0 | Trust:0.0 | Incentive:0.0 | Emission:0.0
[34m2025-01-26 04:49:02.299[39m | [1m[37m      INFO      [39m[49m[0m | bittensor:utils.py:9 | UID:43 | Block:4786869 | Consensus:0.0 | Stake:0.0 | Trust:0.0 | Incentive:0.0 | Emission:0.0
[34m2025-01-26 04:49:14.482[39m | [1m[37m      INFO      [39m[49m[0m | bittensor:utils.py:9 | UID:43 | Block:4786870 | Consensus:0.0 | Stake:0.0 | Trust:0.0 | Incentive:0.0 | Emission:0.0
[34m2025-01-26 04:49:26.615[39m | [1m[37m      INFO      [39m[49m[0m | bittensor:utils.py:9 | UID:43 | Block:4786871 | Consensus:0.0 | Stake:0.0 | Trust:0.0 | Incentive:0.0 | Emission:0.0
[34m2025-01-26 04:49:38.309[39m | [1m[37m      INFO      [39m[49m[0m | bittensor:utils.py:9 | UID:43 | Block:4786872 | Consensus:0.0 | Stake:0.0 | Trust:0.0 | Incentive:0.0 | Emission:0.0
[34m2025-01-26 04:49:50.337[39m | [1m[37m      INFO      [39m[49m[0m | bittensor:utils.py:9 | UID:43 | Block:4786873 | Consensus:0.0 | Stake:0.0 | Trust:0.0 | Incentive:0.0 | Emission:0.0
[34m2025-01-26 04:50:02.202[39m | [1m[37m      INFO      [39m[49m[0m | bittensor:utils.py:9 | UID:43 | Block:4786874 | Consensus:0.0 | Stake:0.0 | Trust:0.0 | Incentive:0.0 | Emission:0.0
[34m2025-01-26 04:50:14.834[39m | [1m[37m      INFO      [39m[49m[0m | bittensor:utils.py:9 | UID:43 | Block:4786875 | Consensus:0.0 | Stake:0.0 | Trust:0.0 | Incentive:0.0 | Emission:0.0
[34m2025-01-26 04:50:26.495[39m | [1m[37m      INFO      [39m[49m[0m | bittensor:utils.py:9 | UID:43 | Block:4786876 | Consensus:0.0 | Stake:0.0 | Trust:0.0 | Incentive:0.0 | Emission:0.0
[34m2025-01-26 04:50:38.630[39m | [1m[37m      INFO      [39m[49m[0m | bittensor:utils.py:9 | UID:43 | Block:4786877 | Consensus:0.0 | Stake:0.0 | Trust:0.0 | Incentive:0.0 | Emission:0.0
[34m2025-01-26 04:50:50.623[39m | [1m[37m      INFO      [39m[49m[0m | bittensor:utils.py:9 | UID:43 | Block:4786878 | Consensus:0.0 | Stake:0.0 | Trust:0.0 | Incentive:0.0 | Emission:0.0
[34m2025-01-26 04:51:02.511[39m | [1m[37m      INFO      [39m[49m[0m | bittensor:utils.py:9 | UID:43 | Block:4786879 | Consensus:0.0 | Stake:0.0 | Trust:0.0 | Incentive:0.0 | Emission:0.0
[34m2025-01-26 04:51:14.297[39m | [1m[37m      INFO      [39m[49m[0m | bittensor:utils.py:9 | UID:43 | Block:4786880 | Consensus:0.0 | Stake:0.0 | Trust:0.0 | Incentive:0.0 | Emission:0.0
[34m2025-01-26 04:51:26.333[39m | [1m[37m      INFO      [39m[49m[0m | bittensor:utils.py:9 | UID:43 | Block:4786881 | Consensus:0.0 | Stake:0.0 | Trust:0.0 | Incentive:0.0 | Emission:0.0
[34m2025-01-26 04:51:38.271[39m | [1m[37m      INFO      [39m[49m[0m | bittensor:utils.py:9 | UID:43 | Block:4786882 | Consensus:0.0 | Stake:0.0 | Trust:0.0 | Incentive:0.0 | Emission:0.0
[34m2025-01-26 04:51:50.282[39m | [1m[37m      INFO      [39m[49m[0m | bittensor:utils.py:9 | UID:43 | Block:4786883 | Consensus:0.0 | Stake:0.0 | Trust:0.0 | Incentive:0.0 | Emission:0.0
[34m2025-01-26 04:52:02.484[39m | [1m[37m      INFO      [39m[49m[0m | bittensor:utils.py:9 | UID:43 | Block:4786884 | Consensus:0.0 | Stake:0.0 | Trust:0.0 | Incentive:0.0 | Emission:0.0
[34m2025-01-26 04:52:14.295[39m | [1m[37m      INFO      [39m[49m[0m | bittensor:utils.py:9 | UID:43 | Block:4786885 | Consensus:0.0 | Stake:0.0 | Trust:0.0 | Incentive:0.0 | Emission:0.0
[34m2025-01-26 04:52:26.379[39m | [1m[37m      INFO      [39m[49m[0m | bittensor:utils.py:9 | UID:43 | Block:4786886 | Consensus:0.0 | Stake:0.0 | Trust:0.0 | Incentive:0.0 | Emission:0.0
[34m2025-01-26 04:52:38.412[39m | [1m[37m      INFO      [39m[49m[0m | bittensor:utils.py:9 | UID:43 | Block:4786887 | Consensus:0.0 | Stake:0.0 | Trust:0.0 | Incentive:0.0 | Emission:0.0
[34m2025-01-26 04:52:50.363[39m | [1m[37m      INFO      [39m[49m[0m | bittensor:utils.py:9 | UID:43 | Block:4786888 | Consensus:0.0 | Stake:0.0 | Trust:0.0 | Incentive:0.0 | Emission:0.0
[34m2025-01-26 04:53:02.259[39m | [1m[37m      INFO      [39m[49m[0m | bittensor:utils.py:9 | UID:43 | Block:4786889 | Consensus:0.0 | Stake:0.0 | Trust:0.0 | Incentive:0.0 | Emission:0.0
[34m2025-01-26 04:53:14.409[39m | [1m[37m      INFO      [39m[49m[0m | bittensor:utils.py:9 | UID:43 | Block:4786890 | Consensus:0.0 | Stake:0.0 | Trust:0.0 | Incentive:0.0 | Emission:0.0
[34m2025-01-26 04:53:26.700[39m | [1m[37m      INFO      [39m[49m[0m | bittensor:utils.py:9 | UID:43 | Block:4786891 | Consensus:0.0 | Stake:0.0 | Trust:0.0 | Incentive:0.0 | Emission:0.0
[34m2025-01-26 04:53:38.156[39m | [1m[37m      INFO      [39m[49m[0m | bittensor:utils.py:9 | UID:43 | Block:4786892 | Consensus:0.0 | Stake:0.0 | Trust:0.0 | Incentive:0.0 | Emission:0.0
[34m2025-01-26 04:53:50.654[39m | [1m[37m      INFO      [39m[49m[0m | bittensor:utils.py:9 | UID:43 | Block:4786893 | Consensus:0.0 | Stake:0.0 | Trust:0.0 | Incentive:0.0 | Emission:0.0
[34m2025-01-26 04:54:02.403[39m | [1m[37m      INFO      [39m[49m[0m | bittensor:utils.py:9 | UID:43 | Block:4786894 | Consensus:0.0 | Stake:0.0 | Trust:0.0 | Incentive:0.0 | Emission:0.0
[34m2025-01-26 04:54:14.686[39m | [1m[37m      INFO      [39m[49m[0m | bittensor:utils.py:9 | UID:43 | Block:4786895 | Consensus:0.0 | Stake:0.0 | Trust:0.0 | Incentive:0.0 | Emission:0.0
[34m2025-01-26 04:54:26.352[39m | [1m[37m      INFO      [39m[49m[0m | bittensor:utils.py:9 | UID:43 | Block:4786896 | Consensus:0.0 | Stake:0.0 | Trust:0.0 | Incentive:0.0 | Emission:0.0
[34m2025-01-26 04:54:39.619[39m | [1m[37m      INFO      [39m[49m[0m | bittensor:utils.py:9 | UID:43 | Block:4786897 | Consensus:0.0 | Stake:0.0 | Trust:0.0 | Incentive:0.0 | Emission:0.0
[34m2025-01-26 04:54:50.210[39m | [1m[37m      INFO      [39m[49m[0m | bittensor:utils.py:9 | UID:43 | Block:4786898 | Consensus:0.0 | Stake:0.0 | Trust:0.0 | Incentive:0.0 | Emission:0.0
[34m2025-01-26 04:55:02.369[39m | [1m[37m      INFO      [39m[49m[0m | bittensor:utils.py:9 | UID:43 | Block:4786899 | Consensus:0.0 | Stake:0.0 | Trust:0.0 | Incentive:0.0 | Emission:0.0
[34m2025-01-26 04:55:14.471[39m | [1m[37m      INFO      [39m[49m[0m | bittensor:utils.py:9 | UID:43 | Block:4786900 | Consensus:0.0 | Stake:0.0 | Trust:0.0 | Incentive:0.0 | Emission:0.0
[34m2025-01-26 04:55:26.330[39m | [1m[37m      INFO      [39m[49m[0m | bittensor:utils.py:9 | UID:43 | Block:4786901 | Consensus:0.0 | Stake:0.0 | Trust:0.0 | Incentive:0.0 | Emission:0.0
[34m2025-01-26 04:55:38.141[39m | [1m[37m      INFO      [39m[49m[0m | bittensor:utils.py:9 | UID:43 | Block:4786902 | Consensus:0.0 | Stake:0.0 | Trust:0.0 | Incentive:0.0 | Emission:0.0
[34m2025-01-26 04:55:50.303[39m | [1m[37m      INFO      [39m[49m[0m | bittensor:utils.py:9 | UID:43 | Block:4786903 | Consensus:0.0 | Stake:0.0 | Trust:0.0 | Incentive:0.0 | Emission:0.0
[34m2025-01-26 04:56:02.591[39m | [1m[37m      INFO      [39m[49m[0m | bittensor:utils.py:9 | UID:43 | Block:4786904 | Consensus:0.0 | Stake:0.0 | Trust:0.0 | Incentive:0.0 | Emission:0.0
[34m2025-01-26 04:56:14.334[39m | [1m[37m      INFO      [39m[49m[0m | bittensor:utils.py:9 | UID:43 | Block:4786905 | Consensus:0.0 | Stake:0.0 | Trust:0.0 | Incentive:0.0 | Emission:0.0
[34m2025-01-26 04:56:26.089[39m | [1m[37m      INFO      [39m[49m[0m | bittensor:utils.py:9 | UID:43 | Block:4786906 | Consensus:0.0 | Stake:0.0 | Trust:0.0 | Incentive:0.0 | Emission:0.0
[34m2025-01-26 04:56:38.511[39m | [1m[37m      INFO      [39m[49m[0m | bittensor:utils.py:9 | UID:43 | Block:4786907 | Consensus:0.0 | Stake:0.0 | Trust:0.0 | Incentive:0.0 | Emission:0.0
[34m2025-01-26 04:56:50.151[39m | [1m[37m      INFO      [39m[49m[0m | bittensor:utils.py:9 | UID:43 | Block:4786908 | Consensus:0.0 | Stake:0.0 | Trust:0.0 | Incentive:0.0 | Emission:0.0
[34m2025-01-26 04:57:02.644[39m | [1m[37m      INFO      [39m[49m[0m | bittensor:utils.py:9 | UID:43 | Block:4786909 | Consensus:0.0 | Stake:0.0 | Trust:0.0 | Incentive:0.0 | Emission:0.0
[34m2025-01-26 04:57:14.253[39m | [1m[37m      INFO      [39m[49m[0m | bittensor:utils.py:9 | UID:43 | Block:4786910 | Consensus:0.0 | Stake:0.0 | Trust:0.0 | Incentive:0.0 | Emission:0.0
[34m2025-01-26 04:57:26.430[39m | [1m[37m      INFO      [39m[49m[0m | bittensor:utils.py:9 | UID:43 | Block:4786911 | Consensus:0.0 | Stake:0.0 | Trust:0.0 | Incentive:0.0 | Emission:0.0
[34m2025-01-26 04:57:38.121[39m | [1m[37m      INFO      [39m[49m[0m | bittensor:utils.py:9 | UID:43 | Block:4786912 | Consensus:0.0 | Stake:0.0 | Trust:0.0 | Incentive:0.0 | Emission:0.0
[34m2025-01-26 04:57:50.575[39m | [1m[37m      INFO      [39m[49m[0m | bittensor:utils.py:9 | UID:43 | Block:4786913 | Consensus:0.0 | Stake:0.0 | Trust:0.0 | Incentive:0.0 | Emission:0.0
[34m2025-01-26 04:58:02.220[39m | [1m[37m      INFO      [39m[49m[0m | bittensor:utils.py:9 | UID:43 | Block:4786914 | Consensus:0.0 | Stake:0.0 | Trust:0.0 | Incentive:0.0 | Emission:0.0
[34m2025-01-26 04:58:14.503[39m | [1m[37m      INFO      [39m[49m[0m | bittensor:utils.py:9 | UID:43 | Block:4786915 | Consensus:0.0 | Stake:0.0 | Trust:0.0 | Incentive:0.0 | Emission:0.0
[34m2025-01-26 04:58:26.401[39m | [1m[37m      INFO      [39m[49m[0m | bittensor:utils.py:9 | UID:43 | Block:4786916 | Consensus:0.0 | Stake:0.0 | Trust:0.0 | Incentive:0.0 | Emission:0.0
[34m2025-01-26 04:58:38.684[39m | [1m[37m      INFO      [39m[49m[0m | bittensor:utils.py:9 | UID:43 | Block:4786917 | Consensus:0.0 | Stake:0.0 | Trust:0.0 | Incentive:0.0 | Emission:0.0
[34m2025-01-26 04:58:50.411[39m | [1m[37m      INFO      [39m[49m[0m | bittensor:utils.py:9 | UID:43 | Block:4786918 | Consensus:0.0 | Stake:0.0 | Trust:0.0 | Incentive:0.0 | Emission:0.0
[34m2025-01-26 04:59:02.576[39m | [1m[37m      INFO      [39m[49m[0m | bittensor:utils.py:9 | UID:43 | Block:4786919 | Consensus:0.0 | Stake:0.0 | Trust:0.0 | Incentive:0.0 | Emission:0.0
[34m2025-01-26 04:59:15.579[39m | [1m[37m      INFO      [39m[49m[0m | bittensor:base.py:57 | Resyncing Metagraph
[34m2025-01-26 04:59:17.534[39m | [1m[37m      INFO      [39m[49m[0m | bittensor:utils.py:9 | UID:43 | Block:4786920 | Consensus:0.0 | Stake:0.0 | Trust:0.0 | Incentive:0.0 | Emission:0.0
[34m2025-01-26 04:59:26.646[39m | [1m[37m      INFO      [39m[49m[0m | bittensor:utils.py:9 | UID:43 | Block:4786921 | Consensus:0.0 | Stake:0.0 | Trust:0.0 | Incentive:0.0 | Emission:0.0
[34m2025-01-26 04:59:38.185[39m | [1m[37m      INFO      [39m[49m[0m | bittensor:utils.py:9 | UID:43 | Block:4786922 | Consensus:0.0 | Stake:0.0 | Trust:0.0 | Incentive:0.0 | Emission:0.0
[34m2025-01-26 04:59:50.482[39m | [1m[37m      INFO      [39m[49m[0m | bittensor:utils.py:9 | UID:43 | Block:4786923 | Consensus:0.0 | Stake:0.0 | Trust:0.0 | Incentive:0.0 | Emission:0.0
[34m2025-01-26 05:00:02.266[39m | [1m[37m      INFO      [39m[49m[0m | bittensor:utils.py:9 | UID:43 | Block:4786924 | Consensus:0.0 | Stake:0.0 | Trust:0.0 | Incentive:0.0 | Emission:0.0
[34m2025-01-26 05:00:14.507[39m | [1m[37m      INFO      [39m[49m[0m | bittensor:utils.py:9 | UID:43 | Block:4786925 | Consensus:0.0 | Stake:0.0 | Trust:0.0 | Incentive:0.0 | Emission:0.0
[34m2025-01-26 05:00:26.411[39m | [1m[37m      INFO      [39m[49m[0m | bittensor:utils.py:9 | UID:43 | Block:4786926 | Consensus:0.0 | Stake:0.0 | Trust:0.0 | Incentive:0.0 | Emission:0.0
[34m2025-01-26 05:00:38.752[39m | [1m[37m      INFO      [39m[49m[0m | bittensor:utils.py:9 | UID:43 | Block:4786927 | Consensus:0.0 | Stake:0.0 | Trust:0.0 | Incentive:0.0 | Emission:0.0
[34m2025-01-26 05:00:50.502[39m | [1m[37m      INFO      [39m[49m[0m | bittensor:utils.py:9 | UID:43 | Block:4786928 | Consensus:0.0 | Stake:0.0 | Trust:0.0 | Incentive:0.0 | Emission:0.0
[34m2025-01-26 05:01:02.687[39m | [1m[37m      INFO      [39m[49m[0m | bittensor:utils.py:9 | UID:43 | Block:4786929 | Consensus:0.0 | Stake:0.0 | Trust:0.0 | Incentive:0.0 | Emission:0.0
[34m2025-01-26 05:01:14.499[39m | [1m[37m      INFO      [39m[49m[0m | bittensor:utils.py:9 | UID:43 | Block:4786930 | Consensus:0.0 | Stake:0.0 | Trust:0.0 | Incentive:0.0 | Emission:0.0
[34m2025-01-26 05:01:26.718[39m | [1m[37m      INFO      [39m[49m[0m | bittensor:utils.py:9 | UID:43 | Block:4786931 | Consensus:0.0 | Stake:0.0 | Trust:0.0 | Incentive:0.0 | Emission:0.0
[34m2025-01-26 05:01:38.389[39m | [1m[37m      INFO      [39m[49m[0m | bittensor:utils.py:9 | UID:43 | Block:4786932 | Consensus:0.0 | Stake:0.0 | Trust:0.0 | Incentive:0.0 | Emission:0.0
[34m2025-01-26 05:01:50.772[39m | [1m[37m      INFO      [39m[49m[0m | bittensor:utils.py:9 | UID:43 | Block:4786933 | Consensus:0.0 | Stake:0.0 | Trust:0.0 | Incentive:0.0 | Emission:0.0
[34m2025-01-26 05:02:02.463[39m | [1m[37m      INFO      [39m[49m[0m | bittensor:utils.py:9 | UID:43 | Block:4786934 | Consensus:0.0 | Stake:0.0 | Trust:0.0 | Incentive:0.0 | Emission:0.0
[34m2025-01-26 05:02:14.441[39m | [1m[37m      INFO      [39m[49m[0m | bittensor:utils.py:9 | UID:43 | Block:4786935 | Consensus:0.0 | Stake:0.0 | Trust:0.0 | Incentive:0.0 | Emission:0.0
[34m2025-01-26 05:02:26.528[39m | [1m[37m      INFO      [39m[49m[0m | bittensor:utils.py:9 | UID:43 | Block:4786936 | Consensus:0.0 | Stake:0.0 | Trust:0.0 | Incentive:0.0 | Emission:0.0
[34m2025-01-26 05:02:38.499[39m | [1m[37m      INFO      [39m[49m[0m | bittensor:utils.py:9 | UID:43 | Block:4786937 | Consensus:0.0 | Stake:0.0 | Trust:0.0 | Incentive:0.0 | Emission:0.0
[34m2025-01-26 05:02:50.741[39m | [1m[37m      INFO      [39m[49m[0m | bittensor:utils.py:9 | UID:43 | Block:4786938 | Consensus:0.0 | Stake:0.0 | Trust:0.0 | Incentive:0.0 | Emission:0.0
[34m2025-01-26 05:03:02.305[39m | [1m[37m      INFO      [39m[49m[0m | bittensor:utils.py:9 | UID:43 | Block:4786939 | Consensus:0.0 | Stake:0.0 | Trust:0.0 | Incentive:0.0 | Emission:0.0
[34m2025-01-26 05:03:14.715[39m | [1m[37m      INFO      [39m[49m[0m | bittensor:utils.py:9 | UID:43 | Block:4786940 | Consensus:0.0 | Stake:0.0 | Trust:0.0 | Incentive:0.0 | Emission:0.0
[34m2025-01-26 05:03:26.659[39m | [1m[37m      INFO      [39m[49m[0m | bittensor:utils.py:9 | UID:43 | Block:4786941 | Consensus:0.0 | Stake:0.0 | Trust:0.0 | Incentive:0.0 | Emission:0.0
[34m2025-01-26 05:03:38.391[39m | [1m[37m      INFO      [39m[49m[0m | bittensor:utils.py:9 | UID:43 | Block:4786942 | Consensus:0.0 | Stake:0.0 | Trust:0.0 | Incentive:0.0 | Emission:0.0
[34m2025-01-26 05:03:50.607[39m | [1m[37m      INFO      [39m[49m[0m | bittensor:utils.py:9 | UID:43 | Block:4786943 | Consensus:0.0 | Stake:0.0 | Trust:0.0 | Incentive:0.0 | Emission:0.0
[34m2025-01-26 05:04:02.575[39m | [1m[37m      INFO      [39m[49m[0m | bittensor:utils.py:9 | UID:43 | Block:4786944 | Consensus:0.0 | Stake:0.0 | Trust:0.0 | Incentive:0.0 | Emission:0.0
[34m2025-01-26 05:04:14.748[39m | [1m[37m      INFO      [39m[49m[0m | bittensor:utils.py:9 | UID:43 | Block:4786945 | Consensus:0.0 | Stake:0.0 | Trust:0.0 | Incentive:0.0 | Emission:0.0
[34m2025-01-26 05:04:26.442[39m | [1m[37m      INFO      [39m[49m[0m | bittensor:utils.py:9 | UID:43 | Block:4786946 | Consensus:0.0 | Stake:0.0 | Trust:0.0 | Incentive:0.0 | Emission:0.0
[34m2025-01-26 05:04:38.509[39m | [1m[37m      INFO      [39m[49m[0m | bittensor:utils.py:9 | UID:43 | Block:4786947 | Consensus:0.0 | Stake:0.0 | Trust:0.0 | Incentive:0.0 | Emission:0.0
[34m2025-01-26 05:04:50.848[39m | [1m[37m      INFO      [39m[49m[0m | bittensor:utils.py:9 | UID:43 | Block:4786948 | Consensus:0.0 | Stake:0.0 | Trust:0.0 | Incentive:0.0 | Emission:0.0
[34m2025-01-26 05:05:02.602[39m | [1m[37m      INFO      [39m[49m[0m | bittensor:utils.py:9 | UID:43 | Block:4786949 | Consensus:0.0 | Stake:0.0 | Trust:0.0 | Incentive:0.0 | Emission:0.0
[34m2025-01-26 05:05:14.403[39m | [1m[37m      INFO      [39m[49m[0m | bittensor:utils.py:9 | UID:43 | Block:4786950 | Consensus:0.0 | Stake:0.0 | Trust:0.0 | Incentive:0.0 | Emission:0.0
[34m2025-01-26 05:05:26.330[39m | [1m[37m      INFO      [39m[49m[0m | bittensor:utils.py:9 | UID:43 | Block:4786951 | Consensus:0.0 | Stake:0.0 | Trust:0.0 | Incentive:0.0 | Emission:0.0
[34m2025-01-26 05:05:38.573[39m | [1m[37m      INFO      [39m[49m[0m | bittensor:utils.py:9 | UID:43 | Block:4786952 | Consensus:0.0 | Stake:0.0 | Trust:0.0 | Incentive:0.0 | Emission:0.0
[34m2025-01-26 05:05:50.482[39m | [1m[37m      INFO      [39m[49m[0m | bittensor:utils.py:9 | UID:43 | Block:4786953 | Consensus:0.0 | Stake:0.0 | Trust:0.0 | Incentive:0.0 | Emission:0.0
[34m2025-01-26 05:06:02.429[39m | [1m[37m      INFO      [39m[49m[0m | bittensor:utils.py:9 | UID:43 | Block:4786954 | Consensus:0.0 | Stake:0.0 | Trust:0.0 | Incentive:0.0 | Emission:0.0
[34m2025-01-26 05:06:14.712[39m | [1m[37m      INFO      [39m[49m[0m | bittensor:utils.py:9 | UID:43 | Block:4786955 | Consensus:0.0 | Stake:0.0 | Trust:0.0 | Incentive:0.0 | Emission:0.0
[34m2025-01-26 05:06:26.513[39m | [1m[37m      INFO      [39m[49m[0m | bittensor:utils.py:9 | UID:43 | Block:4786956 | Consensus:0.0 | Stake:0.0 | Trust:0.0 | Incentive:0.0 | Emission:0.0
[34m2025-01-26 05:06:38.554[39m | [1m[37m      INFO      [39m[49m[0m | bittensor:utils.py:9 | UID:43 | Block:4786957 | Consensus:0.0 | Stake:0.0 | Trust:0.0 | Incentive:0.0 | Emission:0.0
[34m2025-01-26 05:06:50.424[39m | [1m[37m      INFO      [39m[49m[0m | bittensor:utils.py:9 | UID:43 | Block:4786958 | Consensus:0.0 | Stake:0.0 | Trust:0.0 | Incentive:0.0 | Emission:0.0
[34m2025-01-26 05:07:02.682[39m | [1m[37m      INFO      [39m[49m[0m | bittensor:utils.py:9 | UID:43 | Block:4786959 | Consensus:0.0 | Stake:0.0 | Trust:0.0 | Incentive:0.0 | Emission:0.0
[34m2025-01-26 05:07:14.509[39m | [1m[37m      INFO      [39m[49m[0m | bittensor:utils.py:9 | UID:43 | Block:4786960 | Consensus:0.0 | Stake:0.0 | Trust:0.0 | Incentive:0.0 | Emission:0.0
[34m2025-01-26 05:07:26.904[39m | [1m[37m      INFO      [39m[49m[0m | bittensor:utils.py:9 | UID:43 | Block:4786961 | Consensus:0.0 | Stake:0.0 | Trust:0.0 | Incentive:0.0 | Emission:0.0
[34m2025-01-26 05:07:38.839[39m | [1m[37m      INFO      [39m[49m[0m | bittensor:utils.py:9 | UID:43 | Block:4786962 | Consensus:0.0 | Stake:0.0 | Trust:0.0 | Incentive:0.0 | Emission:0.0
[34m2025-01-26 05:07:50.646[39m | [1m[37m      INFO      [39m[49m[0m | bittensor:utils.py:9 | UID:43 | Block:4786963 | Consensus:0.0 | Stake:0.0 | Trust:0.0 | Incentive:0.0 | Emission:0.0
[34m2025-01-26 05:08:02.490[39m | [1m[37m      INFO      [39m[49m[0m | bittensor:utils.py:9 | UID:43 | Block:4786964 | Consensus:0.0 | Stake:0.0 | Trust:0.0 | Incentive:0.0 | Emission:0.0
[34m2025-01-26 05:08:14.719[39m | [1m[37m      INFO      [39m[49m[0m | bittensor:utils.py:9 | UID:43 | Block:4786965 | Consensus:0.0 | Stake:0.0 | Trust:0.0 | Incentive:0.0 | Emission:0.0
[34m2025-01-26 05:08:26.724[39m | [1m[37m      INFO      [39m[49m[0m | bittensor:utils.py:9 | UID:43 | Block:4786966 | Consensus:0.0 | Stake:0.0 | Trust:0.0 | Incentive:0.0 | Emission:0.0
[34m2025-01-26 05:08:38.617[39m | [1m[37m      INFO      [39m[49m[0m | bittensor:utils.py:9 | UID:43 | Block:4786967 | Consensus:0.0 | Stake:0.0 | Trust:0.0 | Incentive:0.0 | Emission:0.0
[34m2025-01-26 05:08:50.758[39m | [1m[37m      INFO      [39m[49m[0m | bittensor:utils.py:9 | UID:43 | Block:4786968 | Consensus:0.0 | Stake:0.0 | Trust:0.0 | Incentive:0.0 | Emission:0.0
[34m2025-01-26 05:09:02.692[39m | [1m[37m      INFO      [39m[49m[0m | bittensor:utils.py:9 | UID:43 | Block:4786969 | Consensus:0.0 | Stake:0.0 | Trust:0.0 | Incentive:0.0 | Emission:0.0
[34m2025-01-26 05:09:14.906[39m | [1m[37m      INFO      [39m[49m[0m | bittensor:utils.py:9 | UID:43 | Block:4786970 | Consensus:0.0 | Stake:0.0 | Trust:0.0 | Incentive:0.0 | Emission:0.0
[34m2025-01-26 05:09:28.032[39m | [1m[37m      INFO      [39m[49m[0m | bittensor:utils.py:9 | UID:43 | Block:4786971 | Consensus:0.0 | Stake:0.0 | Trust:0.0 | Incentive:0.0 | Emission:0.0
[34m2025-01-26 05:09:38.495[39m | [1m[37m      INFO      [39m[49m[0m | bittensor:utils.py:9 | UID:43 | Block:4786972 | Consensus:0.0 | Stake:0.0 | Trust:0.0 | Incentive:0.0 | Emission:0.0
[34m2025-01-26 05:09:50.620[39m | [1m[37m      INFO      [39m[49m[0m | bittensor:utils.py:9 | UID:43 | Block:4786973 | Consensus:0.0 | Stake:0.0 | Trust:0.0 | Incentive:0.0 | Emission:0.0
[34m2025-01-26 05:10:02.357[39m | [1m[37m      INFO      [39m[49m[0m | bittensor:utils.py:9 | UID:43 | Block:4786974 | Consensus:0.0 | Stake:0.0 | Trust:0.0 | Incentive:0.0 | Emission:0.0
[34m2025-01-26 05:10:14.388[39m | [1m[37m      INFO      [39m[49m[0m | bittensor:utils.py:9 | UID:43 | Block:4786975 | Consensus:0.0 | Stake:0.0 | Trust:0.0 | Incentive:0.0 | Emission:0.0
[34m2025-01-26 05:10:26.352[39m | [1m[37m      INFO      [39m[49m[0m | bittensor:utils.py:9 | UID:43 | Block:4786976 | Consensus:0.0 | Stake:0.0 | Trust:0.0 | Incentive:0.0 | Emission:0.0
[34m2025-01-26 05:10:38.558[39m | [1m[37m      INFO      [39m[49m[0m | bittensor:utils.py:9 | UID:43 | Block:4786977 | Consensus:0.0 | Stake:0.0 | Trust:0.0 | Incentive:0.0 | Emission:0.0
[34m2025-01-26 05:10:50.386[39m | [1m[37m      INFO      [39m[49m[0m | bittensor:utils.py:9 | UID:43 | Block:4786978 | Consensus:0.0 | Stake:0.0 | Trust:0.0 | Incentive:0.0 | Emission:0.0
[34m2025-01-26 05:11:02.495[39m | [1m[37m      INFO      [39m[49m[0m | bittensor:utils.py:9 | UID:43 | Block:4786979 | Consensus:0.0 | Stake:0.0 | Trust:0.0 | Incentive:0.0 | Emission:0.0
[34m2025-01-26 05:11:14.393[39m | [1m[37m      INFO      [39m[49m[0m | bittensor:utils.py:9 | UID:43 | Block:4786980 | Consensus:0.0 | Stake:0.0 | Trust:0.0 | Incentive:0.0 | Emission:0.0
[34m2025-01-26 05:11:26.526[39m | [1m[37m      INFO      [39m[49m[0m | bittensor:utils.py:9 | UID:43 | Block:4786981 | Consensus:0.0 | Stake:0.0 | Trust:0.0 | Incentive:0.0 | Emission:0.0
[34m2025-01-26 05:11:38.131[39m | [1m[37m      INFO      [39m[49m[0m | bittensor:utils.py:9 | UID:43 | Block:4786982 | Consensus:0.0 | Stake:0.0 | Trust:0.0 | Incentive:0.0 | Emission:0.0
[34m2025-01-26 05:11:50.236[39m | [1m[37m      INFO      [39m[49m[0m | bittensor:utils.py:9 | UID:43 | Block:4786983 | Consensus:0.0 | Stake:0.0 | Trust:0.0 | Incentive:0.0 | Emission:0.0
[34m2025-01-26 05:12:02.473[39m | [1m[37m      INFO      [39m[49m[0m | bittensor:utils.py:9 | UID:43 | Block:4786984 | Consensus:0.0 | Stake:0.0 | Trust:0.0 | Incentive:0.0 | Emission:0.0
[34m2025-01-26 05:12:14.704[39m | [1m[37m      INFO      [39m[49m[0m | bittensor:utils.py:9 | UID:43 | Block:4786985 | Consensus:0.0 | Stake:0.0 | Trust:0.0 | Incentive:0.0 | Emission:0.0
[34m2025-01-26 05:12:26.083[39m | [1m[37m      INFO      [39m[49m[0m | bittensor:utils.py:9 | UID:43 | Block:4786986 | Consensus:0.0 | Stake:0.0 | Trust:0.0 | Incentive:0.0 | Emission:0.0
[34m2025-01-26 05:12:38.507[39m | [1m[37m      INFO      [39m[49m[0m | bittensor:utils.py:9 | UID:43 | Block:4786987 | Consensus:0.0 | Stake:0.0 | Trust:0.0 | Incentive:0.0 | Emission:0.0
[34m2025-01-26 05:12:50.538[39m | [1m[37m      INFO      [39m[49m[0m | bittensor:utils.py:9 | UID:43 | Block:4786988 | Consensus:0.0 | Stake:0.0 | Trust:0.0 | Incentive:0.0 | Emission:0.0
[34m2025-01-26 05:13:02.528[39m | [1m[37m      INFO      [39m[49m[0m | bittensor:utils.py:9 | UID:43 | Block:4786989 | Consensus:0.0 | Stake:0.0 | Trust:0.0 | Incentive:0.0 | Emission:0.0
[34m2025-01-26 05:13:14.688[39m | [1m[37m      INFO      [39m[49m[0m | bittensor:utils.py:9 | UID:43 | Block:4786990 | Consensus:0.0 | Stake:0.0 | Trust:0.0 | Incentive:0.0 | Emission:0.0
[34m2025-01-26 05:13:27.191[39m | [1m[37m      INFO      [39m[49m[0m | bittensor:utils.py:9 | UID:43 | Block:4786991 | Consensus:0.0 | Stake:0.0 | Trust:0.0 | Incentive:0.0 | Emission:0.0
[34m2025-01-26 05:13:38.449[39m | [1m[37m      INFO      [39m[49m[0m | bittensor:utils.py:9 | UID:43 | Block:4786992 | Consensus:0.0 | Stake:0.0 | Trust:0.0 | Incentive:0.0 | Emission:0.0
[34m2025-01-26 05:13:50.979[39m | [1m[37m      INFO      [39m[49m[0m | bittensor:utils.py:9 | UID:43 | Block:4786993 | Consensus:0.0 | Stake:0.0 | Trust:0.0 | Incentive:0.0 | Emission:0.0
[34m2025-01-26 05:14:02.677[39m | [1m[37m      INFO      [39m[49m[0m | bittensor:utils.py:9 | UID:43 | Block:4786994 | Consensus:0.0 | Stake:0.0 | Trust:0.0 | Incentive:0.0 | Emission:0.0
[34m2025-01-26 05:14:14.780[39m | [1m[37m      INFO      [39m[49m[0m | bittensor:utils.py:9 | UID:43 | Block:4786995 | Consensus:0.0 | Stake:0.0 | Trust:0.0 | Incentive:0.0 | Emission:0.0
[34m2025-01-26 05:14:26.719[39m | [1m[37m      INFO      [39m[49m[0m | bittensor:utils.py:9 | UID:43 | Block:4786996 | Consensus:0.0 | Stake:0.0 | Trust:0.0 | Incentive:0.0 | Emission:0.0
[34m2025-01-26 05:14:39.617[39m | [1m[37m      INFO      [39m[49m[0m | bittensor:utils.py:9 | UID:43 | Block:4786997 | Consensus:0.0 | Stake:0.0 | Trust:0.0 | Incentive:0.0 | Emission:0.0
[34m2025-01-26 05:14:50.953[39m | [1m[37m      INFO      [39m[49m[0m | bittensor:utils.py:9 | UID:43 | Block:4786998 | Consensus:0.0 | Stake:0.0 | Trust:0.0 | Incentive:0.0 | Emission:0.0
[34m2025-01-26 05:15:02.786[39m | [1m[37m      INFO      [39m[49m[0m | bittensor:utils.py:9 | UID:43 | Block:4786999 | Consensus:0.0 | Stake:0.0 | Trust:0.0 | Incentive:0.0 | Emission:0.0
[34m2025-01-26 05:15:15.086[39m | [1m[37m      INFO      [39m[49m[0m | bittensor:utils.py:9 | UID:43 | Block:4787000 | Consensus:0.0 | Stake:0.0 | Trust:0.0 | Incentive:0.0 | Emission:0.0
[34m2025-01-26 05:15:26.852[39m | [1m[37m      INFO      [39m[49m[0m | bittensor:utils.py:9 | UID:43 | Block:4787001 | Consensus:0.0 | Stake:0.0 | Trust:0.0 | Incentive:0.0 | Emission:0.0
[34m2025-01-26 05:15:38.620[39m | [1m[37m      INFO      [39m[49m[0m | bittensor:utils.py:9 | UID:43 | Block:4787002 | Consensus:0.0 | Stake:0.0 | Trust:0.0 | Incentive:0.0 | Emission:0.0
[34m2025-01-26 05:15:50.511[39m | [1m[37m      INFO      [39m[49m[0m | bittensor:utils.py:9 | UID:43 | Block:4787003 | Consensus:0.0 | Stake:0.0 | Trust:0.0 | Incentive:0.0 | Emission:0.0
[34m2025-01-26 05:16:02.365[39m | [1m[37m      INFO      [39m[49m[0m | bittensor:utils.py:9 | UID:43 | Block:4787004 | Consensus:0.0 | Stake:0.0 | Trust:0.0 | Incentive:0.0 | Emission:0.0
[34m2025-01-26 05:16:14.633[39m | [1m[37m      INFO      [39m[49m[0m | bittensor:utils.py:9 | UID:43 | Block:4787005 | Consensus:0.0 | Stake:0.0 | Trust:0.0 | Incentive:0.0 | Emission:0.0
[34m2025-01-26 05:16:26.367[39m | [1m[37m      INFO      [39m[49m[0m | bittensor:utils.py:9 | UID:43 | Block:4787006 | Consensus:0.0 | Stake:0.0 | Trust:0.0 | Incentive:0.0 | Emission:0.0
[34m2025-01-26 05:16:38.667[39m | [1m[37m      INFO      [39m[49m[0m | bittensor:utils.py:9 | UID:43 | Block:4787007 | Consensus:0.0 | Stake:0.0 | Trust:0.0 | Incentive:0.0 | Emission:0.0
[34m2025-01-26 05:16:50.616[39m | [1m[37m      INFO      [39m[49m[0m | bittensor:utils.py:9 | UID:43 | Block:4787008 | Consensus:0.0 | Stake:0.0 | Trust:0.0 | Incentive:0.0 | Emission:0.0
[34m2025-01-26 05:17:02.720[39m | [1m[37m      INFO      [39m[49m[0m | bittensor:utils.py:9 | UID:43 | Block:4787009 | Consensus:0.0 | Stake:0.0 | Trust:0.0 | Incentive:0.0 | Emission:0.0
[34m2025-01-26 05:17:14.382[39m | [1m[37m      INFO      [39m[49m[0m | bittensor:utils.py:9 | UID:43 | Block:4787010 | Consensus:0.0 | Stake:0.0 | Trust:0.0 | Incentive:0.0 | Emission:0.0
[34m2025-01-26 05:17:26.855[39m | [1m[37m      INFO      [39m[49m[0m | bittensor:utils.py:9 | UID:43 | Block:4787011 | Consensus:0.0 | Stake:0.0 | Trust:0.0 | Incentive:0.0 | Emission:0.0
[34m2025-01-26 05:17:38.825[39m | [1m[37m      INFO      [39m[49m[0m | bittensor:utils.py:9 | UID:43 | Block:4787012 | Consensus:0.0 | Stake:0.0 | Trust:0.0 | Incentive:0.0 | Emission:0.0
[34m2025-01-26 05:17:50.650[39m | [1m[37m      INFO      [39m[49m[0m | bittensor:utils.py:9 | UID:43 | Block:4787013 | Consensus:0.0 | Stake:0.0 | Trust:0.0 | Incentive:0.0 | Emission:0.0
[34m2025-01-26 05:18:02.639[39m | [1m[37m      INFO      [39m[49m[0m | bittensor:utils.py:9 | UID:43 | Block:4787014 | Consensus:0.0 | Stake:0.0 | Trust:0.0 | Incentive:0.0 | Emission:0.0
[34m2025-01-26 05:18:14.758[39m | [1m[37m      INFO      [39m[49m[0m | bittensor:utils.py:9 | UID:43 | Block:4787015 | Consensus:0.0 | Stake:0.0 | Trust:0.0 | Incentive:0.0 | Emission:0.0
[34m2025-01-26 05:18:26.556[39m | [1m[37m      INFO      [39m[49m[0m | bittensor:utils.py:9 | UID:43 | Block:4787016 | Consensus:0.0 | Stake:0.0 | Trust:0.0 | Incentive:0.0 | Emission:0.0
[34m2025-01-26 05:18:38.815[39m | [1m[37m      INFO      [39m[49m[0m | bittensor:utils.py:9 | UID:43 | Block:4787017 | Consensus:0.0 | Stake:0.0 | Trust:0.0 | Incentive:0.0 | Emission:0.0
[34m2025-01-26 05:18:50.729[39m | [1m[37m      INFO      [39m[49m[0m | bittensor:utils.py:9 | UID:43 | Block:4787018 | Consensus:0.0 | Stake:0.0 | Trust:0.0 | Incentive:0.0 | Emission:0.0
[34m2025-01-26 05:19:03.110[39m | [1m[37m      INFO      [39m[49m[0m | bittensor:utils.py:9 | UID:43 | Block:4787019 | Consensus:0.0 | Stake:0.0 | Trust:0.0 | Incentive:0.0 | Emission:0.0
[34m2025-01-26 05:19:14.447[39m | [1m[37m      INFO      [39m[49m[0m | bittensor:utils.py:9 | UID:43 | Block:4787020 | Consensus:0.0 | Stake:0.0 | Trust:0.0 | Incentive:0.0 | Emission:0.0
[34m2025-01-26 05:19:26.800[39m | [1m[37m      INFO      [39m[49m[0m | bittensor:utils.py:9 | UID:43 | Block:4787021 | Consensus:0.0 | Stake:0.0 | Trust:0.0 | Incentive:0.0 | Emission:0.0
[34m2025-01-26 05:19:38.560[39m | [1m[37m      INFO      [39m[49m[0m | bittensor:utils.py:9 | UID:43 | Block:4787022 | Consensus:0.0 | Stake:0.0 | Trust:0.0 | Incentive:0.0 | Emission:0.0
[34m2025-01-26 05:19:50.554[39m | [1m[37m      INFO      [39m[49m[0m | bittensor:utils.py:9 | UID:43 | Block:4787023 | Consensus:0.0 | Stake:0.0 | Trust:0.0 | Incentive:0.0 | Emission:0.0
[34m2025-01-26 05:20:02.325[39m | [1m[37m      INFO      [39m[49m[0m | bittensor:utils.py:9 | UID:43 | Block:4787024 | Consensus:0.0 | Stake:0.0 | Trust:0.0 | Incentive:0.0 | Emission:0.0
[34m2025-01-26 05:20:14.958[39m | [1m[37m      INFO      [39m[49m[0m | bittensor:utils.py:9 | UID:43 | Block:4787025 | Consensus:0.0 | Stake:0.0 | Trust:0.0 | Incentive:0.0 | Emission:0.0
[34m2025-01-26 05:20:26.645[39m | [1m[37m      INFO      [39m[49m[0m | bittensor:utils.py:9 | UID:43 | Block:4787026 | Consensus:0.0 | Stake:0.0 | Trust:0.0 | Incentive:0.0 | Emission:0.0
[34m2025-01-26 05:20:38.622[39m | [1m[37m      INFO      [39m[49m[0m | bittensor:utils.py:9 | UID:43 | Block:4787027 | Consensus:0.0 | Stake:0.0 | Trust:0.0 | Incentive:0.0 | Emission:0.0
[34m2025-01-26 05:20:50.676[39m | [1m[37m      INFO      [39m[49m[0m | bittensor:utils.py:9 | UID:43 | Block:4787028 | Consensus:0.0 | Stake:0.0 | Trust:0.0 | Incentive:0.0 | Emission:0.0
[34m2025-01-26 05:21:02.256[39m | [1m[37m      INFO      [39m[49m[0m | bittensor:utils.py:9 | UID:43 | Block:4787029 | Consensus:0.0 | Stake:0.0 | Trust:0.0 | Incentive:0.0 | Emission:0.0
[34m2025-01-26 05:21:14.684[39m | [1m[37m      INFO      [39m[49m[0m | bittensor:utils.py:9 | UID:43 | Block:4787030 | Consensus:0.0 | Stake:0.0 | Trust:0.0 | Incentive:0.0 | Emission:0.0
[34m2025-01-26 05:21:26.615[39m | [1m[37m      INFO      [39m[49m[0m | bittensor:utils.py:9 | UID:43 | Block:4787031 | Consensus:0.0 | Stake:0.0 | Trust:0.0 | Incentive:0.0 | Emission:0.0
[34m2025-01-26 05:21:38.353[39m | [1m[37m      INFO      [39m[49m[0m | bittensor:utils.py:9 | UID:43 | Block:4787032 | Consensus:0.0 | Stake:0.0 | Trust:0.0 | Incentive:0.0 | Emission:0.0
[34m2025-01-26 05:21:50.773[39m | [1m[37m      INFO      [39m[49m[0m | bittensor:utils.py:9 | UID:43 | Block:4787033 | Consensus:0.0 | Stake:0.0 | Trust:0.0 | Incentive:0.0 | Emission:0.0
[34m2025-01-26 05:22:02.654[39m | [1m[37m      INFO      [39m[49m[0m | bittensor:utils.py:9 | UID:43 | Block:4787034 | Consensus:0.0 | Stake:0.0 | Trust:0.0 | Incentive:0.0 | Emission:0.0
[34m2025-01-26 05:22:14.795[39m | [1m[37m      INFO      [39m[49m[0m | bittensor:utils.py:9 | UID:43 | Block:4787035 | Consensus:0.0 | Stake:0.0 | Trust:0.0 | Incentive:0.0 | Emission:0.0
[34m2025-01-26 05:22:26.930[39m | [1m[37m      INFO      [39m[49m[0m | bittensor:utils.py:9 | UID:43 | Block:4787036 | Consensus:0.0 | Stake:0.0 | Trust:0.0 | Incentive:0.0 | Emission:0.0
[34m2025-01-26 05:22:39.256[39m | [1m[37m      INFO      [39m[49m[0m | bittensor:utils.py:9 | UID:43 | Block:4787037 | Consensus:0.0 | Stake:0.0 | Trust:0.0 | Incentive:0.0 | Emission:0.0
[34m2025-01-26 05:22:50.421[39m | [1m[37m      INFO      [39m[49m[0m | bittensor:utils.py:9 | UID:43 | Block:4787038 | Consensus:0.0 | Stake:0.0 | Trust:0.0 | Incentive:0.0 | Emission:0.0
[34m2025-01-26 05:23:02.763[39m | [1m[37m      INFO      [39m[49m[0m | bittensor:utils.py:9 | UID:43 | Block:4787039 | Consensus:0.0 | Stake:0.0 | Trust:0.0 | Incentive:0.0 | Emission:0.0
[34m2025-01-26 05:23:14.856[39m | [1m[37m      INFO      [39m[49m[0m | bittensor:utils.py:9 | UID:43 | Block:4787040 | Consensus:0.0 | Stake:0.0 | Trust:0.0 | Incentive:0.0 | Emission:0.0
[34m2025-01-26 05:23:26.501[39m | [1m[37m      INFO      [39m[49m[0m | bittensor:utils.py:9 | UID:43 | Block:4787041 | Consensus:0.0 | Stake:0.0 | Trust:0.0 | Incentive:0.0 | Emission:0.0
[34m2025-01-26 05:23:38.569[39m | [1m[37m      INFO      [39m[49m[0m | bittensor:utils.py:9 | UID:43 | Block:4787042 | Consensus:0.0 | Stake:0.0 | Trust:0.0 | Incentive:0.0 | Emission:0.0
[34m2025-01-26 05:23:50.756[39m | [1m[37m      INFO      [39m[49m[0m | bittensor:utils.py:9 | UID:43 | Block:4787043 | Consensus:0.0 | Stake:0.0 | Trust:0.0 | Incentive:0.0 | Emission:0.0
[34m2025-01-26 05:24:02.488[39m | [1m[37m      INFO      [39m[49m[0m | bittensor:utils.py:9 | UID:43 | Block:4787044 | Consensus:0.0 | Stake:0.0 | Trust:0.0 | Incentive:0.0 | Emission:0.0
[34m2025-01-26 05:24:14.733[39m | [1m[37m      INFO      [39m[49m[0m | bittensor:utils.py:9 | UID:43 | Block:4787045 | Consensus:0.0 | Stake:0.0 | Trust:0.0 | Incentive:0.0 | Emission:0.0
[34m2025-01-26 05:24:26.295[39m | [1m[37m      INFO      [39m[49m[0m | bittensor:utils.py:9 | UID:43 | Block:4787046 | Consensus:0.0 | Stake:0.0 | Trust:0.0 | Incentive:0.0 | Emission:0.0
[34m2025-01-26 05:24:38.775[39m | [1m[37m      INFO      [39m[49m[0m | bittensor:utils.py:9 | UID:43 | Block:4787047 | Consensus:0.0 | Stake:0.0 | Trust:0.0 | Incentive:0.0 | Emission:0.0
[34m2025-01-26 05:24:50.532[39m | [1m[37m      INFO      [39m[49m[0m | bittensor:utils.py:9 | UID:43 | Block:4787048 | Consensus:0.0 | Stake:0.0 | Trust:0.0 | Incentive:0.0 | Emission:0.0
[34m2025-01-26 05:25:02.780[39m | [1m[37m      INFO      [39m[49m[0m | bittensor:utils.py:9 | UID:43 | Block:4787049 | Consensus:0.0 | Stake:0.0 | Trust:0.0 | Incentive:0.0 | Emission:0.0
[34m2025-01-26 05:25:15.001[39m | [1m[37m      INFO      [39m[49m[0m | bittensor:utils.py:9 | UID:43 | Block:4787050 | Consensus:0.0 | Stake:0.0 | Trust:0.0 | Incentive:0.0 | Emission:0.0
[34m2025-01-26 05:25:26.979[39m | [1m[37m      INFO      [39m[49m[0m | bittensor:utils.py:9 | UID:43 | Block:4787051 | Consensus:0.0 | Stake:0.0 | Trust:0.0 | Incentive:0.0 | Emission:0.0
[34m2025-01-26 05:25:39.057[39m | [1m[37m      INFO      [39m[49m[0m | bittensor:utils.py:9 | UID:43 | Block:4787052 | Consensus:0.0 | Stake:0.0 | Trust:0.0 | Incentive:0.0 | Emission:0.0
[34m2025-01-26 05:25:50.510[39m | [1m[37m      INFO      [39m[49m[0m | bittensor:utils.py:9 | UID:43 | Block:4787053 | Consensus:0.0 | Stake:0.0 | Trust:0.0 | Incentive:0.0 | Emission:0.0
[34m2025-01-26 05:26:02.988[39m | [1m[37m      INFO      [39m[49m[0m | bittensor:utils.py:9 | UID:43 | Block:4787054 | Consensus:0.0 | Stake:0.0 | Trust:0.0 | Incentive:0.0 | Emission:0.0
[34m2025-01-26 05:26:15.164[39m | [1m[37m      INFO      [39m[49m[0m | bittensor:utils.py:9 | UID:43 | Block:4787055 | Consensus:0.0 | Stake:0.0 | Trust:0.0 | Incentive:0.0 | Emission:0.0
[34m2025-01-26 05:26:27.446[39m | [1m[37m      INFO      [39m[49m[0m | bittensor:utils.py:9 | UID:43 | Block:4787056 | Consensus:0.0 | Stake:0.0 | Trust:0.0 | Incentive:0.0 | Emission:0.0
[34m2025-01-26 05:26:39.040[39m | [1m[37m      INFO      [39m[49m[0m | bittensor:utils.py:9 | UID:43 | Block:4787057 | Consensus:0.0 | Stake:0.0 | Trust:0.0 | Incentive:0.0 | Emission:0.0
[34m2025-01-26 05:26:50.505[39m | [1m[37m      INFO      [39m[49m[0m | bittensor:utils.py:9 | UID:43 | Block:4787058 | Consensus:0.0 | Stake:0.0 | Trust:0.0 | Incentive:0.0 | Emission:0.0
[34m2025-01-26 05:27:02.928[39m | [1m[37m      INFO      [39m[49m[0m | bittensor:utils.py:9 | UID:43 | Block:4787059 | Consensus:0.0 | Stake:0.0 | Trust:0.0 | Incentive:0.0 | Emission:0.0
[34m2025-01-26 05:27:14.560[39m | [1m[37m      INFO      [39m[49m[0m | bittensor:utils.py:9 | UID:43 | Block:4787060 | Consensus:0.0 | Stake:0.0 | Trust:0.0 | Incentive:0.0 | Emission:0.0
[34m2025-01-26 05:27:26.444[39m | [1m[37m      INFO      [39m[49m[0m | bittensor:utils.py:9 | UID:43 | Block:4787061 | Consensus:0.0 | Stake:0.0 | Trust:0.0 | Incentive:0.0 | Emission:0.0
[34m2025-01-26 05:27:38.546[39m | [1m[37m      INFO      [39m[49m[0m | bittensor:utils.py:9 | UID:43 | Block:4787062 | Consensus:0.0 | Stake:0.0 | Trust:0.0 | Incentive:0.0 | Emission:0.0
[34m2025-01-26 05:27:50.626[39m | [1m[37m      INFO      [39m[49m[0m | bittensor:utils.py:9 | UID:43 | Block:4787063 | Consensus:0.0 | Stake:0.0 | Trust:0.0 | Incentive:0.0 | Emission:0.0
[34m2025-01-26 05:28:02.557[39m | [1m[37m      INFO      [39m[49m[0m | bittensor:utils.py:9 | UID:43 | Block:4787064 | Consensus:0.0 | Stake:0.0 | Trust:0.0 | Incentive:0.0 | Emission:0.0
[34m2025-01-26 05:28:14.858[39m | [1m[37m      INFO      [39m[49m[0m | bittensor:utils.py:9 | UID:43 | Block:4787065 | Consensus:0.0 | Stake:0.0 | Trust:0.0 | Incentive:0.0 | Emission:0.0
[34m2025-01-26 05:28:26.840[39m | [1m[37m      INFO      [39m[49m[0m | bittensor:utils.py:9 | UID:43 | Block:4787066 | Consensus:0.0 | Stake:0.0 | Trust:0.0 | Incentive:0.0 | Emission:0.0
[34m2025-01-26 05:28:38.852[39m | [1m[37m      INFO      [39m[49m[0m | bittensor:utils.py:9 | UID:43 | Block:4787067 | Consensus:0.0 | Stake:0.0 | Trust:0.0 | Incentive:0.0 | Emission:0.0
[34m2025-01-26 05:28:50.426[39m | [1m[37m      INFO      [39m[49m[0m | bittensor:utils.py:9 | UID:43 | Block:4787068 | Consensus:0.0 | Stake:0.0 | Trust:0.0 | Incentive:0.0 | Emission:0.0
[34m2025-01-26 05:29:02.800[39m | [1m[37m      INFO      [39m[49m[0m | bittensor:utils.py:9 | UID:43 | Block:4787069 | Consensus:0.0 | Stake:0.0 | Trust:0.0 | Incentive:0.0 | Emission:0.0
[34m2025-01-26 05:29:14.491[39m | [1m[37m      INFO      [39m[49m[0m | bittensor:utils.py:9 | UID:43 | Block:4787070 | Consensus:0.0 | Stake:0.0 | Trust:0.0 | Incentive:0.0 | Emission:0.0
[34m2025-01-26 05:29:26.910[39m | [1m[37m      INFO      [39m[49m[0m | bittensor:utils.py:9 | UID:43 | Block:4787071 | Consensus:0.0 | Stake:0.0 | Trust:0.0 | Incentive:0.0 | Emission:0.0
[34m2025-01-26 05:29:38.360[39m | [1m[37m      INFO      [39m[49m[0m | bittensor:utils.py:9 | UID:43 | Block:4787072 | Consensus:0.0 | Stake:0.0 | Trust:0.0 | Incentive:0.0 | Emission:0.0
[34m2025-01-26 05:29:50.633[39m | [1m[37m      INFO      [39m[49m[0m | bittensor:utils.py:9 | UID:43 | Block:4787073 | Consensus:0.0 | Stake:0.0 | Trust:0.0 | Incentive:0.0 | Emission:0.0
[34m2025-01-26 05:30:02.757[39m | [1m[37m      INFO      [39m[49m[0m | bittensor:utils.py:9 | UID:43 | Block:4787074 | Consensus:0.0 | Stake:0.0 | Trust:0.0 | Incentive:0.0 | Emission:0.0
[34m2025-01-26 05:30:14.800[39m | [1m[37m      INFO      [39m[49m[0m | bittensor:utils.py:9 | UID:43 | Block:4787075 | Consensus:0.0 | Stake:0.0 | Trust:0.0 | Incentive:0.0 | Emission:0.0
[34m2025-01-26 05:30:26.284[39m | [1m[37m      INFO      [39m[49m[0m | bittensor:utils.py:9 | UID:43 | Block:4787076 | Consensus:0.0 | Stake:0.0 | Trust:0.0 | Incentive:0.0 | Emission:0.0
[34m2025-01-26 05:30:39.105[39m | [1m[37m      INFO      [39m[49m[0m | bittensor:utils.py:9 | UID:43 | Block:4787077 | Consensus:0.0 | Stake:0.0 | Trust:0.0 | Incentive:0.0 | Emission:0.0
[34m2025-01-26 05:30:50.753[39m | [1m[37m      INFO      [39m[49m[0m | bittensor:utils.py:9 | UID:43 | Block:4787078 | Consensus:0.0 | Stake:0.0 | Trust:0.0 | Incentive:0.0 | Emission:0.0
[34m2025-01-26 05:31:02.949[39m | [1m[37m      INFO      [39m[49m[0m | bittensor:utils.py:9 | UID:43 | Block:4787079 | Consensus:0.0 | Stake:0.0 | Trust:0.0 | Incentive:0.0 | Emission:0.0
[34m2025-01-26 05:31:14.394[39m | [1m[37m      INFO      [39m[49m[0m | bittensor:utils.py:9 | UID:43 | Block:4787080 | Consensus:0.0 | Stake:0.0 | Trust:0.0 | Incentive:0.0 | Emission:0.0
[34m2025-01-26 05:31:26.739[39m | [1m[37m      INFO      [39m[49m[0m | bittensor:utils.py:9 | UID:43 | Block:4787081 | Consensus:0.0 | Stake:0.0 | Trust:0.0 | Incentive:0.0 | Emission:0.0
[34m2025-01-26 05:31:38.260[39m | [1m[37m      INFO      [39m[49m[0m | bittensor:utils.py:9 | UID:43 | Block:4787082 | Consensus:0.0 | Stake:0.0 | Trust:0.0 | Incentive:0.0 | Emission:0.0
[34m2025-01-26 05:31:50.587[39m | [1m[37m      INFO      [39m[49m[0m | bittensor:utils.py:9 | UID:43 | Block:4787083 | Consensus:0.0 | Stake:0.0 | Trust:0.0 | Incentive:0.0 | Emission:0.0
[34m2025-01-26 05:32:02.530[39m | [1m[37m      INFO      [39m[49m[0m | bittensor:utils.py:9 | UID:43 | Block:4787084 | Consensus:0.0 | Stake:0.0 | Trust:0.0 | Incentive:0.0 | Emission:0.0
[34m2025-01-26 05:32:14.554[39m | [1m[37m      INFO      [39m[49m[0m | bittensor:utils.py:9 | UID:43 | Block:4787085 | Consensus:0.0 | Stake:0.0 | Trust:0.0 | Incentive:0.0 | Emission:0.0
[34m2025-01-26 05:32:26.459[39m | [1m[37m      INFO      [39m[49m[0m | bittensor:utils.py:9 | UID:43 | Block:4787086 | Consensus:0.0 | Stake:0.0 | Trust:0.0 | Incentive:0.0 | Emission:0.0
[34m2025-01-26 05:32:38.759[39m | [1m[37m      INFO      [39m[49m[0m | bittensor:utils.py:9 | UID:43 | Block:4787087 | Consensus:0.0 | Stake:0.0 | Trust:0.0 | Incentive:0.0 | Emission:0.0
[34m2025-01-26 05:32:50.539[39m | [1m[37m      INFO      [39m[49m[0m | bittensor:utils.py:9 | UID:43 | Block:4787088 | Consensus:0.0 | Stake:0.0 | Trust:0.0 | Incentive:0.0 | Emission:0.0
[34m2025-01-26 05:33:02.657[39m | [1m[37m      INFO      [39m[49m[0m | bittensor:utils.py:9 | UID:43 | Block:4787089 | Consensus:0.0 | Stake:0.0 | Trust:0.0 | Incentive:0.0 | Emission:0.0
[34m2025-01-26 05:33:15.148[39m | [1m[37m      INFO      [39m[49m[0m | bittensor:utils.py:9 | UID:43 | Block:4787090 | Consensus:0.0 | Stake:0.0 | Trust:0.0 | Incentive:0.0 | Emission:0.0
[34m2025-01-26 05:33:26.790[39m | [1m[37m      INFO      [39m[49m[0m | bittensor:utils.py:9 | UID:43 | Block:4787091 | Consensus:0.0 | Stake:0.0 | Trust:0.0 | Incentive:0.0 | Emission:0.0
[34m2025-01-26 05:33:38.296[39m | [1m[37m      INFO      [39m[49m[0m | bittensor:utils.py:9 | UID:43 | Block:4787092 | Consensus:0.0 | Stake:0.0 | Trust:0.0 | Incentive:0.0 | Emission:0.0
[34m2025-01-26 05:33:50.680[39m | [1m[37m      INFO      [39m[49m[0m | bittensor:utils.py:9 | UID:43 | Block:4787093 | Consensus:0.0 | Stake:0.0 | Trust:0.0 | Incentive:0.0 | Emission:0.0
[34m2025-01-26 05:34:02.675[39m | [1m[37m      INFO      [39m[49m[0m | bittensor:utils.py:9 | UID:43 | Block:4787094 | Consensus:0.0 | Stake:0.0 | Trust:0.0 | Incentive:0.0 | Emission:0.0
[34m2025-01-26 05:34:14.777[39m | [1m[37m      INFO      [39m[49m[0m | bittensor:utils.py:9 | UID:43 | Block:4787095 | Consensus:0.0 | Stake:0.0 | Trust:0.0 | Incentive:0.0 | Emission:0.0
[34m2025-01-26 05:34:26.580[39m | [1m[37m      INFO      [39m[49m[0m | bittensor:utils.py:9 | UID:43 | Block:4787096 | Consensus:0.0 | Stake:0.0 | Trust:0.0 | Incentive:0.0 | Emission:0.0
[34m2025-01-26 05:34:39.881[39m | [1m[37m      INFO      [39m[49m[0m | bittensor:utils.py:9 | UID:43 | Block:4787097 | Consensus:0.0 | Stake:0.0 | Trust:0.0 | Incentive:0.0 | Emission:0.0
[34m2025-01-26 05:34:50.223[39m | [1m[37m      INFO      [39m[49m[0m | bittensor:utils.py:9 | UID:43 | Block:4787098 | Consensus:0.0 | Stake:0.0 | Trust:0.0 | Incentive:0.0 | Emission:0.0
[34m2025-01-26 05:35:02.763[39m | [1m[37m      INFO      [39m[49m[0m | bittensor:utils.py:9 | UID:43 | Block:4787099 | Consensus:0.0 | Stake:0.0 | Trust:0.0 | Incentive:0.0 | Emission:0.0
[34m2025-01-26 05:35:14.602[39m | [1m[37m      INFO      [39m[49m[0m | bittensor:utils.py:9 | UID:43 | Block:4787100 | Consensus:0.0 | Stake:0.0 | Trust:0.0 | Incentive:0.0 | Emission:0.0
[34m2025-01-26 05:35:26.590[39m | [1m[37m      INFO      [39m[49m[0m | bittensor:utils.py:9 | UID:43 | Block:4787101 | Consensus:0.0 | Stake:0.0 | Trust:0.0 | Incentive:0.0 | Emission:0.0
[34m2025-01-26 05:35:38.983[39m | [1m[37m      INFO      [39m[49m[0m | bittensor:utils.py:9 | UID:43 | Block:4787102 | Consensus:0.0 | Stake:0.0 | Trust:0.0 | Incentive:0.0 | Emission:0.0
[34m2025-01-26 05:35:50.569[39m | [1m[37m      INFO      [39m[49m[0m | bittensor:utils.py:9 | UID:43 | Block:4787103 | Consensus:0.0 | Stake:0.0 | Trust:0.0 | Incentive:0.0 | Emission:0.0
[34m2025-01-26 05:36:02.603[39m | [1m[37m      INFO      [39m[49m[0m | bittensor:utils.py:9 | UID:43 | Block:4787104 | Consensus:0.0 | Stake:0.0 | Trust:0.0 | Incentive:0.0 | Emission:0.0
[34m2025-01-26 05:36:14.803[39m | [1m[37m      INFO      [39m[49m[0m | bittensor:utils.py:9 | UID:43 | Block:4787105 | Consensus:0.0 | Stake:0.0 | Trust:0.0 | Incentive:0.0 | Emission:0.0
[34m2025-01-26 05:36:26.294[39m | [1m[37m      INFO      [39m[49m[0m | bittensor:utils.py:9 | UID:43 | Block:4787106 | Consensus:0.0 | Stake:0.0 | Trust:0.0 | Incentive:0.0 | Emission:0.0
[34m2025-01-26 05:36:39.190[39m | [1m[37m      INFO      [39m[49m[0m | bittensor:utils.py:9 | UID:43 | Block:4787107 | Consensus:0.0 | Stake:0.0 | Trust:0.0 | Incentive:0.0 | Emission:0.0
[34m2025-01-26 05:36:50.728[39m | [1m[37m      INFO      [39m[49m[0m | bittensor:utils.py:9 | UID:43 | Block:4787108 | Consensus:0.0 | Stake:0.0 | Trust:0.0 | Incentive:0.0 | Emission:0.0
[34m2025-01-26 05:37:02.534[39m | [1m[37m      INFO      [39m[49m[0m | bittensor:utils.py:9 | UID:43 | Block:4787109 | Consensus:0.0 | Stake:0.0 | Trust:0.0 | Incentive:0.0 | Emission:0.0
[34m2025-01-26 05:37:15.820[39m | [1m[37m      INFO      [39m[49m[0m | bittensor:utils.py:9 | UID:43 | Block:4787110 | Consensus:0.0 | Stake:0.0 | Trust:0.0 | Incentive:0.0 | Emission:0.0
[34m2025-01-26 05:37:26.644[39m | [1m[37m      INFO      [39m[49m[0m | bittensor:utils.py:9 | UID:43 | Block:4787111 | Consensus:0.0 | Stake:0.0 | Trust:0.0 | Incentive:0.0 | Emission:0.0
[34m2025-01-26 05:37:38.641[39m | [1m[37m      INFO      [39m[49m[0m | bittensor:utils.py:9 | UID:43 | Block:4787112 | Consensus:0.0 | Stake:0.0 | Trust:0.0 | Incentive:0.0 | Emission:0.0
[34m2025-01-26 05:37:50.537[39m | [1m[37m      INFO      [39m[49m[0m | bittensor:utils.py:9 | UID:43 | Block:4787113 | Consensus:0.0 | Stake:0.0 | Trust:0.0 | Incentive:0.0 | Emission:0.0
[34m2025-01-26 05:38:02.863[39m | [1m[37m      INFO      [39m[49m[0m | bittensor:utils.py:9 | UID:43 | Block:4787114 | Consensus:0.0 | Stake:0.0 | Trust:0.0 | Incentive:0.0 | Emission:0.0
[34m2025-01-26 05:38:14.741[39m | [1m[37m      INFO      [39m[49m[0m | bittensor:utils.py:9 | UID:43 | Block:4787115 | Consensus:0.0 | Stake:0.0 | Trust:0.0 | Incentive:0.0 | Emission:0.0
[34m2025-01-26 05:38:26.613[39m | [1m[37m      INFO      [39m[49m[0m | bittensor:utils.py:9 | UID:43 | Block:4787116 | Consensus:0.0 | Stake:0.0 | Trust:0.0 | Incentive:0.0 | Emission:0.0
[34m2025-01-26 05:38:38.583[39m | [1m[37m      INFO      [39m[49m[0m | bittensor:utils.py:9 | UID:43 | Block:4787117 | Consensus:0.0 | Stake:0.0 | Trust:0.0 | Incentive:0.0 | Emission:0.0
[34m2025-01-26 05:38:50.736[39m | [1m[37m      INFO      [39m[49m[0m | bittensor:utils.py:9 | UID:43 | Block:4787118 | Consensus:0.0 | Stake:0.0 | Trust:0.0 | Incentive:0.0 | Emission:0.0
[34m2025-01-26 05:39:02.522[39m | [1m[37m      INFO      [39m[49m[0m | bittensor:utils.py:9 | UID:43 | Block:4787119 | Consensus:0.0 | Stake:0.0 | Trust:0.0 | Incentive:0.0 | Emission:0.0
[34m2025-01-26 05:39:14.396[39m | [1m[37m      INFO      [39m[49m[0m | bittensor:utils.py:9 | UID:43 | Block:4787120 | Consensus:0.0 | Stake:0.0 | Trust:0.0 | Incentive:0.0 | Emission:0.0
[34m2025-01-26 05:39:26.446[39m | [1m[37m      INFO      [39m[49m[0m | bittensor:utils.py:9 | UID:43 | Block:4787121 | Consensus:0.0 | Stake:0.0 | Trust:0.0 | Incentive:0.0 | Emission:0.0
[34m2025-01-26 05:39:38.185[39m | [1m[37m      INFO      [39m[49m[0m | bittensor:utils.py:9 | UID:43 | Block:4787122 | Consensus:0.0 | Stake:0.0 | Trust:0.0 | Incentive:0.0 | Emission:0.0
[34m2025-01-26 05:39:50.596[39m | [1m[37m      INFO      [39m[49m[0m | bittensor:utils.py:9 | UID:43 | Block:4787123 | Consensus:0.0 | Stake:0.0 | Trust:0.0 | Incentive:0.0 | Emission:0.0
[34m2025-01-26 05:40:02.716[39m | [1m[37m      INFO      [39m[49m[0m | bittensor:utils.py:9 | UID:43 | Block:4787124 | Consensus:0.0 | Stake:0.0 | Trust:0.0 | Incentive:0.0 | Emission:0.0
[34m2025-01-26 05:40:14.765[39m | [1m[37m      INFO      [39m[49m[0m | bittensor:utils.py:9 | UID:43 | Block:4787125 | Consensus:0.0 | Stake:0.0 | Trust:0.0 | Incentive:0.0 | Emission:0.0
[34m2025-01-26 05:40:26.413[39m | [1m[37m      INFO      [39m[49m[0m | bittensor:utils.py:9 | UID:43 | Block:4787126 | Consensus:0.0 | Stake:0.0 | Trust:0.0 | Incentive:0.0 | Emission:0.0
[34m2025-01-26 05:40:38.679[39m | [1m[37m      INFO      [39m[49m[0m | bittensor:utils.py:9 | UID:43 | Block:4787127 | Consensus:0.0 | Stake:0.0 | Trust:0.0 | Incentive:0.0 | Emission:0.0
[34m2025-01-26 05:40:50.571[39m | [1m[37m      INFO      [39m[49m[0m | bittensor:utils.py:9 | UID:43 | Block:4787128 | Consensus:0.0 | Stake:0.0 | Trust:0.0 | Incentive:0.0 | Emission:0.0
[34m2025-01-26 05:41:02.447[39m | [1m[37m      INFO      [39m[49m[0m | bittensor:utils.py:9 | UID:43 | Block:4787129 | Consensus:0.0 | Stake:0.0 | Trust:0.0 | Incentive:0.0 | Emission:0.0
[34m2025-01-26 05:41:14.660[39m | [1m[37m      INFO      [39m[49m[0m | bittensor:utils.py:9 | UID:43 | Block:4787130 | Consensus:0.0 | Stake:0.0 | Trust:0.0 | Incentive:0.0 | Emission:0.0
[34m2025-01-26 05:41:26.736[39m | [1m[37m      INFO      [39m[49m[0m | bittensor:utils.py:9 | UID:43 | Block:4787131 | Consensus:0.0 | Stake:0.0 | Trust:0.0 | Incentive:0.0 | Emission:0.0
[34m2025-01-26 05:41:38.245[39m | [1m[37m      INFO      [39m[49m[0m | bittensor:utils.py:9 | UID:43 | Block:4787132 | Consensus:0.0 | Stake:0.0 | Trust:0.0 | Incentive:0.0 | Emission:0.0
[34m2025-01-26 05:41:50.618[39m | [1m[37m      INFO      [39m[49m[0m | bittensor:utils.py:9 | UID:43 | Block:4787133 | Consensus:0.0 | Stake:0.0 | Trust:0.0 | Incentive:0.0 | Emission:0.0
[34m2025-01-26 05:42:02.476[39m | [1m[37m      INFO      [39m[49m[0m | bittensor:utils.py:9 | UID:43 | Block:4787134 | Consensus:0.0 | Stake:0.0 | Trust:0.0 | Incentive:0.0 | Emission:0.0
[34m2025-01-26 05:42:14.368[39m | [1m[37m      INFO      [39m[49m[0m | bittensor:utils.py:9 | UID:43 | Block:4787135 | Consensus:0.0 | Stake:0.0 | Trust:0.0 | Incentive:0.0 | Emission:0.0
[34m2025-01-26 05:42:26.552[39m | [1m[37m      INFO      [39m[49m[0m | bittensor:utils.py:9 | UID:43 | Block:4787136 | Consensus:0.0 | Stake:0.0 | Trust:0.0 | Incentive:0.0 | Emission:0.0
[34m2025-01-26 05:42:38.611[39m | [1m[37m      INFO      [39m[49m[0m | bittensor:utils.py:9 | UID:43 | Block:4787137 | Consensus:0.0 | Stake:0.0 | Trust:0.0 | Incentive:0.0 | Emission:0.0
[34m2025-01-26 05:42:50.402[39m | [1m[37m      INFO      [39m[49m[0m | bittensor:utils.py:9 | UID:43 | Block:4787138 | Consensus:0.0 | Stake:0.0 | Trust:0.0 | Incentive:0.0 | Emission:0.0
[34m2025-01-26 05:43:02.548[39m | [1m[37m      INFO      [39m[49m[0m | bittensor:utils.py:9 | UID:43 | Block:4787139 | Consensus:0.0 | Stake:0.0 | Trust:0.0 | Incentive:0.0 | Emission:0.0
[34m2025-01-26 05:43:14.595[39m | [1m[37m      INFO      [39m[49m[0m | bittensor:utils.py:9 | UID:43 | Block:4787140 | Consensus:0.0 | Stake:0.0 | Trust:0.0 | Incentive:0.0 | Emission:0.0
[34m2025-01-26 05:43:26.509[39m | [1m[37m      INFO      [39m[49m[0m | bittensor:utils.py:9 | UID:43 | Block:4787141 | Consensus:0.0 | Stake:0.0 | Trust:0.0 | Incentive:0.0 | Emission:0.0
[34m2025-01-26 05:43:38.168[39m | [1m[37m      INFO      [39m[49m[0m | bittensor:utils.py:9 | UID:43 | Block:4787142 | Consensus:0.0 | Stake:0.0 | Trust:0.0 | Incentive:0.0 | Emission:0.0
[34m2025-01-26 05:43:50.396[39m | [1m[37m      INFO      [39m[49m[0m | bittensor:utils.py:9 | UID:43 | Block:4787143 | Consensus:0.0 | Stake:0.0 | Trust:0.0 | Incentive:0.0 | Emission:0.0
[34m2025-01-26 05:44:02.680[39m | [1m[37m      INFO      [39m[49m[0m | bittensor:utils.py:9 | UID:43 | Block:4787144 | Consensus:0.0 | Stake:0.0 | Trust:0.0 | Incentive:0.0 | Emission:0.0
[34m2025-01-26 05:44:14.669[39m | [1m[37m      INFO      [39m[49m[0m | bittensor:utils.py:9 | UID:43 | Block:4787145 | Consensus:0.0 | Stake:0.0 | Trust:0.0 | Incentive:0.0 | Emission:0.0
[34m2025-01-26 05:44:26.451[39m | [1m[37m      INFO      [39m[49m[0m | bittensor:utils.py:9 | UID:43 | Block:4787146 | Consensus:0.0 | Stake:0.0 | Trust:0.0 | Incentive:0.0 | Emission:0.0
[34m2025-01-26 05:44:38.454[39m | [1m[37m      INFO      [39m[49m[0m | bittensor:utils.py:9 | UID:43 | Block:4787147 | Consensus:0.0 | Stake:0.0 | Trust:0.0 | Incentive:0.0 | Emission:0.0
[34m2025-01-26 05:44:50.353[39m | [1m[37m      INFO      [39m[49m[0m | bittensor:utils.py:9 | UID:43 | Block:4787148 | Consensus:0.0 | Stake:0.0 | Trust:0.0 | Incentive:0.0 | Emission:0.0
[34m2025-01-26 05:45:02.544[39m | [1m[37m      INFO      [39m[49m[0m | bittensor:utils.py:9 | UID:43 | Block:4787149 | Consensus:0.0 | Stake:0.0 | Trust:0.0 | Incentive:0.0 | Emission:0.0
[34m2025-01-26 05:45:14.623[39m | [1m[37m      INFO      [39m[49m[0m | bittensor:utils.py:9 | UID:43 | Block:4787150 | Consensus:0.0 | Stake:0.0 | Trust:0.0 | Incentive:0.0 | Emission:0.0
[34m2025-01-26 05:45:26.707[39m | [1m[37m      INFO      [39m[49m[0m | bittensor:utils.py:9 | UID:43 | Block:4787151 | Consensus:0.0 | Stake:0.0 | Trust:0.0 | Incentive:0.0 | Emission:0.0
[34m2025-01-26 05:45:39.277[39m | [1m[37m      INFO      [39m[49m[0m | bittensor:utils.py:9 | UID:43 | Block:4787152 | Consensus:0.0 | Stake:0.0 | Trust:0.0 | Incentive:0.0 | Emission:0.0
[34m2025-01-26 05:45:50.681[39m | [1m[37m      INFO      [39m[49m[0m | bittensor:utils.py:9 | UID:43 | Block:4787153 | Consensus:0.0 | Stake:0.0 | Trust:0.0 | Incentive:0.0 | Emission:0.0
[34m2025-01-26 05:46:02.759[39m | [1m[37m      INFO      [39m[49m[0m | bittensor:utils.py:9 | UID:43 | Block:4787154 | Consensus:0.0 | Stake:0.0 | Trust:0.0 | Incentive:0.0 | Emission:0.0
[34m2025-01-26 05:46:14.601[39m | [1m[37m      INFO      [39m[49m[0m | bittensor:utils.py:9 | UID:43 | Block:4787155 | Consensus:0.0 | Stake:0.0 | Trust:0.0 | Incentive:0.0 | Emission:0.0
[34m2025-01-26 05:46:26.487[39m | [1m[37m      INFO      [39m[49m[0m | bittensor:utils.py:9 | UID:43 | Block:4787156 | Consensus:0.0 | Stake:0.0 | Trust:0.0 | Incentive:0.0 | Emission:0.0
[34m2025-01-26 05:46:38.979[39m | [1m[37m      INFO      [39m[49m[0m | bittensor:utils.py:9 | UID:43 | Block:4787157 | Consensus:0.0 | Stake:0.0 | Trust:0.0 | Incentive:0.0 | Emission:0.0
[34m2025-01-26 05:46:50.537[39m | [1m[37m      INFO      [39m[49m[0m | bittensor:utils.py:9 | UID:43 | Block:4787158 | Consensus:0.0 | Stake:0.0 | Trust:0.0 | Incentive:0.0 | Emission:0.0
[34m2025-01-26 05:47:02.534[39m | [1m[37m      INFO      [39m[49m[0m | bittensor:utils.py:9 | UID:43 | Block:4787159 | Consensus:0.0 | Stake:0.0 | Trust:0.0 | Incentive:0.0 | Emission:0.0
[34m2025-01-26 05:47:14.561[39m | [1m[37m      INFO      [39m[49m[0m | bittensor:utils.py:9 | UID:43 | Block:4787160 | Consensus:0.0 | Stake:0.0 | Trust:0.0 | Incentive:0.0 | Emission:0.0
[34m2025-01-26 05:47:27.484[39m | [1m[37m      INFO      [39m[49m[0m | bittensor:utils.py:9 | UID:43 | Block:4787161 | Consensus:0.0 | Stake:0.0 | Trust:0.0 | Incentive:0.0 | Emission:0.0
[34m2025-01-26 05:47:39.133[39m | [1m[37m      INFO      [39m[49m[0m | bittensor:utils.py:9 | UID:43 | Block:4787162 | Consensus:0.0 | Stake:0.0 | Trust:0.0 | Incentive:0.0 | Emission:0.0
[34m2025-01-26 05:47:51.907[39m | [1m[37m      INFO      [39m[49m[0m | bittensor:utils.py:9 | UID:43 | Block:4787163 | Consensus:0.0 | Stake:0.0 | Trust:0.0 | Incentive:0.0 | Emission:0.0
[34m2025-01-26 05:48:02.994[39m | [1m[37m      INFO      [39m[49m[0m | bittensor:utils.py:9 | UID:43 | Block:4787164 | Consensus:0.0 | Stake:0.0 | Trust:0.0 | Incentive:0.0 | Emission:0.0
[34m2025-01-26 05:48:14.681[39m | [1m[37m      INFO      [39m[49m[0m | bittensor:utils.py:9 | UID:43 | Block:4787165 | Consensus:0.0 | Stake:0.0 | Trust:0.0 | Incentive:0.0 | Emission:0.0
[34m2025-01-26 05:48:27.366[39m | [1m[37m      INFO      [39m[49m[0m | bittensor:utils.py:9 | UID:43 | Block:4787166 | Consensus:0.0 | Stake:0.0 | Trust:0.0 | Incentive:0.0 | Emission:0.0
[34m2025-01-26 05:48:39.646[39m | [1m[37m      INFO      [39m[49m[0m | bittensor:utils.py:9 | UID:43 | Block:4787167 | Consensus:0.0 | Stake:0.0 | Trust:0.0 | Incentive:0.0 | Emission:0.0
[34m2025-01-26 05:48:51.462[39m | [1m[37m      INFO      [39m[49m[0m | bittensor:utils.py:9 | UID:43 | Block:4787168 | Consensus:0.0 | Stake:0.0 | Trust:0.0 | Incentive:0.0 | Emission:0.0
[34m2025-01-26 05:49:02.508[39m | [1m[37m      INFO      [39m[49m[0m | bittensor:utils.py:9 | UID:43 | Block:4787169 | Consensus:0.0 | Stake:0.0 | Trust:0.0 | Incentive:0.0 | Emission:0.0
[34m2025-01-26 05:49:15.120[39m | [1m[37m      INFO      [39m[49m[0m | bittensor:utils.py:9 | UID:43 | Block:4787170 | Consensus:0.0 | Stake:0.0 | Trust:0.0 | Incentive:0.0 | Emission:0.0
[34m2025-01-26 05:49:27.185[39m | [1m[37m      INFO      [39m[49m[0m | bittensor:utils.py:9 | UID:43 | Block:4787171 | Consensus:0.0 | Stake:0.0 | Trust:0.0 | Incentive:0.0 | Emission:0.0
[34m2025-01-26 05:49:39.241[39m | [1m[37m      INFO      [39m[49m[0m | bittensor:utils.py:9 | UID:43 | Block:4787172 | Consensus:0.0 | Stake:0.0 | Trust:0.0 | Incentive:0.0 | Emission:0.0
[34m2025-01-26 05:49:51.574[39m | [1m[37m      INFO      [39m[49m[0m | bittensor:utils.py:9 | UID:43 | Block:4787173 | Consensus:0.0 | Stake:0.0 | Trust:0.0 | Incentive:0.0 | Emission:0.0
[34m2025-01-26 05:50:03.666[39m | [1m[37m      INFO      [39m[49m[0m | bittensor:utils.py:9 | UID:43 | Block:4787174 | Consensus:0.0 | Stake:0.0 | Trust:0.0 | Incentive:0.0 | Emission:0.0
[34m2025-01-26 05:50:14.681[39m | [1m[37m      INFO      [39m[49m[0m | bittensor:utils.py:9 | UID:43 | Block:4787175 | Consensus:0.0 | Stake:0.0 | Trust:0.0 | Incentive:0.0 | Emission:0.0
[34m2025-01-26 05:50:26.513[39m | [1m[37m      INFO      [39m[49m[0m | bittensor:utils.py:9 | UID:43 | Block:4787176 | Consensus:0.0 | Stake:0.0 | Trust:0.0 | Incentive:0.0 | Emission:0.0
[34m2025-01-26 05:50:38.757[39m | [1m[37m      INFO      [39m[49m[0m | bittensor:utils.py:9 | UID:43 | Block:4787177 | Consensus:0.0 | Stake:0.0 | Trust:0.0 | Incentive:0.0 | Emission:0.0
[34m2025-01-26 05:50:51.856[39m | [1m[37m      INFO      [39m[49m[0m | bittensor:utils.py:9 | UID:43 | Block:4787178 | Consensus:0.0 | Stake:0.0 | Trust:0.0 | Incentive:0.0 | Emission:0.0
[34m2025-01-26 05:51:04.211[39m | [1m[37m      INFO      [39m[49m[0m | bittensor:utils.py:9 | UID:43 | Block:4787179 | Consensus:0.0 | Stake:0.0 | Trust:0.0 | Incentive:0.0 | Emission:0.0
[34m2025-01-26 05:51:15.906[39m | [1m[37m      INFO      [39m[49m[0m | bittensor:utils.py:9 | UID:43 | Block:4787180 | Consensus:0.0 | Stake:0.0 | Trust:0.0 | Incentive:0.0 | Emission:0.0
[34m2025-01-26 05:51:26.801[39m | [1m[37m      INFO      [39m[49m[0m | bittensor:utils.py:9 | UID:43 | Block:4787181 | Consensus:0.0 | Stake:0.0 | Trust:0.0 | Incentive:0.0 | Emission:0.0
[34m2025-01-26 05:51:38.984[39m | [1m[37m      INFO      [39m[49m[0m | bittensor:utils.py:9 | UID:43 | Block:4787182 | Consensus:0.0 | Stake:0.0 | Trust:0.0 | Incentive:0.0 | Emission:0.0
[34m2025-01-26 05:51:50.625[39m | [1m[37m      INFO      [39m[49m[0m | bittensor:utils.py:9 | UID:43 | Block:4787183 | Consensus:0.0 | Stake:0.0 | Trust:0.0 | Incentive:0.0 | Emission:0.0
[34m2025-01-26 05:52:02.626[39m | [1m[37m      INFO      [39m[49m[0m | bittensor:utils.py:9 | UID:43 | Block:4787184 | Consensus:0.0 | Stake:0.0 | Trust:0.0 | Incentive:0.0 | Emission:0.0
[34m2025-01-26 05:52:16.607[39m | [1m[37m      INFO      [39m[49m[0m | bittensor:utils.py:9 | UID:43 | Block:4787185 | Consensus:0.0 | Stake:0.0 | Trust:0.0 | Incentive:0.0 | Emission:0.0
[34m2025-01-26 05:52:27.637[39m | [1m[37m      INFO      [39m[49m[0m | bittensor:utils.py:9 | UID:43 | Block:4787186 | Consensus:0.0 | Stake:0.0 | Trust:0.0 | Incentive:0.0 | Emission:0.0
[34m2025-01-26 05:52:39.688[39m | [1m[37m      INFO      [39m[49m[0m | bittensor:utils.py:9 | UID:43 | Block:4787187 | Consensus:0.0 | Stake:0.0 | Trust:0.0 | Incentive:0.0 | Emission:0.0
[34m2025-01-26 05:52:51.601[39m | [1m[37m      INFO      [39m[49m[0m | bittensor:utils.py:9 | UID:43 | Block:4787188 | Consensus:0.0 | Stake:0.0 | Trust:0.0 | Incentive:0.0 | Emission:0.0
[34m2025-01-26 05:53:03.399[39m | [1m[37m      INFO      [39m[49m[0m | bittensor:utils.py:9 | UID:43 | Block:4787189 | Consensus:0.0 | Stake:0.0 | Trust:0.0 | Incentive:0.0 | Emission:0.0
[34m2025-01-26 05:53:15.617[39m | [1m[37m      INFO      [39m[49m[0m | bittensor:utils.py:9 | UID:43 | Block:4787190 | Consensus:0.0 | Stake:0.0 | Trust:0.0 | Incentive:0.0 | Emission:0.0
[34m2025-01-26 05:53:27.804[39m | [1m[37m      INFO      [39m[49m[0m | bittensor:utils.py:9 | UID:43 | Block:4787191 | Consensus:0.0 | Stake:0.0 | Trust:0.0 | Incentive:0.0 | Emission:0.0
[34m2025-01-26 05:53:38.594[39m | [1m[37m      INFO      [39m[49m[0m | bittensor:utils.py:9 | UID:43 | Block:4787192 | Consensus:0.0 | Stake:0.0 | Trust:0.0 | Incentive:0.0 | Emission:0.0
[34m2025-01-26 05:53:50.649[39m | [1m[37m      INFO      [39m[49m[0m | bittensor:utils.py:9 | UID:43 | Block:4787193 | Consensus:0.0 | Stake:0.0 | Trust:0.0 | Incentive:0.0 | Emission:0.0
[34m2025-01-26 05:54:03.793[39m | [1m[37m      INFO      [39m[49m[0m | bittensor:utils.py:9 | UID:43 | Block:4787194 | Consensus:0.0 | Stake:0.0 | Trust:0.0 | Incentive:0.0 | Emission:0.0
[34m2025-01-26 05:54:16.936[39m | [1m[37m      INFO      [39m[49m[0m | bittensor:utils.py:9 | UID:43 | Block:4787195 | Consensus:0.0 | Stake:0.0 | Trust:0.0 | Incentive:0.0 | Emission:0.0
[34m2025-01-26 05:54:27.984[39m | [1m[37m      INFO      [39m[49m[0m | bittensor:utils.py:9 | UID:43 | Block:4787196 | Consensus:0.0 | Stake:0.0 | Trust:0.0 | Incentive:0.0 | Emission:0.0
[34m2025-01-26 05:54:39.739[39m | [1m[37m      INFO      [39m[49m[0m | bittensor:utils.py:9 | UID:43 | Block:4787197 | Consensus:0.0 | Stake:0.0 | Trust:0.0 | Incentive:0.0 | Emission:0.0
[34m2025-01-26 05:54:51.165[39m | [1m[37m      INFO      [39m[49m[0m | bittensor:utils.py:9 | UID:43 | Block:4787198 | Consensus:0.0 | Stake:0.0 | Trust:0.0 | Incentive:0.0 | Emission:0.0
[34m2025-01-26 05:55:03.914[39m | [1m[37m      INFO      [39m[49m[0m | bittensor:utils.py:9 | UID:43 | Block:4787199 | Consensus:0.0 | Stake:0.0 | Trust:0.0 | Incentive:0.0 | Emission:0.0
[34m2025-01-26 05:55:15.967[39m | [1m[37m      INFO      [39m[49m[0m | bittensor:utils.py:9 | UID:43 | Block:4787200 | Consensus:0.0 | Stake:0.0 | Trust:0.0 | Incentive:0.0 | Emission:0.0
[34m2025-01-26 05:55:26.674[39m | [1m[37m      INFO      [39m[49m[0m | bittensor:utils.py:9 | UID:43 | Block:4787201 | Consensus:0.0 | Stake:0.0 | Trust:0.0 | Incentive:0.0 | Emission:0.0
[34m2025-01-26 05:55:39.793[39m | [1m[37m      INFO      [39m[49m[0m | bittensor:utils.py:9 | UID:43 | Block:4787202 | Consensus:0.0 | Stake:0.0 | Trust:0.0 | Incentive:0.0 | Emission:0.0
[34m2025-01-26 05:55:51.800[39m | [1m[37m      INFO      [39m[49m[0m | bittensor:utils.py:9 | UID:43 | Block:4787203 | Consensus:0.0 | Stake:0.0 | Trust:0.0 | Incentive:0.0 | Emission:0.0
[34m2025-01-26 05:56:03.056[39m | [1m[37m      INFO      [39m[49m[0m | bittensor:utils.py:9 | UID:43 | Block:4787204 | Consensus:0.0 | Stake:0.0 | Trust:0.0 | Incentive:0.0 | Emission:0.0
[34m2025-01-26 05:56:14.584[39m | [1m[37m      INFO      [39m[49m[0m | bittensor:utils.py:9 | UID:43 | Block:4787205 | Consensus:0.0 | Stake:0.0 | Trust:0.0 | Incentive:0.0 | Emission:0.0
[34m2025-01-26 05:56:28.876[39m | [1m[37m      INFO      [39m[49m[0m | bittensor:utils.py:9 | UID:43 | Block:4787206 | Consensus:0.0 | Stake:0.0 | Trust:0.0 | Incentive:0.0 | Emission:0.0
[34m2025-01-26 05:56:38.691[39m | [1m[37m      INFO      [39m[49m[0m | bittensor:utils.py:9 | UID:43 | Block:4787207 | Consensus:0.0 | Stake:0.0 | Trust:0.0 | Incentive:0.0 | Emission:0.0
[34m2025-01-26 05:56:51.687[39m | [1m[37m      INFO      [39m[49m[0m | bittensor:utils.py:9 | UID:43 | Block:4787208 | Consensus:0.0 | Stake:0.0 | Trust:0.0 | Incentive:0.0 | Emission:0.0
[34m2025-01-26 05:57:04.056[39m | [1m[37m      INFO      [39m[49m[0m | bittensor:utils.py:9 | UID:43 | Block:4787209 | Consensus:0.0 | Stake:0.0 | Trust:0.0 | Incentive:0.0 | Emission:0.0
[34m2025-01-26 05:57:15.711[39m | [1m[37m      INFO      [39m[49m[0m | bittensor:utils.py:9 | UID:43 | Block:4787210 | Consensus:0.0 | Stake:0.0 | Trust:0.0 | Incentive:0.0 | Emission:0.0
[34m2025-01-26 05:57:28.254[39m | [1m[37m      INFO      [39m[49m[0m | bittensor:utils.py:9 | UID:43 | Block:4787211 | Consensus:0.0 | Stake:0.0 | Trust:0.0 | Incentive:0.0 | Emission:0.0
[34m2025-01-26 05:57:40.279[39m | [1m[37m      INFO      [39m[49m[0m | bittensor:utils.py:9 | UID:43 | Block:4787212 | Consensus:0.0 | Stake:0.0 | Trust:0.0 | Incentive:0.0 | Emission:0.0
[34m2025-01-26 05:57:52.143[39m | [1m[37m      INFO      [39m[49m[0m | bittensor:utils.py:9 | UID:43 | Block:4787213 | Consensus:0.0 | Stake:0.0 | Trust:0.0 | Incentive:0.0 | Emission:0.0
[34m2025-01-26 05:58:04.186[39m | [1m[37m      INFO      [39m[49m[0m | bittensor:utils.py:9 | UID:43 | Block:4787214 | Consensus:0.0 | Stake:0.0 | Trust:0.0 | Incentive:0.0 | Emission:0.0
[34m2025-01-26 05:58:15.454[39m | [1m[37m      INFO      [39m[49m[0m | bittensor:utils.py:9 | UID:43 | Block:4787215 | Consensus:0.0 | Stake:0.0 | Trust:0.0 | Incentive:0.0 | Emission:0.0
[34m2025-01-26 05:58:27.391[39m | [1m[37m      INFO      [39m[49m[0m | bittensor:utils.py:9 | UID:43 | Block:4787216 | Consensus:0.0 | Stake:0.0 | Trust:0.0 | Incentive:0.0 | Emission:0.0
[34m2025-01-26 05:58:39.819[39m | [1m[37m      INFO      [39m[49m[0m | bittensor:utils.py:9 | UID:43 | Block:4787217 | Consensus:0.0 | Stake:0.0 | Trust:0.0 | Incentive:0.0 | Emission:0.0
[34m2025-01-26 05:58:50.164[39m | [1m[37m      INFO      [39m[49m[0m | bittensor:utils.py:9 | UID:43 | Block:4787218 | Consensus:0.0 | Stake:0.0 | Trust:0.0 | Incentive:0.0 | Emission:0.0
[34m2025-01-26 05:59:02.632[39m | [1m[37m      INFO      [39m[49m[0m | bittensor:utils.py:9 | UID:43 | Block:4787219 | Consensus:0.0 | Stake:0.0 | Trust:0.0 | Incentive:0.0 | Emission:0.0
[34m2025-01-26 05:59:14.476[39m | [1m[37m      INFO      [39m[49m[0m | bittensor:utils.py:9 | UID:43 | Block:4787220 | Consensus:0.0 | Stake:0.0 | Trust:0.0 | Incentive:0.0 | Emission:0.0
[34m2025-01-26 05:59:26.572[39m | [1m[37m      INFO      [39m[49m[0m | bittensor:utils.py:9 | UID:43 | Block:4787221 | Consensus:0.0 | Stake:0.0 | Trust:0.0 | Incentive:0.0 | Emission:0.0
[34m2025-01-26 05:59:38.120[39m | [1m[37m      INFO      [39m[49m[0m | bittensor:utils.py:9 | UID:43 | Block:4787222 | Consensus:0.0 | Stake:0.0 | Trust:0.0 | Incentive:0.0 | Emission:0.0
[34m2025-01-26 05:59:50.295[39m | [1m[37m      INFO      [39m[49m[0m | bittensor:utils.py:9 | UID:43 | Block:4787223 | Consensus:0.0 | Stake:0.0 | Trust:0.0 | Incentive:0.0 | Emission:0.0
[34m2025-01-26 06:00:02.170[39m | [1m[37m      INFO      [39m[49m[0m | bittensor:utils.py:9 | UID:43 | Block:4787224 | Consensus:0.0 | Stake:0.0 | Trust:0.0 | Incentive:0.0 | Emission:0.0
[34m2025-01-26 06:00:14.196[39m | [1m[37m      INFO      [39m[49m[0m | bittensor:utils.py:9 | UID:43 | Block:4787225 | Consensus:0.0 | Stake:0.0 | Trust:0.0 | Incentive:0.0 | Emission:0.0
[34m2025-01-26 06:00:26.287[39m | [1m[37m      INFO      [39m[49m[0m | bittensor:utils.py:9 | UID:43 | Block:4787226 | Consensus:0.0 | Stake:0.0 | Trust:0.0 | Incentive:0.0 | Emission:0.0
[34m2025-01-26 06:00:38.650[39m | [1m[37m      INFO      [39m[49m[0m | bittensor:utils.py:9 | UID:43 | Block:4787227 | Consensus:0.0 | Stake:0.0 | Trust:0.0 | Incentive:0.0 | Emission:0.0
[34m2025-01-26 06:00:50.231[39m | [1m[37m      INFO      [39m[49m[0m | bittensor:utils.py:9 | UID:43 | Block:4787228 | Consensus:0.0 | Stake:0.0 | Trust:0.0 | Incentive:0.0 | Emission:0.0
[34m2025-01-26 06:01:02.531[39m | [1m[37m      INFO      [39m[49m[0m | bittensor:utils.py:9 | UID:43 | Block:4787229 | Consensus:0.0 | Stake:0.0 | Trust:0.0 | Incentive:0.0 | Emission:0.0
[34m2025-01-26 06:01:14.536[39m | [1m[37m      INFO      [39m[49m[0m | bittensor:utils.py:9 | UID:43 | Block:4787230 | Consensus:0.0 | Stake:0.0 | Trust:0.0 | Incentive:0.0 | Emission:0.0
[34m2025-01-26 06:01:26.663[39m | [1m[37m      INFO      [39m[49m[0m | bittensor:utils.py:9 | UID:43 | Block:4787231 | Consensus:0.0 | Stake:0.0 | Trust:0.0 | Incentive:0.0 | Emission:0.0
[34m2025-01-26 06:01:38.671[39m | [1m[37m      INFO      [39m[49m[0m | bittensor:utils.py:9 | UID:43 | Block:4787232 | Consensus:0.0 | Stake:0.0 | Trust:0.0 | Incentive:0.0 | Emission:0.0
[34m2025-01-26 06:01:50.593[39m | [1m[37m      INFO      [39m[49m[0m | bittensor:utils.py:9 | UID:43 | Block:4787233 | Consensus:0.0 | Stake:0.0 | Trust:0.0 | Incentive:0.0 | Emission:0.0
[34m2025-01-26 06:02:02.516[39m | [1m[37m      INFO      [39m[49m[0m | bittensor:utils.py:9 | UID:43 | Block:4787234 | Consensus:0.0 | Stake:0.0 | Trust:0.0 | Incentive:0.0 | Emission:0.0
[34m2025-01-26 06:02:14.422[39m | [1m[37m      INFO      [39m[49m[0m | bittensor:utils.py:9 | UID:43 | Block:4787235 | Consensus:0.0 | Stake:0.0 | Trust:0.0 | Incentive:0.0 | Emission:0.0
[34m2025-01-26 06:02:26.693[39m | [1m[37m      INFO      [39m[49m[0m | bittensor:utils.py:9 | UID:43 | Block:4787236 | Consensus:0.0 | Stake:0.0 | Trust:0.0 | Incentive:0.0 | Emission:0.0
[34m2025-01-26 06:02:38.544[39m | [1m[37m      INFO      [39m[49m[0m | bittensor:utils.py:9 | UID:43 | Block:4787237 | Consensus:0.0 | Stake:0.0 | Trust:0.0 | Incentive:0.0 | Emission:0.0
[34m2025-01-26 06:02:50.403[39m | [1m[37m      INFO      [39m[49m[0m | bittensor:utils.py:9 | UID:43 | Block:4787238 | Consensus:0.0 | Stake:0.0 | Trust:0.0 | Incentive:0.0 | Emission:0.0
[34m2025-01-26 06:03:02.585[39m | [1m[37m      INFO      [39m[49m[0m | bittensor:utils.py:9 | UID:43 | Block:4787239 | Consensus:0.0 | Stake:0.0 | Trust:0.0 | Incentive:0.0 | Emission:0.0
[34m2025-01-26 06:03:14.620[39m | [1m[37m      INFO      [39m[49m[0m | bittensor:utils.py:9 | UID:43 | Block:4787240 | Consensus:0.0 | Stake:0.0 | Trust:0.0 | Incentive:0.0 | Emission:0.0
[34m2025-01-26 06:03:26.633[39m | [1m[37m      INFO      [39m[49m[0m | bittensor:utils.py:9 | UID:43 | Block:4787241 | Consensus:0.0 | Stake:0.0 | Trust:0.0 | Incentive:0.0 | Emission:0.0
[34m2025-01-26 06:03:38.364[39m | [1m[37m      INFO      [39m[49m[0m | bittensor:utils.py:9 | UID:43 | Block:4787242 | Consensus:0.0 | Stake:0.0 | Trust:0.0 | Incentive:0.0 | Emission:0.0
[34m2025-01-26 06:03:50.592[39m | [1m[37m      INFO      [39m[49m[0m | bittensor:utils.py:9 | UID:43 | Block:4787243 | Consensus:0.0 | Stake:0.0 | Trust:0.0 | Incentive:0.0 | Emission:0.0
[34m2025-01-26 06:04:02.546[39m | [1m[37m      INFO      [39m[49m[0m | bittensor:utils.py:9 | UID:43 | Block:4787244 | Consensus:0.0 | Stake:0.0 | Trust:0.0 | Incentive:0.0 | Emission:0.0
[34m2025-01-26 06:04:14.626[39m | [1m[37m      INFO      [39m[49m[0m | bittensor:utils.py:9 | UID:43 | Block:4787245 | Consensus:0.0 | Stake:0.0 | Trust:0.0 | Incentive:0.0 | Emission:0.0
[34m2025-01-26 06:04:26.701[39m | [1m[37m      INFO      [39m[49m[0m | bittensor:utils.py:9 | UID:43 | Block:4787246 | Consensus:0.0 | Stake:0.0 | Trust:0.0 | Incentive:0.0 | Emission:0.0
[34m2025-01-26 06:04:38.713[39m | [1m[37m      INFO      [39m[49m[0m | bittensor:utils.py:9 | UID:43 | Block:4787247 | Consensus:0.0 | Stake:0.0 | Trust:0.0 | Incentive:0.0 | Emission:0.0
[34m2025-01-26 06:04:51.325[39m | [1m[37m      INFO      [39m[49m[0m | bittensor:utils.py:9 | UID:43 | Block:4787248 | Consensus:0.0 | Stake:0.0 | Trust:0.0 | Incentive:0.0 | Emission:0.0
[34m2025-01-26 06:05:03.105[39m | [1m[37m      INFO      [39m[49m[0m | bittensor:utils.py:9 | UID:43 | Block:4787249 | Consensus:0.0 | Stake:0.0 | Trust:0.0 | Incentive:0.0 | Emission:0.0
[34m2025-01-26 06:05:14.888[39m | [1m[37m      INFO      [39m[49m[0m | bittensor:utils.py:9 | UID:43 | Block:4787250 | Consensus:0.0 | Stake:0.0 | Trust:0.0 | Incentive:0.0 | Emission:0.0
[34m2025-01-26 06:05:27.197[39m | [1m[37m      INFO      [39m[49m[0m | bittensor:utils.py:9 | UID:43 | Block:4787251 | Consensus:0.0 | Stake:0.0 | Trust:0.0 | Incentive:0.0 | Emission:0.0
[34m2025-01-26 06:05:39.230[39m | [1m[37m      INFO      [39m[49m[0m | bittensor:utils.py:9 | UID:43 | Block:4787252 | Consensus:0.0 | Stake:0.0 | Trust:0.0 | Incentive:0.0 | Emission:0.0
[34m2025-01-26 06:05:51.803[39m | [1m[37m      INFO      [39m[49m[0m | bittensor:utils.py:9 | UID:43 | Block:4787253 | Consensus:0.0 | Stake:0.0 | Trust:0.0 | Incentive:0.0 | Emission:0.0
[34m2025-01-26 06:06:03.420[39m | [1m[37m      INFO      [39m[49m[0m | bittensor:utils.py:9 | UID:43 | Block:4787254 | Consensus:0.0 | Stake:0.0 | Trust:0.0 | Incentive:0.0 | Emission:0.0
[34m2025-01-26 06:06:15.460[39m | [1m[37m      INFO      [39m[49m[0m | bittensor:utils.py:9 | UID:43 | Block:4787255 | Consensus:0.0 | Stake:0.0 | Trust:0.0 | Incentive:0.0 | Emission:0.0
[34m2025-01-26 06:06:27.768[39m | [1m[37m      INFO      [39m[49m[0m | bittensor:utils.py:9 | UID:43 | Block:4787256 | Consensus:0.0 | Stake:0.0 | Trust:0.0 | Incentive:0.0 | Emission:0.0
[34m2025-01-26 06:06:38.903[39m | [1m[37m      INFO      [39m[49m[0m | bittensor:utils.py:9 | UID:43 | Block:4787257 | Consensus:0.0 | Stake:0.0 | Trust:0.0 | Incentive:0.0 | Emission:0.0
[34m2025-01-26 06:06:51.134[39m | [1m[37m      INFO      [39m[49m[0m | bittensor:utils.py:9 | UID:43 | Block:4787258 | Consensus:0.0 | Stake:0.0 | Trust:0.0 | Incentive:0.0 | Emission:0.0
[34m2025-01-26 06:07:03.019[39m | [1m[37m      INFO      [39m[49m[0m | bittensor:utils.py:9 | UID:43 | Block:4787259 | Consensus:0.0 | Stake:0.0 | Trust:0.0 | Incentive:0.0 | Emission:0.0
[34m2025-01-26 06:07:14.658[39m | [1m[37m      INFO      [39m[49m[0m | bittensor:utils.py:9 | UID:43 | Block:4787260 | Consensus:0.0 | Stake:0.0 | Trust:0.0 | Incentive:0.0 | Emission:0.0
[34m2025-01-26 06:07:27.027[39m | [1m[37m      INFO      [39m[49m[0m | bittensor:utils.py:9 | UID:43 | Block:4787261 | Consensus:0.0 | Stake:0.0 | Trust:0.0 | Incentive:0.0 | Emission:0.0
[34m2025-01-26 06:07:38.564[39m | [1m[37m      INFO      [39m[49m[0m | bittensor:utils.py:9 | UID:43 | Block:4787262 | Consensus:0.0 | Stake:0.0 | Trust:0.0 | Incentive:0.0 | Emission:0.0
[34m2025-01-26 06:07:51.417[39m | [1m[37m      INFO      [39m[49m[0m | bittensor:utils.py:9 | UID:43 | Block:4787263 | Consensus:0.0 | Stake:0.0 | Trust:0.0 | Incentive:0.0 | Emission:0.0
[34m2025-01-26 06:08:02.926[39m | [1m[37m      INFO      [39m[49m[0m | bittensor:utils.py:9 | UID:43 | Block:4787264 | Consensus:0.0 | Stake:0.0 | Trust:0.0 | Incentive:0.0 | Emission:0.0
[34m2025-01-26 06:08:15.090[39m | [1m[37m      INFO      [39m[49m[0m | bittensor:utils.py:9 | UID:43 | Block:4787265 | Consensus:0.0 | Stake:0.0 | Trust:0.0 | Incentive:0.0 | Emission:0.0
[34m2025-01-26 06:08:26.618[39m | [1m[37m      INFO      [39m[49m[0m | bittensor:utils.py:9 | UID:43 | Block:4787266 | Consensus:0.0 | Stake:0.0 | Trust:0.0 | Incentive:0.0 | Emission:0.0
[34m2025-01-26 06:08:38.695[39m | [1m[37m      INFO      [39m[49m[0m | bittensor:utils.py:9 | UID:43 | Block:4787267 | Consensus:0.0 | Stake:0.0 | Trust:0.0 | Incentive:0.0 | Emission:0.0
[34m2025-01-26 06:08:50.754[39m | [1m[37m      INFO      [39m[49m[0m | bittensor:utils.py:9 | UID:43 | Block:4787268 | Consensus:0.0 | Stake:0.0 | Trust:0.0 | Incentive:0.0 | Emission:0.0
[34m2025-01-26 06:09:03.008[39m | [1m[37m      INFO      [39m[49m[0m | bittensor:utils.py:9 | UID:43 | Block:4787269 | Consensus:0.0 | Stake:0.0 | Trust:0.0 | Incentive:0.0 | Emission:0.0
[34m2025-01-26 06:09:15.026[39m | [1m[37m      INFO      [39m[49m[0m | bittensor:utils.py:9 | UID:43 | Block:4787270 | Consensus:0.0 | Stake:0.0 | Trust:0.0 | Incentive:0.0 | Emission:0.0
[34m2025-01-26 06:09:26.983[39m | [1m[37m      INFO      [39m[49m[0m | bittensor:utils.py:9 | UID:43 | Block:4787271 | Consensus:0.0 | Stake:0.0 | Trust:0.0 | Incentive:0.0 | Emission:0.0
[34m2025-01-26 06:09:38.756[39m | [1m[37m      INFO      [39m[49m[0m | bittensor:utils.py:9 | UID:43 | Block:4787272 | Consensus:0.0 | Stake:0.0 | Trust:0.0 | Incentive:0.0 | Emission:0.0
[34m2025-01-26 06:09:50.602[39m | [1m[37m      INFO      [39m[49m[0m | bittensor:utils.py:9 | UID:43 | Block:4787273 | Consensus:0.0 | Stake:0.0 | Trust:0.0 | Incentive:0.0 | Emission:0.0
[34m2025-01-26 06:10:02.915[39m | [1m[37m      INFO      [39m[49m[0m | bittensor:utils.py:9 | UID:43 | Block:4787274 | Consensus:0.0 | Stake:0.0 | Trust:0.0 | Incentive:0.0 | Emission:0.0
[34m2025-01-26 06:10:14.867[39m | [1m[37m      INFO      [39m[49m[0m | bittensor:utils.py:9 | UID:43 | Block:4787275 | Consensus:0.0 | Stake:0.0 | Trust:0.0 | Incentive:0.0 | Emission:0.0
[34m2025-01-26 06:10:26.562[39m | [1m[37m      INFO      [39m[49m[0m | bittensor:utils.py:9 | UID:43 | Block:4787276 | Consensus:0.0 | Stake:0.0 | Trust:0.0 | Incentive:0.0 | Emission:0.0
[34m2025-01-26 06:10:38.443[39m | [1m[37m      INFO      [39m[49m[0m | bittensor:utils.py:9 | UID:43 | Block:4787277 | Consensus:0.0 | Stake:0.0 | Trust:0.0 | Incentive:0.0 | Emission:0.0
[34m2025-01-26 06:10:51.018[39m | [1m[37m      INFO      [39m[49m[0m | bittensor:utils.py:9 | UID:43 | Block:4787278 | Consensus:0.0 | Stake:0.0 | Trust:0.0 | Incentive:0.0 | Emission:0.0
[34m2025-01-26 06:11:02.794[39m | [1m[37m      INFO      [39m[49m[0m | bittensor:utils.py:9 | UID:43 | Block:4787279 | Consensus:0.0 | Stake:0.0 | Trust:0.0 | Incentive:0.0 | Emission:0.0
[34m2025-01-26 06:11:15.848[39m | [1m[37m      INFO      [39m[49m[0m | bittensor:base.py:57 | Resyncing Metagraph
[34m2025-01-26 06:11:17.673[39m | [1m[37m      INFO      [39m[49m[0m | bittensor:utils.py:9 | UID:43 | Block:4787280 | Consensus:0.0 | Stake:0.0 | Trust:0.0 | Incentive:0.0 | Emission:0.0
[34m2025-01-26 06:11:26.653[39m | [1m[37m      INFO      [39m[49m[0m | bittensor:utils.py:9 | UID:43 | Block:4787281 | Consensus:0.0 | Stake:0.0 | Trust:0.0 | Incentive:0.0 | Emission:0.0
[34m2025-01-26 06:11:38.585[39m | [1m[37m      INFO      [39m[49m[0m | bittensor:utils.py:9 | UID:43 | Block:4787282 | Consensus:0.0 | Stake:0.0 | Trust:0.0 | Incentive:0.0 | Emission:0.0
[34m2025-01-26 06:11:50.649[39m | [1m[37m      INFO      [39m[49m[0m | bittensor:utils.py:9 | UID:43 | Block:4787283 | Consensus:0.0 | Stake:0.0 | Trust:0.0 | Incentive:0.0 | Emission:0.0
[34m2025-01-26 06:12:02.666[39m | [1m[37m      INFO      [39m[49m[0m | bittensor:utils.py:9 | UID:43 | Block:4787284 | Consensus:0.0 | Stake:0.0 | Trust:0.0 | Incentive:0.0 | Emission:0.0
[34m2025-01-26 06:12:14.887[39m | [1m[37m      INFO      [39m[49m[0m | bittensor:utils.py:9 | UID:43 | Block:4787285 | Consensus:0.0 | Stake:0.0 | Trust:0.0 | Incentive:0.0 | Emission:0.0
[34m2025-01-26 06:12:26.979[39m | [1m[37m      INFO      [39m[49m[0m | bittensor:utils.py:9 | UID:43 | Block:4787286 | Consensus:0.0 | Stake:0.0 | Trust:0.0 | Incentive:0.0 | Emission:0.0
[34m2025-01-26 06:12:38.826[39m | [1m[37m      INFO      [39m[49m[0m | bittensor:utils.py:9 | UID:43 | Block:4787287 | Consensus:0.0 | Stake:0.0 | Trust:0.0 | Incentive:0.0 | Emission:0.0
[34m2025-01-26 06:12:51.153[39m | [1m[37m      INFO      [39m[49m[0m | bittensor:utils.py:9 | UID:43 | Block:4787288 | Consensus:0.0 | Stake:0.0 | Trust:0.0 | Incentive:0.0 | Emission:0.0
[34m2025-01-26 06:13:02.827[39m | [1m[37m      INFO      [39m[49m[0m | bittensor:utils.py:9 | UID:43 | Block:4787289 | Consensus:0.0 | Stake:0.0 | Trust:0.0 | Incentive:0.0 | Emission:0.0
[34m2025-01-26 06:13:14.964[39m | [1m[37m      INFO      [39m[49m[0m | bittensor:utils.py:9 | UID:43 | Block:4787290 | Consensus:0.0 | Stake:0.0 | Trust:0.0 | Incentive:0.0 | Emission:0.0
[34m2025-01-26 06:13:27.009[39m | [1m[37m      INFO      [39m[49m[0m | bittensor:utils.py:9 | UID:43 | Block:4787291 | Consensus:0.0 | Stake:0.0 | Trust:0.0 | Incentive:0.0 | Emission:0.0
[34m2025-01-26 06:13:39.015[39m | [1m[37m      INFO      [39m[49m[0m | bittensor:utils.py:9 | UID:43 | Block:4787292 | Consensus:0.0 | Stake:0.0 | Trust:0.0 | Incentive:0.0 | Emission:0.0
[34m2025-01-26 06:13:50.889[39m | [1m[37m      INFO      [39m[49m[0m | bittensor:utils.py:9 | UID:43 | Block:4787293 | Consensus:0.0 | Stake:0.0 | Trust:0.0 | Incentive:0.0 | Emission:0.0
[34m2025-01-26 06:14:02.578[39m | [1m[37m      INFO      [39m[49m[0m | bittensor:utils.py:9 | UID:43 | Block:4787294 | Consensus:0.0 | Stake:0.0 | Trust:0.0 | Incentive:0.0 | Emission:0.0
[34m2025-01-26 06:14:14.923[39m | [1m[37m      INFO      [39m[49m[0m | bittensor:utils.py:9 | UID:43 | Block:4787295 | Consensus:0.0 | Stake:0.0 | Trust:0.0 | Incentive:0.0 | Emission:0.0
[34m2025-01-26 06:14:26.710[39m | [1m[37m      INFO      [39m[49m[0m | bittensor:utils.py:9 | UID:43 | Block:4787296 | Consensus:0.0 | Stake:0.0 | Trust:0.0 | Incentive:0.0 | Emission:0.0
[34m2025-01-26 06:14:40.181[39m | [1m[37m      INFO      [39m[49m[0m | bittensor:utils.py:9 | UID:43 | Block:4787297 | Consensus:0.0 | Stake:0.0 | Trust:0.0 | Incentive:0.0 | Emission:0.0
[34m2025-01-26 06:14:50.767[39m | [1m[37m      INFO      [39m[49m[0m | bittensor:utils.py:9 | UID:43 | Block:4787298 | Consensus:0.0 | Stake:0.0 | Trust:0.0 | Incentive:0.0 | Emission:0.0
[34m2025-01-26 06:15:02.527[39m | [1m[37m      INFO      [39m[49m[0m | bittensor:utils.py:9 | UID:43 | Block:4787299 | Consensus:0.0 | Stake:0.0 | Trust:0.0 | Incentive:0.0 | Emission:0.0
[34m2025-01-26 06:15:14.456[39m | [1m[37m      INFO      [39m[49m[0m | bittensor:utils.py:9 | UID:43 | Block:4787300 | Consensus:0.0 | Stake:0.0 | Trust:0.0 | Incentive:0.0 | Emission:0.0
[34m2025-01-26 06:15:26.872[39m | [1m[37m      INFO      [39m[49m[0m | bittensor:utils.py:9 | UID:43 | Block:4787301 | Consensus:0.0 | Stake:0.0 | Trust:0.0 | Incentive:0.0 | Emission:0.0
[34m2025-01-26 06:15:38.902[39m | [1m[37m      INFO      [39m[49m[0m | bittensor:utils.py:9 | UID:43 | Block:4787302 | Consensus:0.0 | Stake:0.0 | Trust:0.0 | Incentive:0.0 | Emission:0.0
[34m2025-01-26 06:15:50.940[39m | [1m[37m      INFO      [39m[49m[0m | bittensor:utils.py:9 | UID:43 | Block:4787303 | Consensus:0.0 | Stake:0.0 | Trust:0.0 | Incentive:0.0 | Emission:0.0
[34m2025-01-26 06:16:03.053[39m | [1m[37m      INFO      [39m[49m[0m | bittensor:utils.py:9 | UID:43 | Block:4787304 | Consensus:0.0 | Stake:0.0 | Trust:0.0 | Incentive:0.0 | Emission:0.0
[34m2025-01-26 06:16:14.996[39m | [1m[37m      INFO      [39m[49m[0m | bittensor:utils.py:9 | UID:43 | Block:4787305 | Consensus:0.0 | Stake:0.0 | Trust:0.0 | Incentive:0.0 | Emission:0.0
[34m2025-01-26 06:16:26.891[39m | [1m[37m      INFO      [39m[49m[0m | bittensor:utils.py:9 | UID:43 | Block:4787306 | Consensus:0.0 | Stake:0.0 | Trust:0.0 | Incentive:0.0 | Emission:0.0
[34m2025-01-26 06:16:39.188[39m | [1m[37m      INFO      [39m[49m[0m | bittensor:utils.py:9 | UID:43 | Block:4787307 | Consensus:0.0 | Stake:0.0 | Trust:0.0 | Incentive:0.0 | Emission:0.0
[34m2025-01-26 06:16:50.966[39m | [1m[37m      INFO      [39m[49m[0m | bittensor:utils.py:9 | UID:43 | Block:4787308 | Consensus:0.0 | Stake:0.0 | Trust:0.0 | Incentive:0.0 | Emission:0.0
[34m2025-01-26 06:17:03.142[39m | [1m[37m      INFO      [39m[49m[0m | bittensor:utils.py:9 | UID:43 | Block:4787309 | Consensus:0.0 | Stake:0.0 | Trust:0.0 | Incentive:0.0 | Emission:0.0
[34m2025-01-26 06:17:14.797[39m | [1m[37m      INFO      [39m[49m[0m | bittensor:utils.py:9 | UID:43 | Block:4787310 | Consensus:0.0 | Stake:0.0 | Trust:0.0 | Incentive:0.0 | Emission:0.0
[34m2025-01-26 06:17:26.923[39m | [1m[37m      INFO      [39m[49m[0m | bittensor:utils.py:9 | UID:43 | Block:4787311 | Consensus:0.0 | Stake:0.0 | Trust:0.0 | Incentive:0.0 | Emission:0.0
[34m2025-01-26 06:17:38.847[39m | [1m[37m      INFO      [39m[49m[0m | bittensor:utils.py:9 | UID:43 | Block:4787312 | Consensus:0.0 | Stake:0.0 | Trust:0.0 | Incentive:0.0 | Emission:0.0
[34m2025-01-26 06:17:51.494[39m | [1m[37m      INFO      [39m[49m[0m | bittensor:utils.py:9 | UID:43 | Block:4787313 | Consensus:0.0 | Stake:0.0 | Trust:0.0 | Incentive:0.0 | Emission:0.0
[34m2025-01-26 06:18:02.796[39m | [1m[37m      INFO      [39m[49m[0m | bittensor:utils.py:9 | UID:43 | Block:4787314 | Consensus:0.0 | Stake:0.0 | Trust:0.0 | Incentive:0.0 | Emission:0.0
[34m2025-01-26 06:18:15.690[39m | [1m[37m      INFO      [39m[49m[0m | bittensor:utils.py:9 | UID:43 | Block:4787315 | Consensus:0.0 | Stake:0.0 | Trust:0.0 | Incentive:0.0 | Emission:0.0
[34m2025-01-26 06:18:27.310[39m | [1m[37m      INFO      [39m[49m[0m | bittensor:utils.py:9 | UID:43 | Block:4787316 | Consensus:0.0 | Stake:0.0 | Trust:0.0 | Incentive:0.0 | Emission:0.0
[34m2025-01-26 06:18:38.648[39m | [1m[37m      INFO      [39m[49m[0m | bittensor:utils.py:9 | UID:43 | Block:4787317 | Consensus:0.0 | Stake:0.0 | Trust:0.0 | Incentive:0.0 | Emission:0.0
[34m2025-01-26 06:18:50.452[39m | [1m[37m      INFO      [39m[49m[0m | bittensor:utils.py:9 | UID:43 | Block:4787318 | Consensus:0.0 | Stake:0.0 | Trust:0.0 | Incentive:0.0 | Emission:0.0
[34m2025-01-26 06:19:02.896[39m | [1m[37m      INFO      [39m[49m[0m | bittensor:utils.py:9 | UID:43 | Block:4787319 | Consensus:0.0 | Stake:0.0 | Trust:0.0 | Incentive:0.0 | Emission:0.0
[34m2025-01-26 06:19:14.926[39m | [1m[37m      INFO      [39m[49m[0m | bittensor:utils.py:9 | UID:43 | Block:4787320 | Consensus:0.0 | Stake:0.0 | Trust:0.0 | Incentive:0.0 | Emission:0.0
[34m2025-01-26 06:19:27.755[39m | [1m[37m      INFO      [39m[49m[0m | bittensor:utils.py:9 | UID:43 | Block:4787321 | Consensus:0.0 | Stake:0.0 | Trust:0.0 | Incentive:0.0 | Emission:0.0
[34m2025-01-26 06:19:38.732[39m | [1m[37m      INFO      [39m[49m[0m | bittensor:utils.py:9 | UID:43 | Block:4787322 | Consensus:0.0 | Stake:0.0 | Trust:0.0 | Incentive:0.0 | Emission:0.0
[34m2025-01-26 06:19:51.290[39m | [1m[37m      INFO      [39m[49m[0m | bittensor:utils.py:9 | UID:43 | Block:4787323 | Consensus:0.0 | Stake:0.0 | Trust:0.0 | Incentive:0.0 | Emission:0.0
[34m2025-01-26 06:20:02.691[39m | [1m[37m      INFO      [39m[49m[0m | bittensor:utils.py:9 | UID:43 | Block:4787324 | Consensus:0.0 | Stake:0.0 | Trust:0.0 | Incentive:0.0 | Emission:0.0
[34m2025-01-26 06:20:14.934[39m | [1m[37m      INFO      [39m[49m[0m | bittensor:utils.py:9 | UID:43 | Block:4787325 | Consensus:0.0 | Stake:0.0 | Trust:0.0 | Incentive:0.0 | Emission:0.0
[34m2025-01-26 06:20:26.876[39m | [1m[37m      INFO      [39m[49m[0m | bittensor:utils.py:9 | UID:43 | Block:4787326 | Consensus:0.0 | Stake:0.0 | Trust:0.0 | Incentive:0.0 | Emission:0.0
[34m2025-01-26 06:20:39.036[39m | [1m[37m      INFO      [39m[49m[0m | bittensor:utils.py:9 | UID:43 | Block:4787327 | Consensus:0.0 | Stake:0.0 | Trust:0.0 | Incentive:0.0 | Emission:0.0
[34m2025-01-26 06:20:51.042[39m | [1m[37m      INFO      [39m[49m[0m | bittensor:utils.py:9 | UID:43 | Block:4787328 | Consensus:0.0 | Stake:0.0 | Trust:0.0 | Incentive:0.0 | Emission:0.0
[34m2025-01-26 06:21:03.244[39m | [1m[37m      INFO      [39m[49m[0m | bittensor:utils.py:9 | UID:43 | Block:4787329 | Consensus:0.0 | Stake:0.0 | Trust:0.0 | Incentive:0.0 | Emission:0.0
[34m2025-01-26 06:21:15.089[39m | [1m[37m      INFO      [39m[49m[0m | bittensor:utils.py:9 | UID:43 | Block:4787330 | Consensus:0.0 | Stake:0.0 | Trust:0.0 | Incentive:0.0 | Emission:0.0
[34m2025-01-26 06:21:27.181[39m | [1m[37m      INFO      [39m[49m[0m | bittensor:utils.py:9 | UID:43 | Block:4787331 | Consensus:0.0 | Stake:0.0 | Trust:0.0 | Incentive:0.0 | Emission:0.0
[34m2025-01-26 06:21:39.026[39m | [1m[37m      INFO      [39m[49m[0m | bittensor:utils.py:9 | UID:43 | Block:4787332 | Consensus:0.0 | Stake:0.0 | Trust:0.0 | Incentive:0.0 | Emission:0.0
[34m2025-01-26 06:21:50.753[39m | [1m[37m      INFO      [39m[49m[0m | bittensor:utils.py:9 | UID:43 | Block:4787333 | Consensus:0.0 | Stake:0.0 | Trust:0.0 | Incentive:0.0 | Emission:0.0
[34m2025-01-26 06:22:02.377[39m | [1m[37m      INFO      [39m[49m[0m | bittensor:utils.py:9 | UID:43 | Block:4787334 | Consensus:0.0 | Stake:0.0 | Trust:0.0 | Incentive:0.0 | Emission:0.0
[34m2025-01-26 06:22:15.065[39m | [1m[37m      INFO      [39m[49m[0m | bittensor:utils.py:9 | UID:43 | Block:4787335 | Consensus:0.0 | Stake:0.0 | Trust:0.0 | Incentive:0.0 | Emission:0.0
[34m2025-01-26 06:22:26.757[39m | [1m[37m      INFO      [39m[49m[0m | bittensor:utils.py:9 | UID:43 | Block:4787336 | Consensus:0.0 | Stake:0.0 | Trust:0.0 | Incentive:0.0 | Emission:0.0
[34m2025-01-26 06:22:38.595[39m | [1m[37m      INFO      [39m[49m[0m | bittensor:utils.py:9 | UID:43 | Block:4787337 | Consensus:0.0 | Stake:0.0 | Trust:0.0 | Incentive:0.0 | Emission:0.0
[34m2025-01-26 06:22:50.561[39m | [1m[37m      INFO      [39m[49m[0m | bittensor:utils.py:9 | UID:43 | Block:4787338 | Consensus:0.0 | Stake:0.0 | Trust:0.0 | Incentive:0.0 | Emission:0.0
[34m2025-01-26 06:23:03.207[39m | [1m[37m      INFO      [39m[49m[0m | bittensor:utils.py:9 | UID:43 | Block:4787339 | Consensus:0.0 | Stake:0.0 | Trust:0.0 | Incentive:0.0 | Emission:0.0
[34m2025-01-26 06:23:14.461[39m | [1m[37m      INFO      [39m[49m[0m | bittensor:utils.py:9 | UID:43 | Block:4787340 | Consensus:0.0 | Stake:0.0 | Trust:0.0 | Incentive:0.0 | Emission:0.0
[34m2025-01-26 06:23:26.776[39m | [1m[37m      INFO      [39m[49m[0m | bittensor:utils.py:9 | UID:43 | Block:4787341 | Consensus:0.0 | Stake:0.0 | Trust:0.0 | Incentive:0.0 | Emission:0.0
[34m2025-01-26 06:23:38.975[39m | [1m[37m      INFO      [39m[49m[0m | bittensor:utils.py:9 | UID:43 | Block:4787342 | Consensus:0.0 | Stake:0.0 | Trust:0.0 | Incentive:0.0 | Emission:0.0
[34m2025-01-26 06:23:50.519[39m | [1m[37m      INFO      [39m[49m[0m | bittensor:utils.py:9 | UID:43 | Block:4787343 | Consensus:0.0 | Stake:0.0 | Trust:0.0 | Incentive:0.0 | Emission:0.0
[34m2025-01-26 06:24:02.703[39m | [1m[37m      INFO      [39m[49m[0m | bittensor:utils.py:9 | UID:43 | Block:4787344 | Consensus:0.0 | Stake:0.0 | Trust:0.0 | Incentive:0.0 | Emission:0.0
[34m2025-01-26 06:24:14.823[39m | [1m[37m      INFO      [39m[49m[0m | bittensor:utils.py:9 | UID:43 | Block:4787345 | Consensus:0.0 | Stake:0.0 | Trust:0.0 | Incentive:0.0 | Emission:0.0
[34m2025-01-26 06:24:26.685[39m | [1m[37m      INFO      [39m[49m[0m | bittensor:utils.py:9 | UID:43 | Block:4787346 | Consensus:0.0 | Stake:0.0 | Trust:0.0 | Incentive:0.0 | Emission:0.0
[34m2025-01-26 06:24:39.112[39m | [1m[37m      INFO      [39m[49m[0m | bittensor:utils.py:9 | UID:43 | Block:4787347 | Consensus:0.0 | Stake:0.0 | Trust:0.0 | Incentive:0.0 | Emission:0.0
[34m2025-01-26 06:24:51.619[39m | [1m[37m      INFO      [39m[49m[0m | bittensor:utils.py:9 | UID:43 | Block:4787348 | Consensus:0.0 | Stake:0.0 | Trust:0.0 | Incentive:0.0 | Emission:0.0
[34m2025-01-26 06:25:02.874[39m | [1m[37m      INFO      [39m[49m[0m | bittensor:utils.py:9 | UID:43 | Block:4787349 | Consensus:0.0 | Stake:0.0 | Trust:0.0 | Incentive:0.0 | Emission:0.0
[34m2025-01-26 06:25:14.994[39m | [1m[37m      INFO      [39m[49m[0m | bittensor:utils.py:9 | UID:43 | Block:4787350 | Consensus:0.0 | Stake:0.0 | Trust:0.0 | Incentive:0.0 | Emission:0.0
[34m2025-01-26 06:25:27.110[39m | [1m[37m      INFO      [39m[49m[0m | bittensor:utils.py:9 | UID:43 | Block:4787351 | Consensus:0.0 | Stake:0.0 | Trust:0.0 | Incentive:0.0 | Emission:0.0
[34m2025-01-26 06:25:38.889[39m | [1m[37m      INFO      [39m[49m[0m | bittensor:utils.py:9 | UID:43 | Block:4787352 | Consensus:0.0 | Stake:0.0 | Trust:0.0 | Incentive:0.0 | Emission:0.0
[34m2025-01-26 06:25:50.751[39m | [1m[37m      INFO      [39m[49m[0m | bittensor:utils.py:9 | UID:43 | Block:4787353 | Consensus:0.0 | Stake:0.0 | Trust:0.0 | Incentive:0.0 | Emission:0.0
[34m2025-01-26 06:26:03.098[39m | [1m[37m      INFO      [39m[49m[0m | bittensor:utils.py:9 | UID:43 | Block:4787354 | Consensus:0.0 | Stake:0.0 | Trust:0.0 | Incentive:0.0 | Emission:0.0
[34m2025-01-26 06:26:14.871[39m | [1m[37m      INFO      [39m[49m[0m | bittensor:utils.py:9 | UID:43 | Block:4787355 | Consensus:0.0 | Stake:0.0 | Trust:0.0 | Incentive:0.0 | Emission:0.0
[34m2025-01-26 06:26:26.551[39m | [1m[37m      INFO      [39m[49m[0m | bittensor:utils.py:9 | UID:43 | Block:4787356 | Consensus:0.0 | Stake:0.0 | Trust:0.0 | Incentive:0.0 | Emission:0.0
[34m2025-01-26 06:26:39.163[39m | [1m[37m      INFO      [39m[49m[0m | bittensor:utils.py:9 | UID:43 | Block:4787357 | Consensus:0.0 | Stake:0.0 | Trust:0.0 | Incentive:0.0 | Emission:0.0
[34m2025-01-26 06:26:51.291[39m | [1m[37m      INFO      [39m[49m[0m | bittensor:utils.py:9 | UID:43 | Block:4787358 | Consensus:0.0 | Stake:0.0 | Trust:0.0 | Incentive:0.0 | Emission:0.0
[34m2025-01-26 06:27:02.673[39m | [1m[37m      INFO      [39m[49m[0m | bittensor:utils.py:9 | UID:43 | Block:4787359 | Consensus:0.0 | Stake:0.0 | Trust:0.0 | Incentive:0.0 | Emission:0.0
[34m2025-01-26 06:27:15.190[39m | [1m[37m      INFO      [39m[49m[0m | bittensor:utils.py:9 | UID:43 | Block:4787360 | Consensus:0.0 | Stake:0.0 | Trust:0.0 | Incentive:0.0 | Emission:0.0
[34m2025-01-26 06:27:27.096[39m | [1m[37m      INFO      [39m[49m[0m | bittensor:utils.py:9 | UID:43 | Block:4787361 | Consensus:0.0 | Stake:0.0 | Trust:0.0 | Incentive:0.0 | Emission:0.0
[34m2025-01-26 06:27:39.118[39m | [1m[37m      INFO      [39m[49m[0m | bittensor:utils.py:9 | UID:43 | Block:4787362 | Consensus:0.0 | Stake:0.0 | Trust:0.0 | Incentive:0.0 | Emission:0.0
[34m2025-01-26 06:27:51.206[39m | [1m[37m      INFO      [39m[49m[0m | bittensor:utils.py:9 | UID:43 | Block:4787363 | Consensus:0.0 | Stake:0.0 | Trust:0.0 | Incentive:0.0 | Emission:0.0
[34m2025-01-26 06:28:02.722[39m | [1m[37m      INFO      [39m[49m[0m | bittensor:utils.py:9 | UID:43 | Block:4787364 | Consensus:0.0 | Stake:0.0 | Trust:0.0 | Incentive:0.0 | Emission:0.0
[34m2025-01-26 06:28:14.740[39m | [1m[37m      INFO      [39m[49m[0m | bittensor:utils.py:9 | UID:43 | Block:4787365 | Consensus:0.0 | Stake:0.0 | Trust:0.0 | Incentive:0.0 | Emission:0.0
[34m2025-01-26 06:28:26.838[39m | [1m[37m      INFO      [39m[49m[0m | bittensor:utils.py:9 | UID:43 | Block:4787366 | Consensus:0.0 | Stake:0.0 | Trust:0.0 | Incentive:0.0 | Emission:0.0
[34m2025-01-26 06:28:38.724[39m | [1m[37m      INFO      [39m[49m[0m | bittensor:utils.py:9 | UID:43 | Block:4787367 | Consensus:0.0 | Stake:0.0 | Trust:0.0 | Incentive:0.0 | Emission:0.0
[34m2025-01-26 06:28:51.257[39m | [1m[37m      INFO      [39m[49m[0m | bittensor:utils.py:9 | UID:43 | Block:4787368 | Consensus:0.0 | Stake:0.0 | Trust:0.0 | Incentive:0.0 | Emission:0.0
[34m2025-01-26 06:29:03.000[39m | [1m[37m      INFO      [39m[49m[0m | bittensor:utils.py:9 | UID:43 | Block:4787369 | Consensus:0.0 | Stake:0.0 | Trust:0.0 | Incentive:0.0 | Emission:0.0
[34m2025-01-26 06:29:15.088[39m | [1m[37m      INFO      [39m[49m[0m | bittensor:utils.py:9 | UID:43 | Block:4787370 | Consensus:0.0 | Stake:0.0 | Trust:0.0 | Incentive:0.0 | Emission:0.0
[34m2025-01-26 06:29:26.995[39m | [1m[37m      INFO      [39m[49m[0m | bittensor:utils.py:9 | UID:43 | Block:4787371 | Consensus:0.0 | Stake:0.0 | Trust:0.0 | Incentive:0.0 | Emission:0.0
[34m2025-01-26 06:29:38.969[39m | [1m[37m      INFO      [39m[49m[0m | bittensor:utils.py:9 | UID:43 | Block:4787372 | Consensus:0.0 | Stake:0.0 | Trust:0.0 | Incentive:0.0 | Emission:0.0
[34m2025-01-26 06:29:51.025[39m | [1m[37m      INFO      [39m[49m[0m | bittensor:utils.py:9 | UID:43 | Block:4787373 | Consensus:0.0 | Stake:0.0 | Trust:0.0 | Incentive:0.0 | Emission:0.0
[34m2025-01-26 06:30:03.035[39m | [1m[37m      INFO      [39m[49m[0m | bittensor:utils.py:9 | UID:43 | Block:4787374 | Consensus:0.0 | Stake:0.0 | Trust:0.0 | Incentive:0.0 | Emission:0.0
[34m2025-01-26 06:30:14.899[39m | [1m[37m      INFO      [39m[49m[0m | bittensor:utils.py:9 | UID:43 | Block:4787375 | Consensus:0.0 | Stake:0.0 | Trust:0.0 | Incentive:0.0 | Emission:0.0
[34m2025-01-26 06:30:27.203[39m | [1m[37m      INFO      [39m[49m[0m | bittensor:utils.py:9 | UID:43 | Block:4787376 | Consensus:0.0 | Stake:0.0 | Trust:0.0 | Incentive:0.0 | Emission:0.0
[34m2025-01-26 06:30:41.531[39m | [1m[37m      INFO      [39m[49m[0m | bittensor:utils.py:9 | UID:43 | Block:4787377 | Consensus:0.0 | Stake:0.0 | Trust:0.0 | Incentive:0.0 | Emission:0.0
[34m2025-01-26 06:30:51.494[39m | [1m[37m      INFO      [39m[49m[0m | bittensor:utils.py:9 | UID:43 | Block:4787378 | Consensus:0.0 | Stake:0.0 | Trust:0.0 | Incentive:0.0 | Emission:0.0
[34m2025-01-26 06:31:02.942[39m | [1m[37m      INFO      [39m[49m[0m | bittensor:utils.py:9 | UID:43 | Block:4787379 | Consensus:0.0 | Stake:0.0 | Trust:0.0 | Incentive:0.0 | Emission:0.0
[34m2025-01-26 06:31:15.836[39m | [1m[37m      INFO      [39m[49m[0m | bittensor:utils.py:9 | UID:43 | Block:4787380 | Consensus:0.0 | Stake:0.0 | Trust:0.0 | Incentive:0.0 | Emission:0.0
[34m2025-01-26 06:31:27.549[39m | [1m[37m      INFO      [39m[49m[0m | bittensor:utils.py:9 | UID:43 | Block:4787381 | Consensus:0.0 | Stake:0.0 | Trust:0.0 | Incentive:0.0 | Emission:0.0
[34m2025-01-26 06:31:39.488[39m | [1m[37m      INFO      [39m[49m[0m | bittensor:utils.py:9 | UID:43 | Block:4787382 | Consensus:0.0 | Stake:0.0 | Trust:0.0 | Incentive:0.0 | Emission:0.0
[34m2025-01-26 06:31:51.699[39m | [1m[37m      INFO      [39m[49m[0m | bittensor:utils.py:9 | UID:43 | Block:4787383 | Consensus:0.0 | Stake:0.0 | Trust:0.0 | Incentive:0.0 | Emission:0.0
[34m2025-01-26 06:32:03.599[39m | [1m[37m      INFO      [39m[49m[0m | bittensor:utils.py:9 | UID:43 | Block:4787384 | Consensus:0.0 | Stake:0.0 | Trust:0.0 | Incentive:0.0 | Emission:0.0
[34m2025-01-26 06:32:14.574[39m | [1m[37m      INFO      [39m[49m[0m | bittensor:utils.py:9 | UID:43 | Block:4787385 | Consensus:0.0 | Stake:0.0 | Trust:0.0 | Incentive:0.0 | Emission:0.0
[34m2025-01-26 06:32:27.505[39m | [1m[37m      INFO      [39m[49m[0m | bittensor:utils.py:9 | UID:43 | Block:4787386 | Consensus:0.0 | Stake:0.0 | Trust:0.0 | Incentive:0.0 | Emission:0.0
[34m2025-01-26 06:32:39.585[39m | [1m[37m      INFO      [39m[49m[0m | bittensor:utils.py:9 | UID:43 | Block:4787387 | Consensus:0.0 | Stake:0.0 | Trust:0.0 | Incentive:0.0 | Emission:0.0
[34m2025-01-26 06:32:51.000[39m | [1m[37m      INFO      [39m[49m[0m | bittensor:utils.py:9 | UID:43 | Block:4787388 | Consensus:0.0 | Stake:0.0 | Trust:0.0 | Incentive:0.0 | Emission:0.0
[34m2025-01-26 06:33:02.667[39m | [1m[37m      INFO      [39m[49m[0m | bittensor:utils.py:9 | UID:43 | Block:4787389 | Consensus:0.0 | Stake:0.0 | Trust:0.0 | Incentive:0.0 | Emission:0.0
[34m2025-01-26 06:33:14.863[39m | [1m[37m      INFO      [39m[49m[0m | bittensor:utils.py:9 | UID:43 | Block:4787390 | Consensus:0.0 | Stake:0.0 | Trust:0.0 | Incentive:0.0 | Emission:0.0
[34m2025-01-26 06:33:26.783[39m | [1m[37m      INFO      [39m[49m[0m | bittensor:utils.py:9 | UID:43 | Block:4787391 | Consensus:0.0 | Stake:0.0 | Trust:0.0 | Incentive:0.0 | Emission:0.0
[34m2025-01-26 06:33:38.710[39m | [1m[37m      INFO      [39m[49m[0m | bittensor:utils.py:9 | UID:43 | Block:4787392 | Consensus:0.0 | Stake:0.0 | Trust:0.0 | Incentive:0.0 | Emission:0.0
[34m2025-01-26 06:33:50.696[39m | [1m[37m      INFO      [39m[49m[0m | bittensor:utils.py:9 | UID:43 | Block:4787393 | Consensus:0.0 | Stake:0.0 | Trust:0.0 | Incentive:0.0 | Emission:0.0
[34m2025-01-26 06:34:02.772[39m | [1m[37m      INFO      [39m[49m[0m | bittensor:utils.py:9 | UID:43 | Block:4787394 | Consensus:0.0 | Stake:0.0 | Trust:0.0 | Incentive:0.0 | Emission:0.0
[34m2025-01-26 06:34:14.837[39m | [1m[37m      INFO      [39m[49m[0m | bittensor:utils.py:9 | UID:43 | Block:4787395 | Consensus:0.0 | Stake:0.0 | Trust:0.0 | Incentive:0.0 | Emission:0.0
[34m2025-01-26 06:34:26.388[39m | [1m[37m      INFO      [39m[49m[0m | bittensor:utils.py:9 | UID:43 | Block:4787396 | Consensus:0.0 | Stake:0.0 | Trust:0.0 | Incentive:0.0 | Emission:0.0
[34m2025-01-26 06:34:39.654[39m | [1m[37m      INFO      [39m[49m[0m | bittensor:utils.py:9 | UID:43 | Block:4787397 | Consensus:0.0 | Stake:0.0 | Trust:0.0 | Incentive:0.0 | Emission:0.0
[34m2025-01-26 06:34:50.693[39m | [1m[37m      INFO      [39m[49m[0m | bittensor:utils.py:9 | UID:43 | Block:4787398 | Consensus:0.0 | Stake:0.0 | Trust:0.0 | Incentive:0.0 | Emission:0.0
[34m2025-01-26 06:35:02.622[39m | [1m[37m      INFO      [39m[49m[0m | bittensor:utils.py:9 | UID:43 | Block:4787399 | Consensus:0.0 | Stake:0.0 | Trust:0.0 | Incentive:0.0 | Emission:0.0
[34m2025-01-26 06:35:14.563[39m | [1m[37m      INFO      [39m[49m[0m | bittensor:utils.py:9 | UID:43 | Block:4787400 | Consensus:0.0 | Stake:0.0 | Trust:0.0 | Incentive:0.0 | Emission:0.0
[34m2025-01-26 06:35:26.612[39m | [1m[37m      INFO      [39m[49m[0m | bittensor:utils.py:9 | UID:43 | Block:4787401 | Consensus:0.0 | Stake:0.0 | Trust:0.0 | Incentive:0.0 | Emission:0.0
[34m2025-01-26 06:35:38.601[39m | [1m[37m      INFO      [39m[49m[0m | bittensor:utils.py:9 | UID:43 | Block:4787402 | Consensus:0.0 | Stake:0.0 | Trust:0.0 | Incentive:0.0 | Emission:0.0
[34m2025-01-26 06:35:50.608[39m | [1m[37m      INFO      [39m[49m[0m | bittensor:utils.py:9 | UID:43 | Block:4787403 | Consensus:0.0 | Stake:0.0 | Trust:0.0 | Incentive:0.0 | Emission:0.0
[34m2025-01-26 06:36:02.567[39m | [1m[37m      INFO      [39m[49m[0m | bittensor:utils.py:9 | UID:43 | Block:4787404 | Consensus:0.0 | Stake:0.0 | Trust:0.0 | Incentive:0.0 | Emission:0.0
[34m2025-01-26 06:36:14.453[39m | [1m[37m      INFO      [39m[49m[0m | bittensor:utils.py:9 | UID:43 | Block:4787405 | Consensus:0.0 | Stake:0.0 | Trust:0.0 | Incentive:0.0 | Emission:0.0
[34m2025-01-26 06:36:26.419[39m | [1m[37m      INFO      [39m[49m[0m | bittensor:utils.py:9 | UID:43 | Block:4787406 | Consensus:0.0 | Stake:0.0 | Trust:0.0 | Incentive:0.0 | Emission:0.0
[34m2025-01-26 06:36:38.424[39m | [1m[37m      INFO      [39m[49m[0m | bittensor:utils.py:9 | UID:43 | Block:4787407 | Consensus:0.0 | Stake:0.0 | Trust:0.0 | Incentive:0.0 | Emission:0.0
[34m2025-01-26 06:36:50.558[39m | [1m[37m      INFO      [39m[49m[0m | bittensor:utils.py:9 | UID:43 | Block:4787408 | Consensus:0.0 | Stake:0.0 | Trust:0.0 | Incentive:0.0 | Emission:0.0
[34m2025-01-26 06:37:02.756[39m | [1m[37m      INFO      [39m[49m[0m | bittensor:utils.py:9 | UID:43 | Block:4787409 | Consensus:0.0 | Stake:0.0 | Trust:0.0 | Incentive:0.0 | Emission:0.0
[34m2025-01-26 06:37:14.650[39m | [1m[37m      INFO      [39m[49m[0m | bittensor:utils.py:9 | UID:43 | Block:4787410 | Consensus:0.0 | Stake:0.0 | Trust:0.0 | Incentive:0.0 | Emission:0.0
[34m2025-01-26 06:37:26.669[39m | [1m[37m      INFO      [39m[49m[0m | bittensor:utils.py:9 | UID:43 | Block:4787411 | Consensus:0.0 | Stake:0.0 | Trust:0.0 | Incentive:0.0 | Emission:0.0
[34m2025-01-26 06:37:38.628[39m | [1m[37m      INFO      [39m[49m[0m | bittensor:utils.py:9 | UID:43 | Block:4787412 | Consensus:0.0 | Stake:0.0 | Trust:0.0 | Incentive:0.0 | Emission:0.0
[34m2025-01-26 06:37:51.029[39m | [1m[37m      INFO      [39m[49m[0m | bittensor:utils.py:9 | UID:43 | Block:4787413 | Consensus:0.0 | Stake:0.0 | Trust:0.0 | Incentive:0.0 | Emission:0.0
[34m2025-01-26 06:38:02.734[39m | [1m[37m      INFO      [39m[49m[0m | bittensor:utils.py:9 | UID:43 | Block:4787414 | Consensus:0.0 | Stake:0.0 | Trust:0.0 | Incentive:0.0 | Emission:0.0
[34m2025-01-26 06:38:14.536[39m | [1m[37m      INFO      [39m[49m[0m | bittensor:utils.py:9 | UID:43 | Block:4787415 | Consensus:0.0 | Stake:0.0 | Trust:0.0 | Incentive:0.0 | Emission:0.0
[34m2025-01-26 06:38:26.702[39m | [1m[37m      INFO      [39m[49m[0m | bittensor:utils.py:9 | UID:43 | Block:4787416 | Consensus:0.0 | Stake:0.0 | Trust:0.0 | Incentive:0.0 | Emission:0.0
[34m2025-01-26 06:38:38.739[39m | [1m[37m      INFO      [39m[49m[0m | bittensor:utils.py:9 | UID:43 | Block:4787417 | Consensus:0.0 | Stake:0.0 | Trust:0.0 | Incentive:0.0 | Emission:0.0
[34m2025-01-26 06:38:50.483[39m | [1m[37m      INFO      [39m[49m[0m | bittensor:utils.py:9 | UID:43 | Block:4787418 | Consensus:0.0 | Stake:0.0 | Trust:0.0 | Incentive:0.0 | Emission:0.0
[34m2025-01-26 06:39:02.676[39m | [1m[37m      INFO      [39m[49m[0m | bittensor:utils.py:9 | UID:43 | Block:4787419 | Consensus:0.0 | Stake:0.0 | Trust:0.0 | Incentive:0.0 | Emission:0.0
[34m2025-01-26 06:39:14.406[39m | [1m[37m      INFO      [39m[49m[0m | bittensor:utils.py:9 | UID:43 | Block:4787420 | Consensus:0.0 | Stake:0.0 | Trust:0.0 | Incentive:0.0 | Emission:0.0
[34m2025-01-26 06:39:26.367[39m | [1m[37m      INFO      [39m[49m[0m | bittensor:utils.py:9 | UID:43 | Block:4787421 | Consensus:0.0 | Stake:0.0 | Trust:0.0 | Incentive:0.0 | Emission:0.0
[34m2025-01-26 06:39:38.465[39m | [1m[37m      INFO      [39m[49m[0m | bittensor:utils.py:9 | UID:43 | Block:4787422 | Consensus:0.0 | Stake:0.0 | Trust:0.0 | Incentive:0.0 | Emission:0.0
[34m2025-01-26 06:39:50.624[39m | [1m[37m      INFO      [39m[49m[0m | bittensor:utils.py:9 | UID:43 | Block:4787423 | Consensus:0.0 | Stake:0.0 | Trust:0.0 | Incentive:0.0 | Emission:0.0
[34m2025-01-26 06:40:02.513[39m | [1m[37m      INFO      [39m[49m[0m | bittensor:utils.py:9 | UID:43 | Block:4787424 | Consensus:0.0 | Stake:0.0 | Trust:0.0 | Incentive:0.0 | Emission:0.0
[34m2025-01-26 06:40:14.526[39m | [1m[37m      INFO      [39m[49m[0m | bittensor:utils.py:9 | UID:43 | Block:4787425 | Consensus:0.0 | Stake:0.0 | Trust:0.0 | Incentive:0.0 | Emission:0.0
[34m2025-01-26 06:40:26.531[39m | [1m[37m      INFO      [39m[49m[0m | bittensor:utils.py:9 | UID:43 | Block:4787426 | Consensus:0.0 | Stake:0.0 | Trust:0.0 | Incentive:0.0 | Emission:0.0
[34m2025-01-26 06:40:38.652[39m | [1m[37m      INFO      [39m[49m[0m | bittensor:utils.py:9 | UID:43 | Block:4787427 | Consensus:0.0 | Stake:0.0 | Trust:0.0 | Incentive:0.0 | Emission:0.0
[34m2025-01-26 06:40:50.648[39m | [1m[37m      INFO      [39m[49m[0m | bittensor:utils.py:9 | UID:43 | Block:4787428 | Consensus:0.0 | Stake:0.0 | Trust:0.0 | Incentive:0.0 | Emission:0.0
[34m2025-01-26 06:41:02.538[39m | [1m[37m      INFO      [39m[49m[0m | bittensor:utils.py:9 | UID:43 | Block:4787429 | Consensus:0.0 | Stake:0.0 | Trust:0.0 | Incentive:0.0 | Emission:0.0
[34m2025-01-26 06:41:14.510[39m | [1m[37m      INFO      [39m[49m[0m | bittensor:utils.py:9 | UID:43 | Block:4787430 | Consensus:0.0 | Stake:0.0 | Trust:0.0 | Incentive:0.0 | Emission:0.0
[34m2025-01-26 06:41:26.634[39m | [1m[37m      INFO      [39m[49m[0m | bittensor:utils.py:9 | UID:43 | Block:4787431 | Consensus:0.0 | Stake:0.0 | Trust:0.0 | Incentive:0.0 | Emission:0.0
[34m2025-01-26 06:41:38.280[39m | [1m[37m      INFO      [39m[49m[0m | bittensor:utils.py:9 | UID:43 | Block:4787432 | Consensus:0.0 | Stake:0.0 | Trust:0.0 | Incentive:0.0 | Emission:0.0
[34m2025-01-26 06:41:50.493[39m | [1m[37m      INFO      [39m[49m[0m | bittensor:utils.py:9 | UID:43 | Block:4787433 | Consensus:0.0 | Stake:0.0 | Trust:0.0 | Incentive:0.0 | Emission:0.0
[34m2025-01-26 06:42:02.553[39m | [1m[37m      INFO      [39m[49m[0m | bittensor:utils.py:9 | UID:43 | Block:4787434 | Consensus:0.0 | Stake:0.0 | Trust:0.0 | Incentive:0.0 | Emission:0.0
[34m2025-01-26 06:42:14.871[39m | [1m[37m      INFO      [39m[49m[0m | bittensor:utils.py:9 | UID:43 | Block:4787435 | Consensus:0.0 | Stake:0.0 | Trust:0.0 | Incentive:0.0 | Emission:0.0
[34m2025-01-26 06:42:26.406[39m | [1m[37m      INFO      [39m[49m[0m | bittensor:utils.py:9 | UID:43 | Block:4787436 | Consensus:0.0 | Stake:0.0 | Trust:0.0 | Incentive:0.0 | Emission:0.0
[34m2025-01-26 06:42:38.548[39m | [1m[37m      INFO      [39m[49m[0m | bittensor:utils.py:9 | UID:43 | Block:4787437 | Consensus:0.0 | Stake:0.0 | Trust:0.0 | Incentive:0.0 | Emission:0.0
[34m2025-01-26 06:42:50.355[39m | [1m[37m      INFO      [39m[49m[0m | bittensor:utils.py:9 | UID:43 | Block:4787438 | Consensus:0.0 | Stake:0.0 | Trust:0.0 | Incentive:0.0 | Emission:0.0
[34m2025-01-26 06:43:02.592[39m | [1m[37m      INFO      [39m[49m[0m | bittensor:utils.py:9 | UID:43 | Block:4787439 | Consensus:0.0 | Stake:0.0 | Trust:0.0 | Incentive:0.0 | Emission:0.0
[34m2025-01-26 06:43:14.218[39m | [1m[37m      INFO      [39m[49m[0m | bittensor:utils.py:9 | UID:43 | Block:4787440 | Consensus:0.0 | Stake:0.0 | Trust:0.0 | Incentive:0.0 | Emission:0.0
[34m2025-01-26 06:43:26.559[39m | [1m[37m      INFO      [39m[49m[0m | bittensor:utils.py:9 | UID:43 | Block:4787441 | Consensus:0.0 | Stake:0.0 | Trust:0.0 | Incentive:0.0 | Emission:0.0
[34m2025-01-26 06:43:38.381[39m | [1m[37m      INFO      [39m[49m[0m | bittensor:utils.py:9 | UID:43 | Block:4787442 | Consensus:0.0 | Stake:0.0 | Trust:0.0 | Incentive:0.0 | Emission:0.0
[34m2025-01-26 06:43:50.418[39m | [1m[37m      INFO      [39m[49m[0m | bittensor:utils.py:9 | UID:43 | Block:4787443 | Consensus:0.0 | Stake:0.0 | Trust:0.0 | Incentive:0.0 | Emission:0.0
[34m2025-01-26 06:44:02.186[39m | [1m[37m      INFO      [39m[49m[0m | bittensor:utils.py:9 | UID:43 | Block:4787444 | Consensus:0.0 | Stake:0.0 | Trust:0.0 | Incentive:0.0 | Emission:0.0
[34m2025-01-26 06:44:14.544[39m | [1m[37m      INFO      [39m[49m[0m | bittensor:utils.py:9 | UID:43 | Block:4787445 | Consensus:0.0 | Stake:0.0 | Trust:0.0 | Incentive:0.0 | Emission:0.0
[34m2025-01-26 06:44:26.281[39m | [1m[37m      INFO      [39m[49m[0m | bittensor:utils.py:9 | UID:43 | Block:4787446 | Consensus:0.0 | Stake:0.0 | Trust:0.0 | Incentive:0.0 | Emission:0.0
[34m2025-01-26 06:44:38.490[39m | [1m[37m      INFO      [39m[49m[0m | bittensor:utils.py:9 | UID:43 | Block:4787447 | Consensus:0.0 | Stake:0.0 | Trust:0.0 | Incentive:0.0 | Emission:0.0
[34m2025-01-26 06:44:50.655[39m | [1m[37m      INFO      [39m[49m[0m | bittensor:utils.py:9 | UID:43 | Block:4787448 | Consensus:0.0 | Stake:0.0 | Trust:0.0 | Incentive:0.0 | Emission:0.0
[34m2025-01-26 06:45:02.585[39m | [1m[37m      INFO      [39m[49m[0m | bittensor:utils.py:9 | UID:43 | Block:4787449 | Consensus:0.0 | Stake:0.0 | Trust:0.0 | Incentive:0.0 | Emission:0.0
[34m2025-01-26 06:45:14.256[39m | [1m[37m      INFO      [39m[49m[0m | bittensor:utils.py:9 | UID:43 | Block:4787450 | Consensus:0.0 | Stake:0.0 | Trust:0.0 | Incentive:0.0 | Emission:0.0
[34m2025-01-26 06:45:26.616[39m | [1m[37m      INFO      [39m[49m[0m | bittensor:utils.py:9 | UID:43 | Block:4787451 | Consensus:0.0 | Stake:0.0 | Trust:0.0 | Incentive:0.0 | Emission:0.0
[34m2025-01-26 06:45:38.349[39m | [1m[37m      INFO      [39m[49m[0m | bittensor:utils.py:9 | UID:43 | Block:4787452 | Consensus:0.0 | Stake:0.0 | Trust:0.0 | Incentive:0.0 | Emission:0.0
[34m2025-01-26 06:45:50.642[39m | [1m[37m      INFO      [39m[49m[0m | bittensor:utils.py:9 | UID:43 | Block:4787453 | Consensus:0.0 | Stake:0.0 | Trust:0.0 | Incentive:0.0 | Emission:0.0
[34m2025-01-26 06:46:02.675[39m | [1m[37m      INFO      [39m[49m[0m | bittensor:utils.py:9 | UID:43 | Block:4787454 | Consensus:0.0 | Stake:0.0 | Trust:0.0 | Incentive:0.0 | Emission:0.0
[34m2025-01-26 06:46:14.665[39m | [1m[37m      INFO      [39m[49m[0m | bittensor:utils.py:9 | UID:43 | Block:4787455 | Consensus:0.0 | Stake:0.0 | Trust:0.0 | Incentive:0.0 | Emission:0.0
[34m2025-01-26 06:46:26.393[39m | [1m[37m      INFO      [39m[49m[0m | bittensor:utils.py:9 | UID:43 | Block:4787456 | Consensus:0.0 | Stake:0.0 | Trust:0.0 | Incentive:0.0 | Emission:0.0
[34m2025-01-26 06:46:38.595[39m | [1m[37m      INFO      [39m[49m[0m | bittensor:utils.py:9 | UID:43 | Block:4787457 | Consensus:0.0 | Stake:0.0 | Trust:0.0 | Incentive:0.0 | Emission:0.0
[34m2025-01-26 06:46:50.536[39m | [1m[37m      INFO      [39m[49m[0m | bittensor:utils.py:9 | UID:43 | Block:4787458 | Consensus:0.0 | Stake:0.0 | Trust:0.0 | Incentive:0.0 | Emission:0.0
[34m2025-01-26 06:47:02.261[39m | [1m[37m      INFO      [39m[49m[0m | bittensor:utils.py:9 | UID:43 | Block:4787459 | Consensus:0.0 | Stake:0.0 | Trust:0.0 | Incentive:0.0 | Emission:0.0
[34m2025-01-26 06:47:14.229[39m | [1m[37m      INFO      [39m[49m[0m | bittensor:utils.py:9 | UID:43 | Block:4787460 | Consensus:0.0 | Stake:0.0 | Trust:0.0 | Incentive:0.0 | Emission:0.0
[34m2025-01-26 06:47:26.586[39m | [1m[37m      INFO      [39m[49m[0m | bittensor:utils.py:9 | UID:43 | Block:4787461 | Consensus:0.0 | Stake:0.0 | Trust:0.0 | Incentive:0.0 | Emission:0.0
[34m2025-01-26 06:47:38.468[39m | [1m[37m      INFO      [39m[49m[0m | bittensor:utils.py:9 | UID:43 | Block:4787462 | Consensus:0.0 | Stake:0.0 | Trust:0.0 | Incentive:0.0 | Emission:0.0
[34m2025-01-26 06:47:50.369[39m | [1m[37m      INFO      [39m[49m[0m | bittensor:utils.py:9 | UID:43 | Block:4787463 | Consensus:0.0 | Stake:0.0 | Trust:0.0 | Incentive:0.0 | Emission:0.0
[34m2025-01-26 06:48:02.397[39m | [1m[37m      INFO      [39m[49m[0m | bittensor:utils.py:9 | UID:43 | Block:4787464 | Consensus:0.0 | Stake:0.0 | Trust:0.0 | Incentive:0.0 | Emission:0.0
[34m2025-01-26 06:48:14.342[39m | [1m[37m      INFO      [39m[49m[0m | bittensor:utils.py:9 | UID:43 | Block:4787465 | Consensus:0.0 | Stake:0.0 | Trust:0.0 | Incentive:0.0 | Emission:0.0
[34m2025-01-26 06:48:26.134[39m | [1m[37m      INFO      [39m[49m[0m | bittensor:utils.py:9 | UID:43 | Block:4787466 | Consensus:0.0 | Stake:0.0 | Trust:0.0 | Incentive:0.0 | Emission:0.0
[34m2025-01-26 06:48:38.732[39m | [1m[37m      INFO      [39m[49m[0m | bittensor:utils.py:9 | UID:43 | Block:4787467 | Consensus:0.0 | Stake:0.0 | Trust:0.0 | Incentive:0.0 | Emission:0.0
[34m2025-01-26 06:48:50.379[39m | [1m[37m      INFO      [39m[49m[0m | bittensor:utils.py:9 | UID:43 | Block:4787468 | Consensus:0.0 | Stake:0.0 | Trust:0.0 | Incentive:0.0 | Emission:0.0
[34m2025-01-26 06:49:02.425[39m | [1m[37m      INFO      [39m[49m[0m | bittensor:utils.py:9 | UID:43 | Block:4787469 | Consensus:0.0 | Stake:0.0 | Trust:0.0 | Incentive:0.0 | Emission:0.0
[34m2025-01-26 06:49:14.405[39m | [1m[37m      INFO      [39m[49m[0m | bittensor:utils.py:9 | UID:43 | Block:4787470 | Consensus:0.0 | Stake:0.0 | Trust:0.0 | Incentive:0.0 | Emission:0.0
[34m2025-01-26 06:49:26.443[39m | [1m[37m      INFO      [39m[49m[0m | bittensor:utils.py:9 | UID:43 | Block:4787471 | Consensus:0.0 | Stake:0.0 | Trust:0.0 | Incentive:0.0 | Emission:0.0
[34m2025-01-26 06:49:38.426[39m | [1m[37m      INFO      [39m[49m[0m | bittensor:utils.py:9 | UID:43 | Block:4787472 | Consensus:0.0 | Stake:0.0 | Trust:0.0 | Incentive:0.0 | Emission:0.0
[34m2025-01-26 06:49:50.508[39m | [1m[37m      INFO      [39m[49m[0m | bittensor:utils.py:9 | UID:43 | Block:4787473 | Consensus:0.0 | Stake:0.0 | Trust:0.0 | Incentive:0.0 | Emission:0.0
[34m2025-01-26 06:50:02.540[39m | [1m[37m      INFO      [39m[49m[0m | bittensor:utils.py:9 | UID:43 | Block:4787474 | Consensus:0.0 | Stake:0.0 | Trust:0.0 | Incentive:0.0 | Emission:0.0
[34m2025-01-26 06:50:14.635[39m | [1m[37m      INFO      [39m[49m[0m | bittensor:utils.py:9 | UID:43 | Block:4787475 | Consensus:0.0 | Stake:0.0 | Trust:0.0 | Incentive:0.0 | Emission:0.0
[34m2025-01-26 06:50:26.492[39m | [1m[37m      INFO      [39m[49m[0m | bittensor:utils.py:9 | UID:43 | Block:4787476 | Consensus:0.0 | Stake:0.0 | Trust:0.0 | Incentive:0.0 | Emission:0.0
[34m2025-01-26 06:50:38.601[39m | [1m[37m      INFO      [39m[49m[0m | bittensor:utils.py:9 | UID:43 | Block:4787477 | Consensus:0.0 | Stake:0.0 | Trust:0.0 | Incentive:0.0 | Emission:0.0
[34m2025-01-26 06:50:50.591[39m | [1m[37m      INFO      [39m[49m[0m | bittensor:utils.py:9 | UID:43 | Block:4787478 | Consensus:0.0 | Stake:0.0 | Trust:0.0 | Incentive:0.0 | Emission:0.0
[34m2025-01-26 06:51:02.611[39m | [1m[37m      INFO      [39m[49m[0m | bittensor:utils.py:9 | UID:43 | Block:4787479 | Consensus:0.0 | Stake:0.0 | Trust:0.0 | Incentive:0.0 | Emission:0.0
[34m2025-01-26 06:51:14.342[39m | [1m[37m      INFO      [39m[49m[0m | bittensor:utils.py:9 | UID:43 | Block:4787480 | Consensus:0.0 | Stake:0.0 | Trust:0.0 | Incentive:0.0 | Emission:0.0
[34m2025-01-26 06:51:26.571[39m | [1m[37m      INFO      [39m[49m[0m | bittensor:utils.py:9 | UID:43 | Block:4787481 | Consensus:0.0 | Stake:0.0 | Trust:0.0 | Incentive:0.0 | Emission:0.0
[34m2025-01-26 06:51:38.186[39m | [1m[37m      INFO      [39m[49m[0m | bittensor:utils.py:9 | UID:43 | Block:4787482 | Consensus:0.0 | Stake:0.0 | Trust:0.0 | Incentive:0.0 | Emission:0.0
[34m2025-01-26 06:51:50.256[39m | [1m[37m      INFO      [39m[49m[0m | bittensor:utils.py:9 | UID:43 | Block:4787483 | Consensus:0.0 | Stake:0.0 | Trust:0.0 | Incentive:0.0 | Emission:0.0
[34m2025-01-26 06:52:02.502[39m | [1m[37m      INFO      [39m[49m[0m | bittensor:utils.py:9 | UID:43 | Block:4787484 | Consensus:0.0 | Stake:0.0 | Trust:0.0 | Incentive:0.0 | Emission:0.0
[34m2025-01-26 06:52:14.572[39m | [1m[37m      INFO      [39m[49m[0m | bittensor:utils.py:9 | UID:43 | Block:4787485 | Consensus:0.0 | Stake:0.0 | Trust:0.0 | Incentive:0.0 | Emission:0.0
[34m2025-01-26 06:52:26.041[39m | [1m[37m      INFO      [39m[49m[0m | bittensor:utils.py:9 | UID:43 | Block:4787486 | Consensus:0.0 | Stake:0.0 | Trust:0.0 | Incentive:0.0 | Emission:0.0
[34m2025-01-26 06:52:38.604[39m | [1m[37m      INFO      [39m[49m[0m | bittensor:utils.py:9 | UID:43 | Block:4787487 | Consensus:0.0 | Stake:0.0 | Trust:0.0 | Incentive:0.0 | Emission:0.0
[34m2025-01-26 06:52:50.257[39m | [1m[37m      INFO      [39m[49m[0m | bittensor:utils.py:9 | UID:43 | Block:4787488 | Consensus:0.0 | Stake:0.0 | Trust:0.0 | Incentive:0.0 | Emission:0.0
[34m2025-01-26 06:53:02.317[39m | [1m[37m      INFO      [39m[49m[0m | bittensor:utils.py:9 | UID:43 | Block:4787489 | Consensus:0.0 | Stake:0.0 | Trust:0.0 | Incentive:0.0 | Emission:0.0
[34m2025-01-26 06:53:14.409[39m | [1m[37m      INFO      [39m[49m[0m | bittensor:utils.py:9 | UID:43 | Block:4787490 | Consensus:0.0 | Stake:0.0 | Trust:0.0 | Incentive:0.0 | Emission:0.0
[34m2025-01-26 06:53:26.646[39m | [1m[37m      INFO      [39m[49m[0m | bittensor:utils.py:9 | UID:43 | Block:4787491 | Consensus:0.0 | Stake:0.0 | Trust:0.0 | Incentive:0.0 | Emission:0.0
[34m2025-01-26 06:53:38.233[39m | [1m[37m      INFO      [39m[49m[0m | bittensor:utils.py:9 | UID:43 | Block:4787492 | Consensus:0.0 | Stake:0.0 | Trust:0.0 | Incentive:0.0 | Emission:0.0
[34m2025-01-26 06:53:50.623[39m | [1m[37m      INFO      [39m[49m[0m | bittensor:utils.py:9 | UID:43 | Block:4787493 | Consensus:0.0 | Stake:0.0 | Trust:0.0 | Incentive:0.0 | Emission:0.0
[34m2025-01-26 06:54:02.312[39m | [1m[37m      INFO      [39m[49m[0m | bittensor:utils.py:9 | UID:43 | Block:4787494 | Consensus:0.0 | Stake:0.0 | Trust:0.0 | Incentive:0.0 | Emission:0.0
[34m2025-01-26 06:54:14.635[39m | [1m[37m      INFO      [39m[49m[0m | bittensor:utils.py:9 | UID:43 | Block:4787495 | Consensus:0.0 | Stake:0.0 | Trust:0.0 | Incentive:0.0 | Emission:0.0
[34m2025-01-26 06:54:26.433[39m | [1m[37m      INFO      [39m[49m[0m | bittensor:utils.py:9 | UID:43 | Block:4787496 | Consensus:0.0 | Stake:0.0 | Trust:0.0 | Incentive:0.0 | Emission:0.0
[34m2025-01-26 06:54:39.405[39m | [1m[37m      INFO      [39m[49m[0m | bittensor:utils.py:9 | UID:43 | Block:4787497 | Consensus:0.0 | Stake:0.0 | Trust:0.0 | Incentive:0.0 | Emission:0.0
[34m2025-01-26 06:54:50.144[39m | [1m[37m      INFO      [39m[49m[0m | bittensor:utils.py:9 | UID:43 | Block:4787498 | Consensus:0.0 | Stake:0.0 | Trust:0.0 | Incentive:0.0 | Emission:0.0
[34m2025-01-26 06:55:02.409[39m | [1m[37m      INFO      [39m[49m[0m | bittensor:utils.py:9 | UID:43 | Block:4787499 | Consensus:0.0 | Stake:0.0 | Trust:0.0 | Incentive:0.0 | Emission:0.0
[34m2025-01-26 06:55:14.516[39m | [1m[37m      INFO      [39m[49m[0m | bittensor:utils.py:9 | UID:43 | Block:4787500 | Consensus:0.0 | Stake:0.0 | Trust:0.0 | Incentive:0.0 | Emission:0.0
[34m2025-01-26 06:55:26.654[39m | [1m[37m      INFO      [39m[49m[0m | bittensor:utils.py:9 | UID:43 | Block:4787501 | Consensus:0.0 | Stake:0.0 | Trust:0.0 | Incentive:0.0 | Emission:0.0
[34m2025-01-26 06:55:38.386[39m | [1m[37m      INFO      [39m[49m[0m | bittensor:utils.py:9 | UID:43 | Block:4787502 | Consensus:0.0 | Stake:0.0 | Trust:0.0 | Incentive:0.0 | Emission:0.0
[34m2025-01-26 06:55:50.691[39m | [1m[37m      INFO      [39m[49m[0m | bittensor:utils.py:9 | UID:43 | Block:4787503 | Consensus:0.0 | Stake:0.0 | Trust:0.0 | Incentive:0.0 | Emission:0.0
[34m2025-01-26 06:56:02.454[39m | [1m[37m      INFO      [39m[49m[0m | bittensor:utils.py:9 | UID:43 | Block:4787504 | Consensus:0.0 | Stake:0.0 | Trust:0.0 | Incentive:0.0 | Emission:0.0
[34m2025-01-26 06:56:14.523[39m | [1m[37m      INFO      [39m[49m[0m | bittensor:utils.py:9 | UID:43 | Block:4787505 | Consensus:0.0 | Stake:0.0 | Trust:0.0 | Incentive:0.0 | Emission:0.0
[34m2025-01-26 06:56:26.159[39m | [1m[37m      INFO      [39m[49m[0m | bittensor:utils.py:9 | UID:43 | Block:4787506 | Consensus:0.0 | Stake:0.0 | Trust:0.0 | Incentive:0.0 | Emission:0.0
[34m2025-01-26 06:56:38.393[39m | [1m[37m      INFO      [39m[49m[0m | bittensor:utils.py:9 | UID:43 | Block:4787507 | Consensus:0.0 | Stake:0.0 | Trust:0.0 | Incentive:0.0 | Emission:0.0
[34m2025-01-26 06:56:50.519[39m | [1m[37m      INFO      [39m[49m[0m | bittensor:utils.py:9 | UID:43 | Block:4787508 | Consensus:0.0 | Stake:0.0 | Trust:0.0 | Incentive:0.0 | Emission:0.0
[34m2025-01-26 06:57:02.506[39m | [1m[37m      INFO      [39m[49m[0m | bittensor:utils.py:9 | UID:43 | Block:4787509 | Consensus:0.0 | Stake:0.0 | Trust:0.0 | Incentive:0.0 | Emission:0.0
[34m2025-01-26 06:57:14.355[39m | [1m[37m      INFO      [39m[49m[0m | bittensor:utils.py:9 | UID:43 | Block:4787510 | Consensus:0.0 | Stake:0.0 | Trust:0.0 | Incentive:0.0 | Emission:0.0
[34m2025-01-26 06:57:26.505[39m | [1m[37m      INFO      [39m[49m[0m | bittensor:utils.py:9 | UID:43 | Block:4787511 | Consensus:0.0 | Stake:0.0 | Trust:0.0 | Incentive:0.0 | Emission:0.0
[34m2025-01-26 06:57:38.343[39m | [1m[37m      INFO      [39m[49m[0m | bittensor:utils.py:9 | UID:43 | Block:4787512 | Consensus:0.0 | Stake:0.0 | Trust:0.0 | Incentive:0.0 | Emission:0.0
[34m2025-01-26 06:57:50.653[39m | [1m[37m      INFO      [39m[49m[0m | bittensor:utils.py:9 | UID:43 | Block:4787513 | Consensus:0.0 | Stake:0.0 | Trust:0.0 | Incentive:0.0 | Emission:0.0
[34m2025-01-26 06:58:02.498[39m | [1m[37m      INFO      [39m[49m[0m | bittensor:utils.py:9 | UID:43 | Block:4787514 | Consensus:0.0 | Stake:0.0 | Trust:0.0 | Incentive:0.0 | Emission:0.0
[34m2025-01-26 06:58:14.506[39m | [1m[37m      INFO      [39m[49m[0m | bittensor:utils.py:9 | UID:43 | Block:4787515 | Consensus:0.0 | Stake:0.0 | Trust:0.0 | Incentive:0.0 | Emission:0.0
[34m2025-01-26 06:58:26.516[39m | [1m[37m      INFO      [39m[49m[0m | bittensor:utils.py:9 | UID:43 | Block:4787516 | Consensus:0.0 | Stake:0.0 | Trust:0.0 | Incentive:0.0 | Emission:0.0
[34m2025-01-26 06:58:38.674[39m | [1m[37m      INFO      [39m[49m[0m | bittensor:utils.py:9 | UID:43 | Block:4787517 | Consensus:0.0 | Stake:0.0 | Trust:0.0 | Incentive:0.0 | Emission:0.0
[34m2025-01-26 06:58:50.939[39m | [1m[37m      INFO      [39m[49m[0m | bittensor:utils.py:9 | UID:43 | Block:4787518 | Consensus:0.0 | Stake:0.0 | Trust:0.0 | Incentive:0.0 | Emission:0.0
[34m2025-01-26 06:59:02.278[39m | [1m[37m      INFO      [39m[49m[0m | bittensor:utils.py:9 | UID:43 | Block:4787519 | Consensus:0.0 | Stake:0.0 | Trust:0.0 | Incentive:0.0 | Emission:0.0
[34m2025-01-26 06:59:14.330[39m | [1m[37m      INFO      [39m[49m[0m | bittensor:utils.py:9 | UID:43 | Block:4787520 | Consensus:0.0 | Stake:0.0 | Trust:0.0 | Incentive:0.0 | Emission:0.0
[34m2025-01-26 06:59:26.737[39m | [1m[37m      INFO      [39m[49m[0m | bittensor:utils.py:9 | UID:43 | Block:4787521 | Consensus:0.0 | Stake:0.0 | Trust:0.0 | Incentive:0.0 | Emission:0.0
[34m2025-01-26 06:59:39.185[39m | [1m[37m      INFO      [39m[49m[0m | bittensor:utils.py:9 | UID:43 | Block:4787522 | Consensus:0.0 | Stake:0.0 | Trust:0.0 | Incentive:0.0 | Emission:0.0
[34m2025-01-26 06:59:51.290[39m | [1m[37m      INFO      [39m[49m[0m | bittensor:utils.py:9 | UID:43 | Block:4787523 | Consensus:0.0 | Stake:0.0 | Trust:0.0 | Incentive:0.0 | Emission:0.0
[34m2025-01-26 07:00:03.620[39m | [1m[37m      INFO      [39m[49m[0m | bittensor:utils.py:9 | UID:43 | Block:4787524 | Consensus:0.0 | Stake:0.0 | Trust:0.0 | Incentive:0.0 | Emission:0.0
[34m2025-01-26 07:00:14.739[39m | [1m[37m      INFO      [39m[49m[0m | bittensor:utils.py:9 | UID:43 | Block:4787525 | Consensus:0.0 | Stake:0.0 | Trust:0.0 | Incentive:0.0 | Emission:0.0
[34m2025-01-26 07:00:26.374[39m | [1m[37m      INFO      [39m[49m[0m | bittensor:utils.py:9 | UID:43 | Block:4787526 | Consensus:0.0 | Stake:0.0 | Trust:0.0 | Incentive:0.0 | Emission:0.0
[34m2025-01-26 07:00:39.682[39m | [1m[37m      INFO      [39m[49m[0m | bittensor:utils.py:9 | UID:43 | Block:4787527 | Consensus:0.0 | Stake:0.0 | Trust:0.0 | Incentive:0.0 | Emission:0.0
[34m2025-01-26 07:00:51.293[39m | [1m[37m      INFO      [39m[49m[0m | bittensor:utils.py:9 | UID:43 | Block:4787528 | Consensus:0.0 | Stake:0.0 | Trust:0.0 | Incentive:0.0 | Emission:0.0
[34m2025-01-26 07:01:03.033[39m | [1m[37m      INFO      [39m[49m[0m | bittensor:utils.py:9 | UID:43 | Block:4787529 | Consensus:0.0 | Stake:0.0 | Trust:0.0 | Incentive:0.0 | Emission:0.0
[34m2025-01-26 07:01:14.640[39m | [1m[37m      INFO      [39m[49m[0m | bittensor:utils.py:9 | UID:43 | Block:4787530 | Consensus:0.0 | Stake:0.0 | Trust:0.0 | Incentive:0.0 | Emission:0.0
[34m2025-01-26 07:01:27.333[39m | [1m[37m      INFO      [39m[49m[0m | bittensor:utils.py:9 | UID:43 | Block:4787531 | Consensus:0.0 | Stake:0.0 | Trust:0.0 | Incentive:0.0 | Emission:0.0
[34m2025-01-26 07:01:39.399[39m | [1m[37m      INFO      [39m[49m[0m | bittensor:utils.py:9 | UID:43 | Block:4787532 | Consensus:0.0 | Stake:0.0 | Trust:0.0 | Incentive:0.0 | Emission:0.0
[34m2025-01-26 07:01:51.356[39m | [1m[37m      INFO      [39m[49m[0m | bittensor:utils.py:9 | UID:43 | Block:4787533 | Consensus:0.0 | Stake:0.0 | Trust:0.0 | Incentive:0.0 | Emission:0.0
[34m2025-01-26 07:02:03.728[39m | [1m[37m      INFO      [39m[49m[0m | bittensor:utils.py:9 | UID:43 | Block:4787534 | Consensus:0.0 | Stake:0.0 | Trust:0.0 | Incentive:0.0 | Emission:0.0
[34m2025-01-26 07:02:15.651[39m | [1m[37m      INFO      [39m[49m[0m | bittensor:utils.py:9 | UID:43 | Block:4787535 | Consensus:0.0 | Stake:0.0 | Trust:0.0 | Incentive:0.0 | Emission:0.0
[34m2025-01-26 07:02:26.857[39m | [1m[37m      INFO      [39m[49m[0m | bittensor:utils.py:9 | UID:43 | Block:4787536 | Consensus:0.0 | Stake:0.0 | Trust:0.0 | Incentive:0.0 | Emission:0.0
[34m2025-01-26 07:02:39.060[39m | [1m[37m      INFO      [39m[49m[0m | bittensor:utils.py:9 | UID:43 | Block:4787537 | Consensus:0.0 | Stake:0.0 | Trust:0.0 | Incentive:0.0 | Emission:0.0
[34m2025-01-26 07:02:50.737[39m | [1m[37m      INFO      [39m[49m[0m | bittensor:utils.py:9 | UID:43 | Block:4787538 | Consensus:0.0 | Stake:0.0 | Trust:0.0 | Incentive:0.0 | Emission:0.0
[34m2025-01-26 07:03:03.722[39m | [1m[37m      INFO      [39m[49m[0m | bittensor:utils.py:9 | UID:43 | Block:4787539 | Consensus:0.0 | Stake:0.0 | Trust:0.0 | Incentive:0.0 | Emission:0.0
[34m2025-01-26 07:03:16.068[39m | [1m[37m      INFO      [39m[49m[0m | bittensor:utils.py:9 | UID:43 | Block:4787540 | Consensus:0.0 | Stake:0.0 | Trust:0.0 | Incentive:0.0 | Emission:0.0
[34m2025-01-26 07:03:27.940[39m | [1m[37m      INFO      [39m[49m[0m | bittensor:utils.py:9 | UID:43 | Block:4787541 | Consensus:0.0 | Stake:0.0 | Trust:0.0 | Incentive:0.0 | Emission:0.0
[34m2025-01-26 07:03:38.699[39m | [1m[37m      INFO      [39m[49m[0m | bittensor:utils.py:9 | UID:43 | Block:4787542 | Consensus:0.0 | Stake:0.0 | Trust:0.0 | Incentive:0.0 | Emission:0.0
INFO:     127.0.0.1:62010 - "POST /v1/chat/completions HTTP/1.1" 400 Bad Request
[34m2025-01-26 07:03:51.302[39m | [1m[37m      INFO      [39m[49m[0m | bittensor:utils.py:9 | UID:43 | Block:4787543 | Consensus:0.0 | Stake:0.0 | Trust:0.0 | Incentive:0.0 | Emission:0.0
INFO:     127.0.0.1:62029 - "POST /v1/chat/completions_test HTTP/1.1" 404 Not Found
[34m2025-01-26 07:04:02.689[39m | [1m[37m      INFO      [39m[49m[0m | bittensor:utils.py:9 | UID:43 | Block:4787544 | Consensus:0.0 | Stake:0.0 | Trust:0.0 | Incentive:0.0 | Emission:0.0
[34m2025-01-26 07:04:14.860[39m | [1m[37m      INFO      [39m[49m[0m | bittensor:utils.py:9 | UID:43 | Block:4787545 | Consensus:0.0 | Stake:0.0 | Trust:0.0 | Incentive:0.0 | Emission:0.0
[34m2025-01-26 07:04:28.699[39m | [1m[37m      INFO      [39m[49m[0m | bittensor:utils.py:9 | UID:43 | Block:4787546 | Consensus:0.0 | Stake:0.0 | Trust:0.0 | Incentive:0.0 | Emission:0.0
[34m2025-01-26 07:04:39.690[39m | [1m[37m      INFO      [39m[49m[0m | bittensor:utils.py:9 | UID:43 | Block:4787547 | Consensus:0.0 | Stake:0.0 | Trust:0.0 | Incentive:0.0 | Emission:0.0
INFO:     127.0.0.1:62138 - "POST /v1/chat/completions_test HTTP/1.1" 404 Not Found
[34m2025-01-26 07:04:51.573[39m | [1m[37m      INFO      [39m[49m[0m | bittensor:utils.py:9 | UID:43 | Block:4787548 | Consensus:0.0 | Stake:0.0 | Trust:0.0 | Incentive:0.0 | Emission:0.0
[34m2025-01-26 07:05:03.557[39m | [1m[37m      INFO      [39m[49m[0m | bittensor:utils.py:9 | UID:43 | Block:4787549 | Consensus:0.0 | Stake:0.0 | Trust:0.0 | Incentive:0.0 | Emission:0.0
[34m2025-01-26 07:05:15.726[39m | [1m[37m      INFO      [39m[49m[0m | bittensor:utils.py:9 | UID:43 | Block:4787550 | Consensus:0.0 | Stake:0.0 | Trust:0.0 | Incentive:0.0 | Emission:0.0
[34m2025-01-26 07:05:27.944[39m | [1m[37m      INFO      [39m[49m[0m | bittensor:utils.py:9 | UID:43 | Block:4787551 | Consensus:0.0 | Stake:0.0 | Trust:0.0 | Incentive:0.0 | Emission:0.0
[34m2025-01-26 07:05:39.548[39m | [1m[37m      INFO      [39m[49m[0m | bittensor:utils.py:9 | UID:43 | Block:4787552 | Consensus:0.0 | Stake:0.0 | Trust:0.0 | Incentive:0.0 | Emission:0.0
[34m2025-01-26 07:05:51.024[39m | [1m[37m      INFO      [39m[49m[0m | bittensor:utils.py:9 | UID:43 | Block:4787553 | Consensus:0.0 | Stake:0.0 | Trust:0.0 | Incentive:0.0 | Emission:0.0
[34m2025-01-26 07:05:53.156[39m | [1m[37m      INFO      [39m[49m[0m | bittensor:loggingmachine.py:439 | Debug enabled.
[34m2025-01-26 07:05:53.861[39m | [1m[37m      INFO      [39m[49m[0m | bittensor:base.py:67 | Targon version 404020
[34m2025-01-26 07:05:53.863[39m | [1m[37m      INFO      [39m[49m[0m | bittensor:config.py:51 | Logging path: /Users/tutu/Documents/Github/targon/logs/default/default/netuid40/targon
[34m2025-01-26 07:05:53.863[39m | [1m[37m      INFO      [39m[49m[0m | bittensor:loggingmachine.py:426 | Enabling debug.
[34m2025-01-26 07:05:53.864[39m | [1m[37m      INFO      [39m[49m[0m | bittensor:loggingmachine.py:439 | Debug enabled.
[34m2025-01-26 07:05:53.864[39m | [1m[37m      INFO      [39m[49m[0m | bittensor:loggingmachine.py:390 | Enabling info logging.
[34m2025-01-26 07:05:53.865[39m | [1m[37m      INFO      [39m[49m[0m | bittensor:loggingmachine.py:399 | Info enabled.
[34m2025-01-26 07:05:53.865[39m | [1m[37m      INFO      [39m[49m[0m | bittensor:loggingmachine.py:426 | Enabling debug.
[34m2025-01-26 07:05:53.866[39m | [1m[37m      INFO      [39m[49m[0m | bittensor:loggingmachine.py:439 | Debug enabled.
[34m2025-01-26 07:06:02.590[39m | [1m[34m     DEBUG      [39m[49m[0m | bittensor:base.py:109 | Wallet: Wallet (Name: 'default', Hotkey: 'default', Path: '~/.bittensor/wallets/')
[34m2025-01-26 07:06:02.590[39m | [1m[34m     DEBUG      [39m[49m[0m | bittensor:base.py:110 | Subtensor: subtensor(test, wss://test.finney.opentensor.ai:443)
[34m2025-01-26 07:06:02.590[39m | [1m[34m     DEBUG      [39m[49m[0m | bittensor:base.py:111 | Metagraph: metagraph(netuid:40, n:44, block:3756061, network:test)
[34m2025-01-26 07:06:05.465[39m | [1m[37m      INFO      [39m[49m[0m | bittensor:metagraph.py:114 | Block subscription started in background thread.
[34m2025-01-26 07:06:05.467[39m | [1m[37m      INFO      [39m[49m[0m | bittensor:loggingmachine.py:390 | Enabling info logging.
[34m2025-01-26 07:06:05.471[39m | [1m[37m      INFO      [39m[49m[0m | bittensor:loggingmachine.py:399 | Info enabled.
[34m2025-01-26 07:06:05.472[39m | [1m[37m      INFO      [39m[49m[0m | bittensor:miner.py:46 | Successfully Initialized! - 😁
[34m2025-01-26 07:06:05.472[39m | [1m[37m      INFO      [39m[49m[0m | bittensor:miner.py:49 | http://64.21.190.93:3000/v1
[34m2025-01-26 07:06:05.774[39m | [1m[37m      INFO      [39m[49m[0m | bittensor:miner.py:239 | Miner starting at block: 3756061
INFO:     127.0.0.1:62168 - "GET /models HTTP/1.1" 400 Bad Request
INFO:     127.0.0.1:62170 - "GET /test/models HTTP/1.1" 404 Not Found
INFO:     127.0.0.1:62170 - "GET /test/models HTTP/1.1" 404 Not Found
[34m2025-01-26 07:06:16.907[39m | [1m[37m      INFO      [39m[49m[0m | bittensor:utils.py:9 | UID:43 | Block:4787555 | Consensus:0.0 | Stake:0.0 | Trust:0.0 | Incentive:0.0 | Emission:0.0
[34m2025-01-26 07:06:26.071[39m | [1m[37m      INFO      [39m[49m[0m | bittensor:miner.py:56 | Getting Chat Completion request from ! - ✓
[34m2025-01-26 07:06:26.071[39m | [1m[37m      INFO      [39m[49m[0m | bittensor:miner.py:63 | <coroutine object Request.body at 0x16971bc30>
[34m2025-01-26 07:06:29.161[39m | [1m[37m      INFO      [39m[49m[0m | bittensor:utils.py:9 | UID:43 | Block:4787556 | Consensus:0.0 | Stake:0.0 | Trust:0.0 | Incentive:0.0 | Emission:0.0
INFO:     127.0.0.1:62182 - "POST /v1/chat/completions_test HTTP/1.1" 500 Internal Server Error
[34m2025-01-26 07:06:40.786[39m | [1m[37m      INFO      [39m[49m[0m | bittensor:utils.py:9 | UID:43 | Block:4787557 | Consensus:0.0 | Stake:0.0 | Trust:0.0 | Incentive:0.0 | Emission:0.0
[34m2025-01-26 07:06:51.540[39m | [1m[37m      INFO      [39m[49m[0m | bittensor:utils.py:9 | UID:43 | Block:4787558 | Consensus:0.0 | Stake:0.0 | Trust:0.0 | Incentive:0.0 | Emission:0.0
[34m2025-01-26 07:07:04.102[39m | [1m[37m      INFO      [39m[49m[0m | bittensor:utils.py:9 | UID:43 | Block:4787559 | Consensus:0.0 | Stake:0.0 | Trust:0.0 | Incentive:0.0 | Emission:0.0
[34m2025-01-26 07:07:17.080[39m | [1m[37m      INFO      [39m[49m[0m | bittensor:utils.py:9 | UID:43 | Block:4787560 | Consensus:0.0 | Stake:0.0 | Trust:0.0 | Incentive:0.0 | Emission:0.0
[34m2025-01-26 07:07:29.204[39m | [1m[37m      INFO      [39m[49m[0m | bittensor:utils.py:9 | UID:43 | Block:4787561 | Consensus:0.0 | Stake:0.0 | Trust:0.0 | Incentive:0.0 | Emission:0.0
[34m2025-01-26 07:07:39.191[39m | [1m[37m      INFO      [39m[49m[0m | bittensor:utils.py:9 | UID:43 | Block:4787562 | Consensus:0.0 | Stake:0.0 | Trust:0.0 | Incentive:0.0 | Emission:0.0
[34m2025-01-26 07:07:52.986[39m | [1m[37m      INFO      [39m[49m[0m | bittensor:utils.py:9 | UID:43 | Block:4787563 | Consensus:0.0 | Stake:0.0 | Trust:0.0 | Incentive:0.0 | Emission:0.0
[34m2025-01-26 07:08:04.207[39m | [1m[37m      INFO      [39m[49m[0m | bittensor:utils.py:9 | UID:43 | Block:4787564 | Consensus:0.0 | Stake:0.0 | Trust:0.0 | Incentive:0.0 | Emission:0.0
[34m2025-01-26 07:08:16.588[39m | [1m[37m      INFO      [39m[49m[0m | bittensor:utils.py:9 | UID:43 | Block:4787565 | Consensus:0.0 | Stake:0.0 | Trust:0.0 | Incentive:0.0 | Emission:0.0
INFO:     127.0.0.1:62392 - "GET /models HTTP/1.1" 400 Bad Request
[34m2025-01-26 07:08:27.527[39m | [1m[37m      INFO      [39m[49m[0m | bittensor:utils.py:9 | UID:43 | Block:4787566 | Consensus:0.0 | Stake:0.0 | Trust:0.0 | Incentive:0.0 | Emission:0.0
[34m2025-01-26 07:08:38.211[39m | [1m[37m      INFO      [39m[49m[0m | bittensor:loggingmachine.py:439 | Debug enabled.
[34m2025-01-26 07:08:38.867[39m | [1m[37m      INFO      [39m[49m[0m | bittensor:base.py:67 | Targon version 404020
[34m2025-01-26 07:08:38.868[39m | [1m[37m      INFO      [39m[49m[0m | bittensor:config.py:51 | Logging path: /Users/tutu/Documents/Github/targon/logs/default/default/netuid40/targon
[34m2025-01-26 07:08:38.869[39m | [1m[37m      INFO      [39m[49m[0m | bittensor:loggingmachine.py:426 | Enabling debug.
[34m2025-01-26 07:08:38.869[39m | [1m[37m      INFO      [39m[49m[0m | bittensor:loggingmachine.py:439 | Debug enabled.
[34m2025-01-26 07:08:38.869[39m | [1m[37m      INFO      [39m[49m[0m | bittensor:loggingmachine.py:390 | Enabling info logging.
[34m2025-01-26 07:08:38.870[39m | [1m[37m      INFO      [39m[49m[0m | bittensor:loggingmachine.py:399 | Info enabled.
[34m2025-01-26 07:08:38.870[39m | [1m[37m      INFO      [39m[49m[0m | bittensor:loggingmachine.py:426 | Enabling debug.
[34m2025-01-26 07:08:38.871[39m | [1m[37m      INFO      [39m[49m[0m | bittensor:loggingmachine.py:439 | Debug enabled.
[34m2025-01-26 07:08:50.061[39m | [1m[34m     DEBUG      [39m[49m[0m | bittensor:base.py:109 | Wallet: Wallet (Name: 'default', Hotkey: 'default', Path: '~/.bittensor/wallets/')
[34m2025-01-26 07:08:50.062[39m | [1m[34m     DEBUG      [39m[49m[0m | bittensor:base.py:110 | Subtensor: subtensor(test, wss://test.finney.opentensor.ai:443)
[34m2025-01-26 07:08:50.062[39m | [1m[34m     DEBUG      [39m[49m[0m | bittensor:base.py:111 | Metagraph: metagraph(netuid:40, n:44, block:3756075, network:test)
[34m2025-01-26 07:08:52.044[39m | [1m[37m      INFO      [39m[49m[0m | bittensor:metagraph.py:114 | Block subscription started in background thread.
[34m2025-01-26 07:08:52.046[39m | [1m[37m      INFO      [39m[49m[0m | bittensor:loggingmachine.py:390 | Enabling info logging.
[34m2025-01-26 07:08:52.049[39m | [1m[37m      INFO      [39m[49m[0m | bittensor:loggingmachine.py:399 | Info enabled.
[34m2025-01-26 07:08:52.049[39m | [1m[37m      INFO      [39m[49m[0m | bittensor:miner.py:46 | Successfully Initialized! - 😁
[34m2025-01-26 07:08:52.049[39m | [1m[37m      INFO      [39m[49m[0m | bittensor:miner.py:49 | http://64.21.190.93:3000/v1
[34m2025-01-26 07:08:52.315[39m | [1m[37m      INFO      [39m[49m[0m | bittensor:miner.py:240 | Miner starting at block: 3756075
[34m2025-01-26 07:08:58.769[39m | [1m[37m      INFO      [39m[49m[0m | bittensor:miner.py:56 | Getting Chat Completion request from ! - ✓
[34m2025-01-26 07:08:58.769[39m | [1m[37m      INFO      [39m[49m[0m | bittensor:miner.py:61 | b'{\n    "model": "chat-deepseek-r1-qwen-32b",\n    "messages": [{"role": "user", "content": "ping"}],\n    "temperature": 1,\n    "seed": 1,\n    "stream": true,\n    "logprobs": true,\n    "top_p": 1.0,\n    "top_k": 5,\n    "max_tokens": 512\n}'
INFO:     127.0.0.1:62443 - "POST /v1/chat/completions_test HTTP/1.1" 500 Internal Server Error
[34m2025-01-26 07:09:04.402[39m | [1m[37m      INFO      [39m[49m[0m | bittensor:utils.py:9 | UID:43 | Block:4787569 | Consensus:0.0 | Stake:0.0 | Trust:0.0 | Incentive:0.0 | Emission:0.0
[34m2025-01-26 07:09:17.208[39m | [1m[37m      INFO      [39m[49m[0m | bittensor:utils.py:9 | UID:43 | Block:4787570 | Consensus:0.0 | Stake:0.0 | Trust:0.0 | Incentive:0.0 | Emission:0.0
[34m2025-01-26 07:09:28.210[39m | [1m[37m      INFO      [39m[49m[0m | bittensor:utils.py:9 | UID:43 | Block:4787571 | Consensus:0.0 | Stake:0.0 | Trust:0.0 | Incentive:0.0 | Emission:0.0
[34m2025-01-26 07:09:40.870[39m | [1m[37m      INFO      [39m[49m[0m | bittensor:utils.py:9 | UID:43 | Block:4787572 | Consensus:0.0 | Stake:0.0 | Trust:0.0 | Incentive:0.0 | Emission:0.0
[34m2025-01-26 07:09:53.121[39m | [1m[37m      INFO      [39m[49m[0m | bittensor:utils.py:9 | UID:43 | Block:4787573 | Consensus:0.0 | Stake:0.0 | Trust:0.0 | Incentive:0.0 | Emission:0.0
[34m2025-01-26 07:10:04.375[39m | [1m[37m      INFO      [39m[49m[0m | bittensor:utils.py:9 | UID:43 | Block:4787574 | Consensus:0.0 | Stake:0.0 | Trust:0.0 | Incentive:0.0 | Emission:0.0
[34m2025-01-26 07:10:17.728[39m | [1m[37m      INFO      [39m[49m[0m | bittensor:utils.py:9 | UID:43 | Block:4787575 | Consensus:0.0 | Stake:0.0 | Trust:0.0 | Incentive:0.0 | Emission:0.0
[34m2025-01-26 07:10:28.566[39m | [1m[37m      INFO      [39m[49m[0m | bittensor:utils.py:9 | UID:43 | Block:4787576 | Consensus:0.0 | Stake:0.0 | Trust:0.0 | Incentive:0.0 | Emission:0.0
[34m2025-01-26 07:10:39.657[39m | [1m[37m      INFO      [39m[49m[0m | bittensor:utils.py:9 | UID:43 | Block:4787577 | Consensus:0.0 | Stake:0.0 | Trust:0.0 | Incentive:0.0 | Emission:0.0
[34m2025-01-26 07:10:52.744[39m | [1m[37m      INFO      [39m[49m[0m | bittensor:utils.py:9 | UID:43 | Block:4787578 | Consensus:0.0 | Stake:0.0 | Trust:0.0 | Incentive:0.0 | Emission:0.0
[34m2025-01-26 07:11:02.821[39m | [1m[37m      INFO      [39m[49m[0m | bittensor:utils.py:9 | UID:43 | Block:4787579 | Consensus:0.0 | Stake:0.0 | Trust:0.0 | Incentive:0.0 | Emission:0.0
[34m2025-01-26 07:11:15.229[39m | [1m[37m      INFO      [39m[49m[0m | bittensor:utils.py:9 | UID:43 | Block:4787580 | Consensus:0.0 | Stake:0.0 | Trust:0.0 | Incentive:0.0 | Emission:0.0
[34m2025-01-26 07:11:27.487[39m | [1m[37m      INFO      [39m[49m[0m | bittensor:utils.py:9 | UID:43 | Block:4787581 | Consensus:0.0 | Stake:0.0 | Trust:0.0 | Incentive:0.0 | Emission:0.0
[34m2025-01-26 07:11:39.406[39m | [1m[37m      INFO      [39m[49m[0m | bittensor:utils.py:9 | UID:43 | Block:4787582 | Consensus:0.0 | Stake:0.0 | Trust:0.0 | Incentive:0.0 | Emission:0.0
[34m2025-01-26 07:11:51.152[39m | [1m[37m      INFO      [39m[49m[0m | bittensor:utils.py:9 | UID:43 | Block:4787583 | Consensus:0.0 | Stake:0.0 | Trust:0.0 | Incentive:0.0 | Emission:0.0
[34m2025-01-26 07:12:03.297[39m | [1m[37m      INFO      [39m[49m[0m | bittensor:utils.py:9 | UID:43 | Block:4787584 | Consensus:0.0 | Stake:0.0 | Trust:0.0 | Incentive:0.0 | Emission:0.0
[34m2025-01-26 07:12:15.191[39m | [1m[37m      INFO      [39m[49m[0m | bittensor:utils.py:9 | UID:43 | Block:4787585 | Consensus:0.0 | Stake:0.0 | Trust:0.0 | Incentive:0.0 | Emission:0.0
[34m2025-01-26 07:12:27.201[39m | [1m[37m      INFO      [39m[49m[0m | bittensor:utils.py:9 | UID:43 | Block:4787586 | Consensus:0.0 | Stake:0.0 | Trust:0.0 | Incentive:0.0 | Emission:0.0
[34m2025-01-26 07:12:39.378[39m | [1m[37m      INFO      [39m[49m[0m | bittensor:utils.py:9 | UID:43 | Block:4787587 | Consensus:0.0 | Stake:0.0 | Trust:0.0 | Incentive:0.0 | Emission:0.0
[34m2025-01-26 07:12:50.955[39m | [1m[37m      INFO      [39m[49m[0m | bittensor:utils.py:9 | UID:43 | Block:4787588 | Consensus:0.0 | Stake:0.0 | Trust:0.0 | Incentive:0.0 | Emission:0.0
[34m2025-01-26 07:13:03.280[39m | [1m[37m      INFO      [39m[49m[0m | bittensor:utils.py:9 | UID:43 | Block:4787589 | Consensus:0.0 | Stake:0.0 | Trust:0.0 | Incentive:0.0 | Emission:0.0
[34m2025-01-26 07:13:15.657[39m | [1m[37m      INFO      [39m[49m[0m | bittensor:utils.py:9 | UID:43 | Block:4787590 | Consensus:0.0 | Stake:0.0 | Trust:0.0 | Incentive:0.0 | Emission:0.0
[34m2025-01-26 07:13:27.512[39m | [1m[37m      INFO      [39m[49m[0m | bittensor:utils.py:9 | UID:43 | Block:4787591 | Consensus:0.0 | Stake:0.0 | Trust:0.0 | Incentive:0.0 | Emission:0.0
[34m2025-01-26 07:13:39.257[39m | [1m[37m      INFO      [39m[49m[0m | bittensor:utils.py:9 | UID:43 | Block:4787592 | Consensus:0.0 | Stake:0.0 | Trust:0.0 | Incentive:0.0 | Emission:0.0
[34m2025-01-26 07:13:51.429[39m | [1m[37m      INFO      [39m[49m[0m | bittensor:utils.py:9 | UID:43 | Block:4787593 | Consensus:0.0 | Stake:0.0 | Trust:0.0 | Incentive:0.0 | Emission:0.0
[34m2025-01-26 07:14:03.014[39m | [1m[37m      INFO      [39m[49m[0m | bittensor:utils.py:9 | UID:43 | Block:4787594 | Consensus:0.0 | Stake:0.0 | Trust:0.0 | Incentive:0.0 | Emission:0.0
[34m2025-01-26 07:14:15.112[39m | [1m[37m      INFO      [39m[49m[0m | bittensor:utils.py:9 | UID:43 | Block:4787595 | Consensus:0.0 | Stake:0.0 | Trust:0.0 | Incentive:0.0 | Emission:0.0
[34m2025-01-26 07:14:27.285[39m | [1m[37m      INFO      [39m[49m[0m | bittensor:utils.py:9 | UID:43 | Block:4787596 | Consensus:0.0 | Stake:0.0 | Trust:0.0 | Incentive:0.0 | Emission:0.0
[34m2025-01-26 07:14:40.848[39m | [1m[37m      INFO      [39m[49m[0m | bittensor:utils.py:9 | UID:43 | Block:4787597 | Consensus:0.0 | Stake:0.0 | Trust:0.0 | Incentive:0.0 | Emission:0.0
[34m2025-01-26 07:14:51.133[39m | [1m[37m      INFO      [39m[49m[0m | bittensor:utils.py:9 | UID:43 | Block:4787598 | Consensus:0.0 | Stake:0.0 | Trust:0.0 | Incentive:0.0 | Emission:0.0
[34m2025-01-26 07:15:03.250[39m | [1m[37m      INFO      [39m[49m[0m | bittensor:utils.py:9 | UID:43 | Block:4787599 | Consensus:0.0 | Stake:0.0 | Trust:0.0 | Incentive:0.0 | Emission:0.0
[34m2025-01-26 07:15:16.129[39m | [1m[37m      INFO      [39m[49m[0m | bittensor:utils.py:9 | UID:43 | Block:4787600 | Consensus:0.0 | Stake:0.0 | Trust:0.0 | Incentive:0.0 | Emission:0.0
[34m2025-01-26 07:15:27.849[39m | [1m[37m      INFO      [39m[49m[0m | bittensor:utils.py:9 | UID:43 | Block:4787601 | Consensus:0.0 | Stake:0.0 | Trust:0.0 | Incentive:0.0 | Emission:0.0
[34m2025-01-26 07:15:39.261[39m | [1m[37m      INFO      [39m[49m[0m | bittensor:utils.py:9 | UID:43 | Block:4787602 | Consensus:0.0 | Stake:0.0 | Trust:0.0 | Incentive:0.0 | Emission:0.0
[34m2025-01-26 07:15:51.690[39m | [1m[37m      INFO      [39m[49m[0m | bittensor:utils.py:9 | UID:43 | Block:4787603 | Consensus:0.0 | Stake:0.0 | Trust:0.0 | Incentive:0.0 | Emission:0.0
[34m2025-01-26 07:16:03.907[39m | [1m[37m      INFO      [39m[49m[0m | bittensor:utils.py:9 | UID:43 | Block:4787604 | Consensus:0.0 | Stake:0.0 | Trust:0.0 | Incentive:0.0 | Emission:0.0
[34m2025-01-26 07:16:16.054[39m | [1m[37m      INFO      [39m[49m[0m | bittensor:utils.py:9 | UID:43 | Block:4787605 | Consensus:0.0 | Stake:0.0 | Trust:0.0 | Incentive:0.0 | Emission:0.0
[34m2025-01-26 07:16:27.094[39m | [1m[37m      INFO      [39m[49m[0m | bittensor:utils.py:9 | UID:43 | Block:4787606 | Consensus:0.0 | Stake:0.0 | Trust:0.0 | Incentive:0.0 | Emission:0.0
[34m2025-01-26 07:16:39.091[39m | [1m[37m      INFO      [39m[49m[0m | bittensor:utils.py:9 | UID:43 | Block:4787607 | Consensus:0.0 | Stake:0.0 | Trust:0.0 | Incentive:0.0 | Emission:0.0
[34m2025-01-26 07:16:50.892[39m | [1m[37m      INFO      [39m[49m[0m | bittensor:utils.py:9 | UID:43 | Block:4787608 | Consensus:0.0 | Stake:0.0 | Trust:0.0 | Incentive:0.0 | Emission:0.0
[34m2025-01-26 07:17:03.148[39m | [1m[37m      INFO      [39m[49m[0m | bittensor:utils.py:9 | UID:43 | Block:4787609 | Consensus:0.0 | Stake:0.0 | Trust:0.0 | Incentive:0.0 | Emission:0.0
[34m2025-01-26 07:17:15.355[39m | [1m[37m      INFO      [39m[49m[0m | bittensor:utils.py:9 | UID:43 | Block:4787610 | Consensus:0.0 | Stake:0.0 | Trust:0.0 | Incentive:0.0 | Emission:0.0
[34m2025-01-26 07:17:27.710[39m | [1m[37m      INFO      [39m[49m[0m | bittensor:utils.py:9 | UID:43 | Block:4787611 | Consensus:0.0 | Stake:0.0 | Trust:0.0 | Incentive:0.0 | Emission:0.0
[34m2025-01-26 07:17:39.000[39m | [1m[37m      INFO      [39m[49m[0m | bittensor:utils.py:9 | UID:43 | Block:4787612 | Consensus:0.0 | Stake:0.0 | Trust:0.0 | Incentive:0.0 | Emission:0.0
[34m2025-01-26 07:17:51.643[39m | [1m[37m      INFO      [39m[49m[0m | bittensor:utils.py:9 | UID:43 | Block:4787613 | Consensus:0.0 | Stake:0.0 | Trust:0.0 | Incentive:0.0 | Emission:0.0
[34m2025-01-26 07:18:03.192[39m | [1m[37m      INFO      [39m[49m[0m | bittensor:utils.py:9 | UID:43 | Block:4787614 | Consensus:0.0 | Stake:0.0 | Trust:0.0 | Incentive:0.0 | Emission:0.0
[34m2025-01-26 07:18:15.700[39m | [1m[37m      INFO      [39m[49m[0m | bittensor:utils.py:9 | UID:43 | Block:4787615 | Consensus:0.0 | Stake:0.0 | Trust:0.0 | Incentive:0.0 | Emission:0.0
[34m2025-01-26 07:18:28.031[39m | [1m[37m      INFO      [39m[49m[0m | bittensor:utils.py:9 | UID:43 | Block:4787616 | Consensus:0.0 | Stake:0.0 | Trust:0.0 | Incentive:0.0 | Emission:0.0
[34m2025-01-26 07:18:39.573[39m | [1m[37m      INFO      [39m[49m[0m | bittensor:utils.py:9 | UID:43 | Block:4787617 | Consensus:0.0 | Stake:0.0 | Trust:0.0 | Incentive:0.0 | Emission:0.0
[34m2025-01-26 07:18:51.561[39m | [1m[37m      INFO      [39m[49m[0m | bittensor:utils.py:9 | UID:43 | Block:4787618 | Consensus:0.0 | Stake:0.0 | Trust:0.0 | Incentive:0.0 | Emission:0.0
[34m2025-01-26 07:19:03.723[39m | [1m[37m      INFO      [39m[49m[0m | bittensor:utils.py:9 | UID:43 | Block:4787619 | Consensus:0.0 | Stake:0.0 | Trust:0.0 | Incentive:0.0 | Emission:0.0
[34m2025-01-26 07:19:15.476[39m | [1m[37m      INFO      [39m[49m[0m | bittensor:utils.py:9 | UID:43 | Block:4787620 | Consensus:0.0 | Stake:0.0 | Trust:0.0 | Incentive:0.0 | Emission:0.0
[34m2025-01-26 07:19:27.654[39m | [1m[37m      INFO      [39m[49m[0m | bittensor:utils.py:9 | UID:43 | Block:4787621 | Consensus:0.0 | Stake:0.0 | Trust:0.0 | Incentive:0.0 | Emission:0.0
[34m2025-01-26 07:19:39.559[39m | [1m[37m      INFO      [39m[49m[0m | bittensor:utils.py:9 | UID:43 | Block:4787622 | Consensus:0.0 | Stake:0.0 | Trust:0.0 | Incentive:0.0 | Emission:0.0
[34m2025-01-26 07:19:51.712[39m | [1m[37m      INFO      [39m[49m[0m | bittensor:utils.py:9 | UID:43 | Block:4787623 | Consensus:0.0 | Stake:0.0 | Trust:0.0 | Incentive:0.0 | Emission:0.0
[34m2025-01-26 07:20:02.993[39m | [1m[37m      INFO      [39m[49m[0m | bittensor:utils.py:9 | UID:43 | Block:4787624 | Consensus:0.0 | Stake:0.0 | Trust:0.0 | Incentive:0.0 | Emission:0.0
[34m2025-01-26 07:20:15.389[39m | [1m[37m      INFO      [39m[49m[0m | bittensor:utils.py:9 | UID:43 | Block:4787625 | Consensus:0.0 | Stake:0.0 | Trust:0.0 | Incentive:0.0 | Emission:0.0
[34m2025-01-26 07:20:29.132[39m | [1m[37m      INFO      [39m[49m[0m | bittensor:utils.py:9 | UID:43 | Block:4787626 | Consensus:0.0 | Stake:0.0 | Trust:0.0 | Incentive:0.0 | Emission:0.0
[34m2025-01-26 07:20:39.278[39m | [1m[37m      INFO      [39m[49m[0m | bittensor:utils.py:9 | UID:43 | Block:4787627 | Consensus:0.0 | Stake:0.0 | Trust:0.0 | Incentive:0.0 | Emission:0.0
[34m2025-01-26 07:20:51.382[39m | [1m[37m      INFO      [39m[49m[0m | bittensor:utils.py:9 | UID:43 | Block:4787628 | Consensus:0.0 | Stake:0.0 | Trust:0.0 | Incentive:0.0 | Emission:0.0
[34m2025-01-26 07:21:03.745[39m | [1m[37m      INFO      [39m[49m[0m | bittensor:utils.py:9 | UID:43 | Block:4787629 | Consensus:0.0 | Stake:0.0 | Trust:0.0 | Incentive:0.0 | Emission:0.0
[34m2025-01-26 07:21:16.079[39m | [1m[37m      INFO      [39m[49m[0m | bittensor:utils.py:9 | UID:43 | Block:4787630 | Consensus:0.0 | Stake:0.0 | Trust:0.0 | Incentive:0.0 | Emission:0.0
[34m2025-01-26 07:21:28.172[39m | [1m[37m      INFO      [39m[49m[0m | bittensor:utils.py:9 | UID:43 | Block:4787631 | Consensus:0.0 | Stake:0.0 | Trust:0.0 | Incentive:0.0 | Emission:0.0
[34m2025-01-26 07:21:39.538[39m | [1m[37m      INFO      [39m[49m[0m | bittensor:utils.py:9 | UID:43 | Block:4787632 | Consensus:0.0 | Stake:0.0 | Trust:0.0 | Incentive:0.0 | Emission:0.0
[34m2025-01-26 07:21:51.729[39m | [1m[37m      INFO      [39m[49m[0m | bittensor:utils.py:9 | UID:43 | Block:4787633 | Consensus:0.0 | Stake:0.0 | Trust:0.0 | Incentive:0.0 | Emission:0.0
[34m2025-01-26 07:22:03.088[39m | [1m[37m      INFO      [39m[49m[0m | bittensor:utils.py:9 | UID:43 | Block:4787634 | Consensus:0.0 | Stake:0.0 | Trust:0.0 | Incentive:0.0 | Emission:0.0
[34m2025-01-26 07:22:15.344[39m | [1m[37m      INFO      [39m[49m[0m | bittensor:utils.py:9 | UID:43 | Block:4787635 | Consensus:0.0 | Stake:0.0 | Trust:0.0 | Incentive:0.0 | Emission:0.0
[34m2025-01-26 07:22:27.613[39m | [1m[37m      INFO      [39m[49m[0m | bittensor:utils.py:9 | UID:43 | Block:4787636 | Consensus:0.0 | Stake:0.0 | Trust:0.0 | Incentive:0.0 | Emission:0.0
[34m2025-01-26 07:22:39.537[39m | [1m[37m      INFO      [39m[49m[0m | bittensor:utils.py:9 | UID:43 | Block:4787637 | Consensus:0.0 | Stake:0.0 | Trust:0.0 | Incentive:0.0 | Emission:0.0
[34m2025-01-26 07:22:51.550[39m | [1m[37m      INFO      [39m[49m[0m | bittensor:utils.py:9 | UID:43 | Block:4787638 | Consensus:0.0 | Stake:0.0 | Trust:0.0 | Incentive:0.0 | Emission:0.0
[34m2025-01-26 07:23:02.766[39m | [1m[37m      INFO      [39m[49m[0m | bittensor:utils.py:9 | UID:43 | Block:4787639 | Consensus:0.0 | Stake:0.0 | Trust:0.0 | Incentive:0.0 | Emission:0.0
[34m2025-01-26 07:23:16.449[39m | [1m[37m      INFO      [39m[49m[0m | bittensor:base.py:57 | Resyncing Metagraph
[34m2025-01-26 07:23:18.049[39m | [1m[37m      INFO      [39m[49m[0m | bittensor:utils.py:9 | UID:43 | Block:4787640 | Consensus:0.0 | Stake:0.0 | Trust:0.0 | Incentive:0.0 | Emission:0.0
[34m2025-01-26 07:23:27.321[39m | [1m[37m      INFO      [39m[49m[0m | bittensor:utils.py:9 | UID:43 | Block:4787641 | Consensus:0.0 | Stake:0.0 | Trust:0.0 | Incentive:0.0 | Emission:0.0
[34m2025-01-26 07:23:39.023[39m | [1m[37m      INFO      [39m[49m[0m | bittensor:utils.py:9 | UID:43 | Block:4787642 | Consensus:0.0 | Stake:0.0 | Trust:0.0 | Incentive:0.0 | Emission:0.0
[34m2025-01-26 07:23:51.381[39m | [1m[37m      INFO      [39m[49m[0m | bittensor:utils.py:9 | UID:43 | Block:4787643 | Consensus:0.0 | Stake:0.0 | Trust:0.0 | Incentive:0.0 | Emission:0.0
[34m2025-01-26 07:24:03.116[39m | [1m[37m      INFO      [39m[49m[0m | bittensor:utils.py:9 | UID:43 | Block:4787644 | Consensus:0.0 | Stake:0.0 | Trust:0.0 | Incentive:0.0 | Emission:0.0
[34m2025-01-26 07:24:15.487[39m | [1m[37m      INFO      [39m[49m[0m | bittensor:utils.py:9 | UID:43 | Block:4787645 | Consensus:0.0 | Stake:0.0 | Trust:0.0 | Incentive:0.0 | Emission:0.0
[34m2025-01-26 07:24:27.252[39m | [1m[37m      INFO      [39m[49m[0m | bittensor:utils.py:9 | UID:43 | Block:4787646 | Consensus:0.0 | Stake:0.0 | Trust:0.0 | Incentive:0.0 | Emission:0.0
[34m2025-01-26 07:24:39.598[39m | [1m[37m      INFO      [39m[49m[0m | bittensor:utils.py:9 | UID:43 | Block:4787647 | Consensus:0.0 | Stake:0.0 | Trust:0.0 | Incentive:0.0 | Emission:0.0
[34m2025-01-26 07:24:51.214[39m | [1m[37m      INFO      [39m[49m[0m | bittensor:utils.py:9 | UID:43 | Block:4787648 | Consensus:0.0 | Stake:0.0 | Trust:0.0 | Incentive:0.0 | Emission:0.0
[34m2025-01-26 07:25:02.875[39m | [1m[37m      INFO      [39m[49m[0m | bittensor:utils.py:9 | UID:43 | Block:4787649 | Consensus:0.0 | Stake:0.0 | Trust:0.0 | Incentive:0.0 | Emission:0.0
[34m2025-01-26 07:25:15.438[39m | [1m[37m      INFO      [39m[49m[0m | bittensor:utils.py:9 | UID:43 | Block:4787650 | Consensus:0.0 | Stake:0.0 | Trust:0.0 | Incentive:0.0 | Emission:0.0
[34m2025-01-26 07:25:27.221[39m | [1m[37m      INFO      [39m[49m[0m | bittensor:utils.py:9 | UID:43 | Block:4787651 | Consensus:0.0 | Stake:0.0 | Trust:0.0 | Incentive:0.0 | Emission:0.0
[34m2025-01-26 07:25:38.871[39m | [1m[37m      INFO      [39m[49m[0m | bittensor:utils.py:9 | UID:43 | Block:4787652 | Consensus:0.0 | Stake:0.0 | Trust:0.0 | Incentive:0.0 | Emission:0.0
[34m2025-01-26 07:25:50.941[39m | [1m[37m      INFO      [39m[49m[0m | bittensor:utils.py:9 | UID:43 | Block:4787653 | Consensus:0.0 | Stake:0.0 | Trust:0.0 | Incentive:0.0 | Emission:0.0
[34m2025-01-26 07:26:03.040[39m | [1m[37m      INFO      [39m[49m[0m | bittensor:utils.py:9 | UID:43 | Block:4787654 | Consensus:0.0 | Stake:0.0 | Trust:0.0 | Incentive:0.0 | Emission:0.0
[34m2025-01-26 07:26:15.629[39m | [1m[37m      INFO      [39m[49m[0m | bittensor:utils.py:9 | UID:43 | Block:4787655 | Consensus:0.0 | Stake:0.0 | Trust:0.0 | Incentive:0.0 | Emission:0.0
[34m2025-01-26 07:26:27.588[39m | [1m[37m      INFO      [39m[49m[0m | bittensor:utils.py:9 | UID:43 | Block:4787656 | Consensus:0.0 | Stake:0.0 | Trust:0.0 | Incentive:0.0 | Emission:0.0
[34m2025-01-26 07:26:39.097[39m | [1m[37m      INFO      [39m[49m[0m | bittensor:utils.py:9 | UID:43 | Block:4787657 | Consensus:0.0 | Stake:0.0 | Trust:0.0 | Incentive:0.0 | Emission:0.0
[34m2025-01-26 07:26:51.123[39m | [1m[37m      INFO      [39m[49m[0m | bittensor:utils.py:9 | UID:43 | Block:4787658 | Consensus:0.0 | Stake:0.0 | Trust:0.0 | Incentive:0.0 | Emission:0.0
[34m2025-01-26 07:27:03.454[39m | [1m[37m      INFO      [39m[49m[0m | bittensor:utils.py:9 | UID:43 | Block:4787659 | Consensus:0.0 | Stake:0.0 | Trust:0.0 | Incentive:0.0 | Emission:0.0
[34m2025-01-26 07:27:15.387[39m | [1m[37m      INFO      [39m[49m[0m | bittensor:utils.py:9 | UID:43 | Block:4787660 | Consensus:0.0 | Stake:0.0 | Trust:0.0 | Incentive:0.0 | Emission:0.0
[34m2025-01-26 07:27:27.982[39m | [1m[37m      INFO      [39m[49m[0m | bittensor:utils.py:9 | UID:43 | Block:4787661 | Consensus:0.0 | Stake:0.0 | Trust:0.0 | Incentive:0.0 | Emission:0.0
[34m2025-01-26 07:27:39.846[39m | [1m[37m      INFO      [39m[49m[0m | bittensor:utils.py:9 | UID:43 | Block:4787662 | Consensus:0.0 | Stake:0.0 | Trust:0.0 | Incentive:0.0 | Emission:0.0
[34m2025-01-26 07:27:51.983[39m | [1m[37m      INFO      [39m[49m[0m | bittensor:utils.py:9 | UID:43 | Block:4787663 | Consensus:0.0 | Stake:0.0 | Trust:0.0 | Incentive:0.0 | Emission:0.0
[34m2025-01-26 07:28:03.167[39m | [1m[37m      INFO      [39m[49m[0m | bittensor:utils.py:9 | UID:43 | Block:4787664 | Consensus:0.0 | Stake:0.0 | Trust:0.0 | Incentive:0.0 | Emission:0.0
[34m2025-01-26 07:28:16.426[39m | [1m[37m      INFO      [39m[49m[0m | bittensor:utils.py:9 | UID:43 | Block:4787665 | Consensus:0.0 | Stake:0.0 | Trust:0.0 | Incentive:0.0 | Emission:0.0
[34m2025-01-26 07:28:27.314[39m | [1m[37m      INFO      [39m[49m[0m | bittensor:utils.py:9 | UID:43 | Block:4787666 | Consensus:0.0 | Stake:0.0 | Trust:0.0 | Incentive:0.0 | Emission:0.0
[34m2025-01-26 07:28:39.196[39m | [1m[37m      INFO      [39m[49m[0m | bittensor:utils.py:9 | UID:43 | Block:4787667 | Consensus:0.0 | Stake:0.0 | Trust:0.0 | Incentive:0.0 | Emission:0.0
[34m2025-01-26 07:28:51.290[39m | [1m[37m      INFO      [39m[49m[0m | bittensor:utils.py:9 | UID:43 | Block:4787668 | Consensus:0.0 | Stake:0.0 | Trust:0.0 | Incentive:0.0 | Emission:0.0
[34m2025-01-26 07:29:03.257[39m | [1m[37m      INFO      [39m[49m[0m | bittensor:utils.py:9 | UID:43 | Block:4787669 | Consensus:0.0 | Stake:0.0 | Trust:0.0 | Incentive:0.0 | Emission:0.0
[34m2025-01-26 07:29:15.666[39m | [1m[37m      INFO      [39m[49m[0m | bittensor:utils.py:9 | UID:43 | Block:4787670 | Consensus:0.0 | Stake:0.0 | Trust:0.0 | Incentive:0.0 | Emission:0.0
[34m2025-01-26 07:29:27.607[39m | [1m[37m      INFO      [39m[49m[0m | bittensor:utils.py:9 | UID:43 | Block:4787671 | Consensus:0.0 | Stake:0.0 | Trust:0.0 | Incentive:0.0 | Emission:0.0
[34m2025-01-26 07:29:39.060[39m | [1m[37m      INFO      [39m[49m[0m | bittensor:utils.py:9 | UID:43 | Block:4787672 | Consensus:0.0 | Stake:0.0 | Trust:0.0 | Incentive:0.0 | Emission:0.0
[34m2025-01-26 07:29:51.424[39m | [1m[37m      INFO      [39m[49m[0m | bittensor:utils.py:9 | UID:43 | Block:4787673 | Consensus:0.0 | Stake:0.0 | Trust:0.0 | Incentive:0.0 | Emission:0.0
[34m2025-01-26 07:30:03.116[39m | [1m[37m      INFO      [39m[49m[0m | bittensor:utils.py:9 | UID:43 | Block:4787674 | Consensus:0.0 | Stake:0.0 | Trust:0.0 | Incentive:0.0 | Emission:0.0
[34m2025-01-26 07:30:14.970[39m | [1m[37m      INFO      [39m[49m[0m | bittensor:utils.py:9 | UID:43 | Block:4787675 | Consensus:0.0 | Stake:0.0 | Trust:0.0 | Incentive:0.0 | Emission:0.0
[34m2025-01-26 07:30:26.949[39m | [1m[37m      INFO      [39m[49m[0m | bittensor:utils.py:9 | UID:43 | Block:4787676 | Consensus:0.0 | Stake:0.0 | Trust:0.0 | Incentive:0.0 | Emission:0.0
[34m2025-01-26 07:30:39.872[39m | [1m[37m      INFO      [39m[49m[0m | bittensor:utils.py:9 | UID:43 | Block:4787677 | Consensus:0.0 | Stake:0.0 | Trust:0.0 | Incentive:0.0 | Emission:0.0
[34m2025-01-26 07:30:51.237[39m | [1m[37m      INFO      [39m[49m[0m | bittensor:utils.py:9 | UID:43 | Block:4787678 | Consensus:0.0 | Stake:0.0 | Trust:0.0 | Incentive:0.0 | Emission:0.0
[34m2025-01-26 07:31:03.116[39m | [1m[37m      INFO      [39m[49m[0m | bittensor:utils.py:9 | UID:43 | Block:4787679 | Consensus:0.0 | Stake:0.0 | Trust:0.0 | Incentive:0.0 | Emission:0.0
[34m2025-01-26 07:31:14.986[39m | [1m[37m      INFO      [39m[49m[0m | bittensor:utils.py:9 | UID:43 | Block:4787680 | Consensus:0.0 | Stake:0.0 | Trust:0.0 | Incentive:0.0 | Emission:0.0
[34m2025-01-26 07:31:27.135[39m | [1m[37m      INFO      [39m[49m[0m | bittensor:utils.py:9 | UID:43 | Block:4787681 | Consensus:0.0 | Stake:0.0 | Trust:0.0 | Incentive:0.0 | Emission:0.0
[34m2025-01-26 07:31:39.170[39m | [1m[37m      INFO      [39m[49m[0m | bittensor:utils.py:9 | UID:43 | Block:4787682 | Consensus:0.0 | Stake:0.0 | Trust:0.0 | Incentive:0.0 | Emission:0.0
[34m2025-01-26 07:31:51.354[39m | [1m[37m      INFO      [39m[49m[0m | bittensor:utils.py:9 | UID:43 | Block:4787683 | Consensus:0.0 | Stake:0.0 | Trust:0.0 | Incentive:0.0 | Emission:0.0
[34m2025-01-26 07:32:03.362[39m | [1m[37m      INFO      [39m[49m[0m | bittensor:utils.py:9 | UID:43 | Block:4787684 | Consensus:0.0 | Stake:0.0 | Trust:0.0 | Incentive:0.0 | Emission:0.0
[34m2025-01-26 07:32:15.207[39m | [1m[37m      INFO      [39m[49m[0m | bittensor:utils.py:9 | UID:43 | Block:4787685 | Consensus:0.0 | Stake:0.0 | Trust:0.0 | Incentive:0.0 | Emission:0.0
[34m2025-01-26 07:32:27.517[39m | [1m[37m      INFO      [39m[49m[0m | bittensor:utils.py:9 | UID:43 | Block:4787686 | Consensus:0.0 | Stake:0.0 | Trust:0.0 | Incentive:0.0 | Emission:0.0
[34m2025-01-26 07:32:39.663[39m | [1m[37m      INFO      [39m[49m[0m | bittensor:utils.py:9 | UID:43 | Block:4787687 | Consensus:0.0 | Stake:0.0 | Trust:0.0 | Incentive:0.0 | Emission:0.0
[34m2025-01-26 07:32:51.110[39m | [1m[37m      INFO      [39m[49m[0m | bittensor:utils.py:9 | UID:43 | Block:4787688 | Consensus:0.0 | Stake:0.0 | Trust:0.0 | Incentive:0.0 | Emission:0.0
[34m2025-01-26 07:33:03.687[39m | [1m[37m      INFO      [39m[49m[0m | bittensor:utils.py:9 | UID:43 | Block:4787689 | Consensus:0.0 | Stake:0.0 | Trust:0.0 | Incentive:0.0 | Emission:0.0
[34m2025-01-26 07:33:15.091[39m | [1m[37m      INFO      [39m[49m[0m | bittensor:utils.py:9 | UID:43 | Block:4787690 | Consensus:0.0 | Stake:0.0 | Trust:0.0 | Incentive:0.0 | Emission:0.0
[34m2025-01-26 07:33:27.132[39m | [1m[37m      INFO      [39m[49m[0m | bittensor:utils.py:9 | UID:43 | Block:4787691 | Consensus:0.0 | Stake:0.0 | Trust:0.0 | Incentive:0.0 | Emission:0.0
[34m2025-01-26 07:33:39.191[39m | [1m[37m      INFO      [39m[49m[0m | bittensor:utils.py:9 | UID:43 | Block:4787692 | Consensus:0.0 | Stake:0.0 | Trust:0.0 | Incentive:0.0 | Emission:0.0
[34m2025-01-26 07:33:51.008[39m | [1m[37m      INFO      [39m[49m[0m | bittensor:utils.py:9 | UID:43 | Block:4787693 | Consensus:0.0 | Stake:0.0 | Trust:0.0 | Incentive:0.0 | Emission:0.0
[34m2025-01-26 07:34:02.911[39m | [1m[37m      INFO      [39m[49m[0m | bittensor:utils.py:9 | UID:43 | Block:4787694 | Consensus:0.0 | Stake:0.0 | Trust:0.0 | Incentive:0.0 | Emission:0.0
[34m2025-01-26 07:34:14.927[39m | [1m[37m      INFO      [39m[49m[0m | bittensor:utils.py:9 | UID:43 | Block:4787695 | Consensus:0.0 | Stake:0.0 | Trust:0.0 | Incentive:0.0 | Emission:0.0
[34m2025-01-26 07:34:27.162[39m | [1m[37m      INFO      [39m[49m[0m | bittensor:utils.py:9 | UID:43 | Block:4787696 | Consensus:0.0 | Stake:0.0 | Trust:0.0 | Incentive:0.0 | Emission:0.0
[34m2025-01-26 07:34:40.420[39m | [1m[37m      INFO      [39m[49m[0m | bittensor:utils.py:9 | UID:43 | Block:4787697 | Consensus:0.0 | Stake:0.0 | Trust:0.0 | Incentive:0.0 | Emission:0.0
[34m2025-01-26 07:34:50.805[39m | [1m[37m      INFO      [39m[49m[0m | bittensor:utils.py:9 | UID:43 | Block:4787698 | Consensus:0.0 | Stake:0.0 | Trust:0.0 | Incentive:0.0 | Emission:0.0
[34m2025-01-26 07:35:03.082[39m | [1m[37m      INFO      [39m[49m[0m | bittensor:utils.py:9 | UID:43 | Block:4787699 | Consensus:0.0 | Stake:0.0 | Trust:0.0 | Incentive:0.0 | Emission:0.0
[34m2025-01-26 07:35:14.871[39m | [1m[37m      INFO      [39m[49m[0m | bittensor:utils.py:9 | UID:43 | Block:4787700 | Consensus:0.0 | Stake:0.0 | Trust:0.0 | Incentive:0.0 | Emission:0.0
[34m2025-01-26 07:35:27.628[39m | [1m[37m      INFO      [39m[49m[0m | bittensor:utils.py:9 | UID:43 | Block:4787701 | Consensus:0.0 | Stake:0.0 | Trust:0.0 | Incentive:0.0 | Emission:0.0
[34m2025-01-26 07:35:39.045[39m | [1m[37m      INFO      [39m[49m[0m | bittensor:utils.py:9 | UID:43 | Block:4787702 | Consensus:0.0 | Stake:0.0 | Trust:0.0 | Incentive:0.0 | Emission:0.0
[34m2025-01-26 07:35:51.602[39m | [1m[37m      INFO      [39m[49m[0m | bittensor:utils.py:9 | UID:43 | Block:4787703 | Consensus:0.0 | Stake:0.0 | Trust:0.0 | Incentive:0.0 | Emission:0.0
[34m2025-01-26 07:36:02.761[39m | [1m[37m      INFO      [39m[49m[0m | bittensor:utils.py:9 | UID:43 | Block:4787704 | Consensus:0.0 | Stake:0.0 | Trust:0.0 | Incentive:0.0 | Emission:0.0
[34m2025-01-26 07:36:15.091[39m | [1m[37m      INFO      [39m[49m[0m | bittensor:utils.py:9 | UID:43 | Block:4787705 | Consensus:0.0 | Stake:0.0 | Trust:0.0 | Incentive:0.0 | Emission:0.0
[34m2025-01-26 07:36:27.233[39m | [1m[37m      INFO      [39m[49m[0m | bittensor:utils.py:9 | UID:43 | Block:4787706 | Consensus:0.0 | Stake:0.0 | Trust:0.0 | Incentive:0.0 | Emission:0.0
[34m2025-01-26 07:36:39.145[39m | [1m[37m      INFO      [39m[49m[0m | bittensor:utils.py:9 | UID:43 | Block:4787707 | Consensus:0.0 | Stake:0.0 | Trust:0.0 | Incentive:0.0 | Emission:0.0
[34m2025-01-26 07:36:50.867[39m | [1m[37m      INFO      [39m[49m[0m | bittensor:utils.py:9 | UID:43 | Block:4787708 | Consensus:0.0 | Stake:0.0 | Trust:0.0 | Incentive:0.0 | Emission:0.0
[34m2025-01-26 07:37:03.426[39m | [1m[37m      INFO      [39m[49m[0m | bittensor:utils.py:9 | UID:43 | Block:4787709 | Consensus:0.0 | Stake:0.0 | Trust:0.0 | Incentive:0.0 | Emission:0.0
[34m2025-01-26 07:37:15.058[39m | [1m[37m      INFO      [39m[49m[0m | bittensor:utils.py:9 | UID:43 | Block:4787710 | Consensus:0.0 | Stake:0.0 | Trust:0.0 | Incentive:0.0 | Emission:0.0
[34m2025-01-26 07:37:27.143[39m | [1m[37m      INFO      [39m[49m[0m | bittensor:utils.py:9 | UID:43 | Block:4787711 | Consensus:0.0 | Stake:0.0 | Trust:0.0 | Incentive:0.0 | Emission:0.0
[34m2025-01-26 07:37:38.847[39m | [1m[37m      INFO      [39m[49m[0m | bittensor:utils.py:9 | UID:43 | Block:4787712 | Consensus:0.0 | Stake:0.0 | Trust:0.0 | Incentive:0.0 | Emission:0.0
[34m2025-01-26 07:37:51.123[39m | [1m[37m      INFO      [39m[49m[0m | bittensor:utils.py:9 | UID:43 | Block:4787713 | Consensus:0.0 | Stake:0.0 | Trust:0.0 | Incentive:0.0 | Emission:0.0
[34m2025-01-26 07:38:02.839[39m | [1m[37m      INFO      [39m[49m[0m | bittensor:utils.py:9 | UID:43 | Block:4787714 | Consensus:0.0 | Stake:0.0 | Trust:0.0 | Incentive:0.0 | Emission:0.0
[34m2025-01-26 07:38:14.752[39m | [1m[37m      INFO      [39m[49m[0m | bittensor:utils.py:9 | UID:43 | Block:4787715 | Consensus:0.0 | Stake:0.0 | Trust:0.0 | Incentive:0.0 | Emission:0.0
[34m2025-01-26 07:38:26.939[39m | [1m[37m      INFO      [39m[49m[0m | bittensor:utils.py:9 | UID:43 | Block:4787716 | Consensus:0.0 | Stake:0.0 | Trust:0.0 | Incentive:0.0 | Emission:0.0
[34m2025-01-26 07:38:39.118[39m | [1m[37m      INFO      [39m[49m[0m | bittensor:utils.py:9 | UID:43 | Block:4787717 | Consensus:0.0 | Stake:0.0 | Trust:0.0 | Incentive:0.0 | Emission:0.0
[34m2025-01-26 07:38:50.986[39m | [1m[37m      INFO      [39m[49m[0m | bittensor:utils.py:9 | UID:43 | Block:4787718 | Consensus:0.0 | Stake:0.0 | Trust:0.0 | Incentive:0.0 | Emission:0.0
[34m2025-01-26 07:39:02.978[39m | [1m[37m      INFO      [39m[49m[0m | bittensor:utils.py:9 | UID:43 | Block:4787719 | Consensus:0.0 | Stake:0.0 | Trust:0.0 | Incentive:0.0 | Emission:0.0
[34m2025-01-26 07:39:14.930[39m | [1m[37m      INFO      [39m[49m[0m | bittensor:utils.py:9 | UID:43 | Block:4787720 | Consensus:0.0 | Stake:0.0 | Trust:0.0 | Incentive:0.0 | Emission:0.0
[34m2025-01-26 07:39:26.910[39m | [1m[37m      INFO      [39m[49m[0m | bittensor:utils.py:9 | UID:43 | Block:4787721 | Consensus:0.0 | Stake:0.0 | Trust:0.0 | Incentive:0.0 | Emission:0.0
[34m2025-01-26 07:39:38.891[39m | [1m[37m      INFO      [39m[49m[0m | bittensor:utils.py:9 | UID:43 | Block:4787722 | Consensus:0.0 | Stake:0.0 | Trust:0.0 | Incentive:0.0 | Emission:0.0
[34m2025-01-26 07:39:50.722[39m | [1m[37m      INFO      [39m[49m[0m | bittensor:utils.py:9 | UID:43 | Block:4787723 | Consensus:0.0 | Stake:0.0 | Trust:0.0 | Incentive:0.0 | Emission:0.0
[34m2025-01-26 07:40:03.166[39m | [1m[37m      INFO      [39m[49m[0m | bittensor:utils.py:9 | UID:43 | Block:4787724 | Consensus:0.0 | Stake:0.0 | Trust:0.0 | Incentive:0.0 | Emission:0.0
[34m2025-01-26 07:40:15.338[39m | [1m[37m      INFO      [39m[49m[0m | bittensor:utils.py:9 | UID:43 | Block:4787725 | Consensus:0.0 | Stake:0.0 | Trust:0.0 | Incentive:0.0 | Emission:0.0
[34m2025-01-26 07:40:27.257[39m | [1m[37m      INFO      [39m[49m[0m | bittensor:utils.py:9 | UID:43 | Block:4787726 | Consensus:0.0 | Stake:0.0 | Trust:0.0 | Incentive:0.0 | Emission:0.0
[34m2025-01-26 07:40:39.013[39m | [1m[37m      INFO      [39m[49m[0m | bittensor:utils.py:9 | UID:43 | Block:4787727 | Consensus:0.0 | Stake:0.0 | Trust:0.0 | Incentive:0.0 | Emission:0.0
[34m2025-01-26 07:40:50.614[39m | [1m[37m      INFO      [39m[49m[0m | bittensor:utils.py:9 | UID:43 | Block:4787728 | Consensus:0.0 | Stake:0.0 | Trust:0.0 | Incentive:0.0 | Emission:0.0
[34m2025-01-26 07:41:02.698[39m | [1m[37m      INFO      [39m[49m[0m | bittensor:utils.py:9 | UID:43 | Block:4787729 | Consensus:0.0 | Stake:0.0 | Trust:0.0 | Incentive:0.0 | Emission:0.0
[34m2025-01-26 07:41:15.165[39m | [1m[37m      INFO      [39m[49m[0m | bittensor:utils.py:9 | UID:43 | Block:4787730 | Consensus:0.0 | Stake:0.0 | Trust:0.0 | Incentive:0.0 | Emission:0.0
[34m2025-01-26 07:41:27.022[39m | [1m[37m      INFO      [39m[49m[0m | bittensor:utils.py:9 | UID:43 | Block:4787731 | Consensus:0.0 | Stake:0.0 | Trust:0.0 | Incentive:0.0 | Emission:0.0
[34m2025-01-26 07:41:39.080[39m | [1m[37m      INFO      [39m[49m[0m | bittensor:utils.py:9 | UID:43 | Block:4787732 | Consensus:0.0 | Stake:0.0 | Trust:0.0 | Incentive:0.0 | Emission:0.0
[34m2025-01-26 07:41:50.976[39m | [1m[37m      INFO      [39m[49m[0m | bittensor:utils.py:9 | UID:43 | Block:4787733 | Consensus:0.0 | Stake:0.0 | Trust:0.0 | Incentive:0.0 | Emission:0.0
[34m2025-01-26 07:42:02.791[39m | [1m[37m      INFO      [39m[49m[0m | bittensor:utils.py:9 | UID:43 | Block:4787734 | Consensus:0.0 | Stake:0.0 | Trust:0.0 | Incentive:0.0 | Emission:0.0
[34m2025-01-26 07:42:14.945[39m | [1m[37m      INFO      [39m[49m[0m | bittensor:utils.py:9 | UID:43 | Block:4787735 | Consensus:0.0 | Stake:0.0 | Trust:0.0 | Incentive:0.0 | Emission:0.0
[34m2025-01-26 07:42:27.731[39m | [1m[37m      INFO      [39m[49m[0m | bittensor:utils.py:9 | UID:43 | Block:4787736 | Consensus:0.0 | Stake:0.0 | Trust:0.0 | Incentive:0.0 | Emission:0.0
[34m2025-01-26 07:42:38.957[39m | [1m[37m      INFO      [39m[49m[0m | bittensor:utils.py:9 | UID:43 | Block:4787737 | Consensus:0.0 | Stake:0.0 | Trust:0.0 | Incentive:0.0 | Emission:0.0
[34m2025-01-26 07:42:50.975[39m | [1m[37m      INFO      [39m[49m[0m | bittensor:utils.py:9 | UID:43 | Block:4787738 | Consensus:0.0 | Stake:0.0 | Trust:0.0 | Incentive:0.0 | Emission:0.0
[34m2025-01-26 07:43:02.934[39m | [1m[37m      INFO      [39m[49m[0m | bittensor:utils.py:9 | UID:43 | Block:4787739 | Consensus:0.0 | Stake:0.0 | Trust:0.0 | Incentive:0.0 | Emission:0.0
[34m2025-01-26 07:43:14.625[39m | [1m[37m      INFO      [39m[49m[0m | bittensor:utils.py:9 | UID:43 | Block:4787740 | Consensus:0.0 | Stake:0.0 | Trust:0.0 | Incentive:0.0 | Emission:0.0
[34m2025-01-26 07:43:26.911[39m | [1m[37m      INFO      [39m[49m[0m | bittensor:utils.py:9 | UID:43 | Block:4787741 | Consensus:0.0 | Stake:0.0 | Trust:0.0 | Incentive:0.0 | Emission:0.0
[34m2025-01-26 07:43:39.042[39m | [1m[37m      INFO      [39m[49m[0m | bittensor:utils.py:9 | UID:43 | Block:4787742 | Consensus:0.0 | Stake:0.0 | Trust:0.0 | Incentive:0.0 | Emission:0.0
[34m2025-01-26 07:43:51.040[39m | [1m[37m      INFO      [39m[49m[0m | bittensor:utils.py:9 | UID:43 | Block:4787743 | Consensus:0.0 | Stake:0.0 | Trust:0.0 | Incentive:0.0 | Emission:0.0
[34m2025-01-26 07:44:02.915[39m | [1m[37m      INFO      [39m[49m[0m | bittensor:utils.py:9 | UID:43 | Block:4787744 | Consensus:0.0 | Stake:0.0 | Trust:0.0 | Incentive:0.0 | Emission:0.0
[34m2025-01-26 07:44:14.912[39m | [1m[37m      INFO      [39m[49m[0m | bittensor:utils.py:9 | UID:43 | Block:4787745 | Consensus:0.0 | Stake:0.0 | Trust:0.0 | Incentive:0.0 | Emission:0.0
[34m2025-01-26 07:44:27.013[39m | [1m[37m      INFO      [39m[49m[0m | bittensor:utils.py:9 | UID:43 | Block:4787746 | Consensus:0.0 | Stake:0.0 | Trust:0.0 | Incentive:0.0 | Emission:0.0
[34m2025-01-26 07:44:39.305[39m | [1m[37m      INFO      [39m[49m[0m | bittensor:utils.py:9 | UID:43 | Block:4787747 | Consensus:0.0 | Stake:0.0 | Trust:0.0 | Incentive:0.0 | Emission:0.0
[34m2025-01-26 07:44:50.817[39m | [1m[37m      INFO      [39m[49m[0m | bittensor:utils.py:9 | UID:43 | Block:4787748 | Consensus:0.0 | Stake:0.0 | Trust:0.0 | Incentive:0.0 | Emission:0.0
[34m2025-01-26 07:45:03.209[39m | [1m[37m      INFO      [39m[49m[0m | bittensor:utils.py:9 | UID:43 | Block:4787749 | Consensus:0.0 | Stake:0.0 | Trust:0.0 | Incentive:0.0 | Emission:0.0
[34m2025-01-26 07:45:14.818[39m | [1m[37m      INFO      [39m[49m[0m | bittensor:utils.py:9 | UID:43 | Block:4787750 | Consensus:0.0 | Stake:0.0 | Trust:0.0 | Incentive:0.0 | Emission:0.0
[34m2025-01-26 07:45:26.991[39m | [1m[37m      INFO      [39m[49m[0m | bittensor:utils.py:9 | UID:43 | Block:4787751 | Consensus:0.0 | Stake:0.0 | Trust:0.0 | Incentive:0.0 | Emission:0.0
[34m2025-01-26 07:45:39.049[39m | [1m[37m      INFO      [39m[49m[0m | bittensor:utils.py:9 | UID:43 | Block:4787752 | Consensus:0.0 | Stake:0.0 | Trust:0.0 | Incentive:0.0 | Emission:0.0
[34m2025-01-26 07:45:50.806[39m | [1m[37m      INFO      [39m[49m[0m | bittensor:utils.py:9 | UID:43 | Block:4787753 | Consensus:0.0 | Stake:0.0 | Trust:0.0 | Incentive:0.0 | Emission:0.0
[34m2025-01-26 07:46:02.637[39m | [1m[37m      INFO      [39m[49m[0m | bittensor:utils.py:9 | UID:43 | Block:4787754 | Consensus:0.0 | Stake:0.0 | Trust:0.0 | Incentive:0.0 | Emission:0.0
[34m2025-01-26 07:46:14.946[39m | [1m[37m      INFO      [39m[49m[0m | bittensor:utils.py:9 | UID:43 | Block:4787755 | Consensus:0.0 | Stake:0.0 | Trust:0.0 | Incentive:0.0 | Emission:0.0
[34m2025-01-26 07:46:26.864[39m | [1m[37m      INFO      [39m[49m[0m | bittensor:utils.py:9 | UID:43 | Block:4787756 | Consensus:0.0 | Stake:0.0 | Trust:0.0 | Incentive:0.0 | Emission:0.0
[34m2025-01-26 07:46:38.919[39m | [1m[37m      INFO      [39m[49m[0m | bittensor:utils.py:9 | UID:43 | Block:4787757 | Consensus:0.0 | Stake:0.0 | Trust:0.0 | Incentive:0.0 | Emission:0.0
[34m2025-01-26 07:46:50.795[39m | [1m[37m      INFO      [39m[49m[0m | bittensor:utils.py:9 | UID:43 | Block:4787758 | Consensus:0.0 | Stake:0.0 | Trust:0.0 | Incentive:0.0 | Emission:0.0
[34m2025-01-26 07:47:03.038[39m | [1m[37m      INFO      [39m[49m[0m | bittensor:utils.py:9 | UID:43 | Block:4787759 | Consensus:0.0 | Stake:0.0 | Trust:0.0 | Incentive:0.0 | Emission:0.0
[34m2025-01-26 07:47:14.501[39m | [1m[37m      INFO      [39m[49m[0m | bittensor:utils.py:9 | UID:43 | Block:4787760 | Consensus:0.0 | Stake:0.0 | Trust:0.0 | Incentive:0.0 | Emission:0.0
[34m2025-01-26 07:47:26.803[39m | [1m[37m      INFO      [39m[49m[0m | bittensor:utils.py:9 | UID:43 | Block:4787761 | Consensus:0.0 | Stake:0.0 | Trust:0.0 | Incentive:0.0 | Emission:0.0
[34m2025-01-26 07:47:38.302[39m | [1m[37m      INFO      [39m[49m[0m | bittensor:utils.py:9 | UID:43 | Block:4787762 | Consensus:0.0 | Stake:0.0 | Trust:0.0 | Incentive:0.0 | Emission:0.0
[34m2025-01-26 07:47:50.801[39m | [1m[37m      INFO      [39m[49m[0m | bittensor:utils.py:9 | UID:43 | Block:4787763 | Consensus:0.0 | Stake:0.0 | Trust:0.0 | Incentive:0.0 | Emission:0.0
[34m2025-01-26 07:48:02.453[39m | [1m[37m      INFO      [39m[49m[0m | bittensor:utils.py:9 | UID:43 | Block:4787764 | Consensus:0.0 | Stake:0.0 | Trust:0.0 | Incentive:0.0 | Emission:0.0
[34m2025-01-26 07:48:14.785[39m | [1m[37m      INFO      [39m[49m[0m | bittensor:utils.py:9 | UID:43 | Block:4787765 | Consensus:0.0 | Stake:0.0 | Trust:0.0 | Incentive:0.0 | Emission:0.0
[34m2025-01-26 07:48:26.503[39m | [1m[37m      INFO      [39m[49m[0m | bittensor:utils.py:9 | UID:43 | Block:4787766 | Consensus:0.0 | Stake:0.0 | Trust:0.0 | Incentive:0.0 | Emission:0.0
[34m2025-01-26 07:48:38.588[39m | [1m[37m      INFO      [39m[49m[0m | bittensor:utils.py:9 | UID:43 | Block:4787767 | Consensus:0.0 | Stake:0.0 | Trust:0.0 | Incentive:0.0 | Emission:0.0
[34m2025-01-26 07:48:50.812[39m | [1m[37m      INFO      [39m[49m[0m | bittensor:utils.py:9 | UID:43 | Block:4787768 | Consensus:0.0 | Stake:0.0 | Trust:0.0 | Incentive:0.0 | Emission:0.0
[34m2025-01-26 07:49:03.191[39m | [1m[37m      INFO      [39m[49m[0m | bittensor:utils.py:9 | UID:43 | Block:4787769 | Consensus:0.0 | Stake:0.0 | Trust:0.0 | Incentive:0.0 | Emission:0.0
[34m2025-01-26 07:49:14.339[39m | [1m[37m      INFO      [39m[49m[0m | bittensor:utils.py:9 | UID:43 | Block:4787770 | Consensus:0.0 | Stake:0.0 | Trust:0.0 | Incentive:0.0 | Emission:0.0
[34m2025-01-26 07:49:26.794[39m | [1m[37m      INFO      [39m[49m[0m | bittensor:utils.py:9 | UID:43 | Block:4787771 | Consensus:0.0 | Stake:0.0 | Trust:0.0 | Incentive:0.0 | Emission:0.0
[34m2025-01-26 07:49:38.530[39m | [1m[37m      INFO      [39m[49m[0m | bittensor:utils.py:9 | UID:43 | Block:4787772 | Consensus:0.0 | Stake:0.0 | Trust:0.0 | Incentive:0.0 | Emission:0.0
[34m2025-01-26 07:49:50.543[39m | [1m[37m      INFO      [39m[49m[0m | bittensor:utils.py:9 | UID:43 | Block:4787773 | Consensus:0.0 | Stake:0.0 | Trust:0.0 | Incentive:0.0 | Emission:0.0
[34m2025-01-26 07:50:02.901[39m | [1m[37m      INFO      [39m[49m[0m | bittensor:utils.py:9 | UID:43 | Block:4787774 | Consensus:0.0 | Stake:0.0 | Trust:0.0 | Incentive:0.0 | Emission:0.0
[34m2025-01-26 07:50:14.634[39m | [1m[37m      INFO      [39m[49m[0m | bittensor:utils.py:9 | UID:43 | Block:4787775 | Consensus:0.0 | Stake:0.0 | Trust:0.0 | Incentive:0.0 | Emission:0.0
[34m2025-01-26 07:50:26.411[39m | [1m[37m      INFO      [39m[49m[0m | bittensor:utils.py:9 | UID:43 | Block:4787776 | Consensus:0.0 | Stake:0.0 | Trust:0.0 | Incentive:0.0 | Emission:0.0
[34m2025-01-26 07:50:39.107[39m | [1m[37m      INFO      [39m[49m[0m | bittensor:utils.py:9 | UID:43 | Block:4787777 | Consensus:0.0 | Stake:0.0 | Trust:0.0 | Incentive:0.0 | Emission:0.0
[34m2025-01-26 07:50:50.437[39m | [1m[37m      INFO      [39m[49m[0m | bittensor:utils.py:9 | UID:43 | Block:4787778 | Consensus:0.0 | Stake:0.0 | Trust:0.0 | Incentive:0.0 | Emission:0.0
[34m2025-01-26 07:51:02.636[39m | [1m[37m      INFO      [39m[49m[0m | bittensor:utils.py:9 | UID:43 | Block:4787779 | Consensus:0.0 | Stake:0.0 | Trust:0.0 | Incentive:0.0 | Emission:0.0
[34m2025-01-26 07:51:14.373[39m | [1m[37m      INFO      [39m[49m[0m | bittensor:utils.py:9 | UID:43 | Block:4787780 | Consensus:0.0 | Stake:0.0 | Trust:0.0 | Incentive:0.0 | Emission:0.0
[34m2025-01-26 07:51:30.252[39m | [1m[37m      INFO      [39m[49m[0m | bittensor:utils.py:9 | UID:43 | Block:4787781 | Consensus:0.0 | Stake:0.0 | Trust:0.0 | Incentive:0.0 | Emission:0.0
[34m2025-01-26 07:51:38.438[39m | [1m[37m      INFO      [39m[49m[0m | bittensor:utils.py:9 | UID:43 | Block:4787782 | Consensus:0.0 | Stake:0.0 | Trust:0.0 | Incentive:0.0 | Emission:0.0
[34m2025-01-26 07:51:50.563[39m | [1m[37m      INFO      [39m[49m[0m | bittensor:utils.py:9 | UID:43 | Block:4787783 | Consensus:0.0 | Stake:0.0 | Trust:0.0 | Incentive:0.0 | Emission:0.0
[34m2025-01-26 07:52:02.466[39m | [1m[37m      INFO      [39m[49m[0m | bittensor:utils.py:9 | UID:43 | Block:4787784 | Consensus:0.0 | Stake:0.0 | Trust:0.0 | Incentive:0.0 | Emission:0.0
[34m2025-01-26 07:52:14.878[39m | [1m[37m      INFO      [39m[49m[0m | bittensor:utils.py:9 | UID:43 | Block:4787785 | Consensus:0.0 | Stake:0.0 | Trust:0.0 | Incentive:0.0 | Emission:0.0
[34m2025-01-26 07:52:26.609[39m | [1m[37m      INFO      [39m[49m[0m | bittensor:utils.py:9 | UID:43 | Block:4787786 | Consensus:0.0 | Stake:0.0 | Trust:0.0 | Incentive:0.0 | Emission:0.0
[34m2025-01-26 07:52:38.447[39m | [1m[37m      INFO      [39m[49m[0m | bittensor:utils.py:9 | UID:43 | Block:4787787 | Consensus:0.0 | Stake:0.0 | Trust:0.0 | Incentive:0.0 | Emission:0.0
[34m2025-01-26 07:52:50.529[39m | [1m[37m      INFO      [39m[49m[0m | bittensor:utils.py:9 | UID:43 | Block:4787788 | Consensus:0.0 | Stake:0.0 | Trust:0.0 | Incentive:0.0 | Emission:0.0
[34m2025-01-26 07:53:02.509[39m | [1m[37m      INFO      [39m[49m[0m | bittensor:utils.py:9 | UID:43 | Block:4787789 | Consensus:0.0 | Stake:0.0 | Trust:0.0 | Incentive:0.0 | Emission:0.0
[34m2025-01-26 07:53:14.669[39m | [1m[37m      INFO      [39m[49m[0m | bittensor:utils.py:9 | UID:43 | Block:4787790 | Consensus:0.0 | Stake:0.0 | Trust:0.0 | Incentive:0.0 | Emission:0.0
[34m2025-01-26 07:53:26.700[39m | [1m[37m      INFO      [39m[49m[0m | bittensor:utils.py:9 | UID:43 | Block:4787791 | Consensus:0.0 | Stake:0.0 | Trust:0.0 | Incentive:0.0 | Emission:0.0
[34m2025-01-26 07:53:38.422[39m | [1m[37m      INFO      [39m[49m[0m | bittensor:utils.py:9 | UID:43 | Block:4787792 | Consensus:0.0 | Stake:0.0 | Trust:0.0 | Incentive:0.0 | Emission:0.0
[34m2025-01-26 07:53:50.580[39m | [1m[37m      INFO      [39m[49m[0m | bittensor:utils.py:9 | UID:43 | Block:4787793 | Consensus:0.0 | Stake:0.0 | Trust:0.0 | Incentive:0.0 | Emission:0.0
[34m2025-01-26 07:54:02.727[39m | [1m[37m      INFO      [39m[49m[0m | bittensor:utils.py:9 | UID:43 | Block:4787794 | Consensus:0.0 | Stake:0.0 | Trust:0.0 | Incentive:0.0 | Emission:0.0
[34m2025-01-26 07:54:14.855[39m | [1m[37m      INFO      [39m[49m[0m | bittensor:utils.py:9 | UID:43 | Block:4787795 | Consensus:0.0 | Stake:0.0 | Trust:0.0 | Incentive:0.0 | Emission:0.0
[34m2025-01-26 07:54:26.581[39m | [1m[37m      INFO      [39m[49m[0m | bittensor:utils.py:9 | UID:43 | Block:4787796 | Consensus:0.0 | Stake:0.0 | Trust:0.0 | Incentive:0.0 | Emission:0.0
[34m2025-01-26 07:54:40.035[39m | [1m[37m      INFO      [39m[49m[0m | bittensor:utils.py:9 | UID:43 | Block:4787797 | Consensus:0.0 | Stake:0.0 | Trust:0.0 | Incentive:0.0 | Emission:0.0
[34m2025-01-26 07:54:50.257[39m | [1m[37m      INFO      [39m[49m[0m | bittensor:utils.py:9 | UID:43 | Block:4787798 | Consensus:0.0 | Stake:0.0 | Trust:0.0 | Incentive:0.0 | Emission:0.0
[34m2025-01-26 07:55:02.576[39m | [1m[37m      INFO      [39m[49m[0m | bittensor:utils.py:9 | UID:43 | Block:4787799 | Consensus:0.0 | Stake:0.0 | Trust:0.0 | Incentive:0.0 | Emission:0.0
[34m2025-01-26 07:55:14.876[39m | [1m[37m      INFO      [39m[49m[0m | bittensor:utils.py:9 | UID:43 | Block:4787800 | Consensus:0.0 | Stake:0.0 | Trust:0.0 | Incentive:0.0 | Emission:0.0
[34m2025-01-26 07:55:26.501[39m | [1m[37m      INFO      [39m[49m[0m | bittensor:utils.py:9 | UID:43 | Block:4787801 | Consensus:0.0 | Stake:0.0 | Trust:0.0 | Incentive:0.0 | Emission:0.0
[34m2025-01-26 07:55:38.451[39m | [1m[37m      INFO      [39m[49m[0m | bittensor:utils.py:9 | UID:43 | Block:4787802 | Consensus:0.0 | Stake:0.0 | Trust:0.0 | Incentive:0.0 | Emission:0.0
[34m2025-01-26 07:55:50.578[39m | [1m[37m      INFO      [39m[49m[0m | bittensor:utils.py:9 | UID:43 | Block:4787803 | Consensus:0.0 | Stake:0.0 | Trust:0.0 | Incentive:0.0 | Emission:0.0
[34m2025-01-26 07:56:02.667[39m | [1m[37m      INFO      [39m[49m[0m | bittensor:utils.py:9 | UID:43 | Block:4787804 | Consensus:0.0 | Stake:0.0 | Trust:0.0 | Incentive:0.0 | Emission:0.0
[34m2025-01-26 07:56:14.620[39m | [1m[37m      INFO      [39m[49m[0m | bittensor:utils.py:9 | UID:43 | Block:4787805 | Consensus:0.0 | Stake:0.0 | Trust:0.0 | Incentive:0.0 | Emission:0.0
[34m2025-01-26 07:56:26.612[39m | [1m[37m      INFO      [39m[49m[0m | bittensor:utils.py:9 | UID:43 | Block:4787806 | Consensus:0.0 | Stake:0.0 | Trust:0.0 | Incentive:0.0 | Emission:0.0
[34m2025-01-26 07:56:38.605[39m | [1m[37m      INFO      [39m[49m[0m | bittensor:utils.py:9 | UID:43 | Block:4787807 | Consensus:0.0 | Stake:0.0 | Trust:0.0 | Incentive:0.0 | Emission:0.0
[34m2025-01-26 07:56:50.402[39m | [1m[37m      INFO      [39m[49m[0m | bittensor:utils.py:9 | UID:43 | Block:4787808 | Consensus:0.0 | Stake:0.0 | Trust:0.0 | Incentive:0.0 | Emission:0.0
[34m2025-01-26 07:57:02.765[39m | [1m[37m      INFO      [39m[49m[0m | bittensor:utils.py:9 | UID:43 | Block:4787809 | Consensus:0.0 | Stake:0.0 | Trust:0.0 | Incentive:0.0 | Emission:0.0
[34m2025-01-26 07:57:14.427[39m | [1m[37m      INFO      [39m[49m[0m | bittensor:utils.py:9 | UID:43 | Block:4787810 | Consensus:0.0 | Stake:0.0 | Trust:0.0 | Incentive:0.0 | Emission:0.0
[34m2025-01-26 07:57:26.653[39m | [1m[37m      INFO      [39m[49m[0m | bittensor:utils.py:9 | UID:43 | Block:4787811 | Consensus:0.0 | Stake:0.0 | Trust:0.0 | Incentive:0.0 | Emission:0.0
[34m2025-01-26 07:57:38.625[39m | [1m[37m      INFO      [39m[49m[0m | bittensor:utils.py:9 | UID:43 | Block:4787812 | Consensus:0.0 | Stake:0.0 | Trust:0.0 | Incentive:0.0 | Emission:0.0
[34m2025-01-26 07:57:50.846[39m | [1m[37m      INFO      [39m[49m[0m | bittensor:utils.py:9 | UID:43 | Block:4787813 | Consensus:0.0 | Stake:0.0 | Trust:0.0 | Incentive:0.0 | Emission:0.0
[34m2025-01-26 07:58:02.807[39m | [1m[37m      INFO      [39m[49m[0m | bittensor:utils.py:9 | UID:43 | Block:4787814 | Consensus:0.0 | Stake:0.0 | Trust:0.0 | Incentive:0.0 | Emission:0.0
[34m2025-01-26 07:58:14.660[39m | [1m[37m      INFO      [39m[49m[0m | bittensor:utils.py:9 | UID:43 | Block:4787815 | Consensus:0.0 | Stake:0.0 | Trust:0.0 | Incentive:0.0 | Emission:0.0
[34m2025-01-26 07:58:26.369[39m | [1m[37m      INFO      [39m[49m[0m | bittensor:utils.py:9 | UID:43 | Block:4787816 | Consensus:0.0 | Stake:0.0 | Trust:0.0 | Incentive:0.0 | Emission:0.0
[34m2025-01-26 07:58:38.887[39m | [1m[37m      INFO      [39m[49m[0m | bittensor:utils.py:9 | UID:43 | Block:4787817 | Consensus:0.0 | Stake:0.0 | Trust:0.0 | Incentive:0.0 | Emission:0.0
[34m2025-01-26 07:58:50.802[39m | [1m[37m      INFO      [39m[49m[0m | bittensor:utils.py:9 | UID:43 | Block:4787818 | Consensus:0.0 | Stake:0.0 | Trust:0.0 | Incentive:0.0 | Emission:0.0
[34m2025-01-26 07:59:02.802[39m | [1m[37m      INFO      [39m[49m[0m | bittensor:utils.py:9 | UID:43 | Block:4787819 | Consensus:0.0 | Stake:0.0 | Trust:0.0 | Incentive:0.0 | Emission:0.0
[34m2025-01-26 07:59:14.992[39m | [1m[37m      INFO      [39m[49m[0m | bittensor:utils.py:9 | UID:43 | Block:4787820 | Consensus:0.0 | Stake:0.0 | Trust:0.0 | Incentive:0.0 | Emission:0.0
[34m2025-01-26 07:59:27.282[39m | [1m[37m      INFO      [39m[49m[0m | bittensor:utils.py:9 | UID:43 | Block:4787821 | Consensus:0.0 | Stake:0.0 | Trust:0.0 | Incentive:0.0 | Emission:0.0
[34m2025-01-26 07:59:38.811[39m | [1m[37m      INFO      [39m[49m[0m | bittensor:utils.py:9 | UID:43 | Block:4787822 | Consensus:0.0 | Stake:0.0 | Trust:0.0 | Incentive:0.0 | Emission:0.0
[34m2025-01-26 07:59:50.765[39m | [1m[37m      INFO      [39m[49m[0m | bittensor:utils.py:9 | UID:43 | Block:4787823 | Consensus:0.0 | Stake:0.0 | Trust:0.0 | Incentive:0.0 | Emission:0.0
[34m2025-01-26 08:00:02.643[39m | [1m[37m      INFO      [39m[49m[0m | bittensor:utils.py:9 | UID:43 | Block:4787824 | Consensus:0.0 | Stake:0.0 | Trust:0.0 | Incentive:0.0 | Emission:0.0
[34m2025-01-26 08:00:14.628[39m | [1m[37m      INFO      [39m[49m[0m | bittensor:utils.py:9 | UID:43 | Block:4787825 | Consensus:0.0 | Stake:0.0 | Trust:0.0 | Incentive:0.0 | Emission:0.0
[34m2025-01-26 08:00:26.645[39m | [1m[37m      INFO      [39m[49m[0m | bittensor:utils.py:9 | UID:43 | Block:4787826 | Consensus:0.0 | Stake:0.0 | Trust:0.0 | Incentive:0.0 | Emission:0.0
[34m2025-01-26 08:00:38.699[39m | [1m[37m      INFO      [39m[49m[0m | bittensor:utils.py:9 | UID:43 | Block:4787827 | Consensus:0.0 | Stake:0.0 | Trust:0.0 | Incentive:0.0 | Emission:0.0
[34m2025-01-26 08:00:50.405[39m | [1m[37m      INFO      [39m[49m[0m | bittensor:utils.py:9 | UID:43 | Block:4787828 | Consensus:0.0 | Stake:0.0 | Trust:0.0 | Incentive:0.0 | Emission:0.0
[34m2025-01-26 08:01:02.617[39m | [1m[37m      INFO      [39m[49m[0m | bittensor:utils.py:9 | UID:43 | Block:4787829 | Consensus:0.0 | Stake:0.0 | Trust:0.0 | Incentive:0.0 | Emission:0.0
[34m2025-01-26 08:01:14.880[39m | [1m[37m      INFO      [39m[49m[0m | bittensor:utils.py:9 | UID:43 | Block:4787830 | Consensus:0.0 | Stake:0.0 | Trust:0.0 | Incentive:0.0 | Emission:0.0
[34m2025-01-26 08:01:26.962[39m | [1m[37m      INFO      [39m[49m[0m | bittensor:utils.py:9 | UID:43 | Block:4787831 | Consensus:0.0 | Stake:0.0 | Trust:0.0 | Incentive:0.0 | Emission:0.0
[34m2025-01-26 08:01:38.939[39m | [1m[37m      INFO      [39m[49m[0m | bittensor:utils.py:9 | UID:43 | Block:4787832 | Consensus:0.0 | Stake:0.0 | Trust:0.0 | Incentive:0.0 | Emission:0.0
[34m2025-01-26 08:01:50.739[39m | [1m[37m      INFO      [39m[49m[0m | bittensor:utils.py:9 | UID:43 | Block:4787833 | Consensus:0.0 | Stake:0.0 | Trust:0.0 | Incentive:0.0 | Emission:0.0
[34m2025-01-26 08:02:02.429[39m | [1m[37m      INFO      [39m[49m[0m | bittensor:utils.py:9 | UID:43 | Block:4787834 | Consensus:0.0 | Stake:0.0 | Trust:0.0 | Incentive:0.0 | Emission:0.0
[34m2025-01-26 08:02:14.834[39m | [1m[37m      INFO      [39m[49m[0m | bittensor:utils.py:9 | UID:43 | Block:4787835 | Consensus:0.0 | Stake:0.0 | Trust:0.0 | Incentive:0.0 | Emission:0.0
[34m2025-01-26 08:02:26.700[39m | [1m[37m      INFO      [39m[49m[0m | bittensor:utils.py:9 | UID:43 | Block:4787836 | Consensus:0.0 | Stake:0.0 | Trust:0.0 | Incentive:0.0 | Emission:0.0
[34m2025-01-26 08:02:39.193[39m | [1m[37m      INFO      [39m[49m[0m | bittensor:utils.py:9 | UID:43 | Block:4787837 | Consensus:0.0 | Stake:0.0 | Trust:0.0 | Incentive:0.0 | Emission:0.0
[34m2025-01-26 08:02:51.085[39m | [1m[37m      INFO      [39m[49m[0m | bittensor:utils.py:9 | UID:43 | Block:4787838 | Consensus:0.0 | Stake:0.0 | Trust:0.0 | Incentive:0.0 | Emission:0.0
[34m2025-01-26 08:03:02.776[39m | [1m[37m      INFO      [39m[49m[0m | bittensor:utils.py:9 | UID:43 | Block:4787839 | Consensus:0.0 | Stake:0.0 | Trust:0.0 | Incentive:0.0 | Emission:0.0
[34m2025-01-26 08:03:15.282[39m | [1m[37m      INFO      [39m[49m[0m | bittensor:utils.py:9 | UID:43 | Block:4787840 | Consensus:0.0 | Stake:0.0 | Trust:0.0 | Incentive:0.0 | Emission:0.0
[34m2025-01-26 08:03:27.080[39m | [1m[37m      INFO      [39m[49m[0m | bittensor:utils.py:9 | UID:43 | Block:4787841 | Consensus:0.0 | Stake:0.0 | Trust:0.0 | Incentive:0.0 | Emission:0.0
[34m2025-01-26 08:03:38.753[39m | [1m[37m      INFO      [39m[49m[0m | bittensor:utils.py:9 | UID:43 | Block:4787842 | Consensus:0.0 | Stake:0.0 | Trust:0.0 | Incentive:0.0 | Emission:0.0
[34m2025-01-26 08:03:51.024[39m | [1m[37m      INFO      [39m[49m[0m | bittensor:utils.py:9 | UID:43 | Block:4787843 | Consensus:0.0 | Stake:0.0 | Trust:0.0 | Incentive:0.0 | Emission:0.0
[34m2025-01-26 08:04:03.110[39m | [1m[37m      INFO      [39m[49m[0m | bittensor:utils.py:9 | UID:43 | Block:4787844 | Consensus:0.0 | Stake:0.0 | Trust:0.0 | Incentive:0.0 | Emission:0.0
[34m2025-01-26 08:04:15.207[39m | [1m[37m      INFO      [39m[49m[0m | bittensor:utils.py:9 | UID:43 | Block:4787845 | Consensus:0.0 | Stake:0.0 | Trust:0.0 | Incentive:0.0 | Emission:0.0
[34m2025-01-26 08:04:27.392[39m | [1m[37m      INFO      [39m[49m[0m | bittensor:utils.py:9 | UID:43 | Block:4787846 | Consensus:0.0 | Stake:0.0 | Trust:0.0 | Incentive:0.0 | Emission:0.0
[34m2025-01-26 08:04:38.854[39m | [1m[37m      INFO      [39m[49m[0m | bittensor:utils.py:9 | UID:43 | Block:4787847 | Consensus:0.0 | Stake:0.0 | Trust:0.0 | Incentive:0.0 | Emission:0.0
[34m2025-01-26 08:04:51.144[39m | [1m[37m      INFO      [39m[49m[0m | bittensor:utils.py:9 | UID:43 | Block:4787848 | Consensus:0.0 | Stake:0.0 | Trust:0.0 | Incentive:0.0 | Emission:0.0
[34m2025-01-26 08:05:03.125[39m | [1m[37m      INFO      [39m[49m[0m | bittensor:utils.py:9 | UID:43 | Block:4787849 | Consensus:0.0 | Stake:0.0 | Trust:0.0 | Incentive:0.0 | Emission:0.0
[34m2025-01-26 08:05:14.873[39m | [1m[37m      INFO      [39m[49m[0m | bittensor:utils.py:9 | UID:43 | Block:4787850 | Consensus:0.0 | Stake:0.0 | Trust:0.0 | Incentive:0.0 | Emission:0.0
[34m2025-01-26 08:05:27.547[39m | [1m[37m      INFO      [39m[49m[0m | bittensor:utils.py:9 | UID:43 | Block:4787851 | Consensus:0.0 | Stake:0.0 | Trust:0.0 | Incentive:0.0 | Emission:0.0
[34m2025-01-26 08:05:39.349[39m | [1m[37m      INFO      [39m[49m[0m | bittensor:utils.py:9 | UID:43 | Block:4787852 | Consensus:0.0 | Stake:0.0 | Trust:0.0 | Incentive:0.0 | Emission:0.0
[34m2025-01-26 08:05:51.263[39m | [1m[37m      INFO      [39m[49m[0m | bittensor:utils.py:9 | UID:43 | Block:4787853 | Consensus:0.0 | Stake:0.0 | Trust:0.0 | Incentive:0.0 | Emission:0.0
[34m2025-01-26 08:06:03.655[39m | [1m[37m      INFO      [39m[49m[0m | bittensor:utils.py:9 | UID:43 | Block:4787854 | Consensus:0.0 | Stake:0.0 | Trust:0.0 | Incentive:0.0 | Emission:0.0
[34m2025-01-26 08:06:14.896[39m | [1m[37m      INFO      [39m[49m[0m | bittensor:utils.py:9 | UID:43 | Block:4787855 | Consensus:0.0 | Stake:0.0 | Trust:0.0 | Incentive:0.0 | Emission:0.0
[34m2025-01-26 08:06:27.577[39m | [1m[37m      INFO      [39m[49m[0m | bittensor:utils.py:9 | UID:43 | Block:4787856 | Consensus:0.0 | Stake:0.0 | Trust:0.0 | Incentive:0.0 | Emission:0.0
[34m2025-01-26 08:06:39.434[39m | [1m[37m      INFO      [39m[49m[0m | bittensor:utils.py:9 | UID:43 | Block:4787857 | Consensus:0.0 | Stake:0.0 | Trust:0.0 | Incentive:0.0 | Emission:0.0
[34m2025-01-26 08:06:51.858[39m | [1m[37m      INFO      [39m[49m[0m | bittensor:utils.py:9 | UID:43 | Block:4787858 | Consensus:0.0 | Stake:0.0 | Trust:0.0 | Incentive:0.0 | Emission:0.0
[34m2025-01-26 08:07:03.504[39m | [1m[37m      INFO      [39m[49m[0m | bittensor:utils.py:9 | UID:43 | Block:4787859 | Consensus:0.0 | Stake:0.0 | Trust:0.0 | Incentive:0.0 | Emission:0.0
[34m2025-01-26 08:07:15.275[39m | [1m[37m      INFO      [39m[49m[0m | bittensor:utils.py:9 | UID:43 | Block:4787860 | Consensus:0.0 | Stake:0.0 | Trust:0.0 | Incentive:0.0 | Emission:0.0
[34m2025-01-26 08:07:27.268[39m | [1m[37m      INFO      [39m[49m[0m | bittensor:utils.py:9 | UID:43 | Block:4787861 | Consensus:0.0 | Stake:0.0 | Trust:0.0 | Incentive:0.0 | Emission:0.0
[34m2025-01-26 08:07:39.248[39m | [1m[37m      INFO      [39m[49m[0m | bittensor:utils.py:9 | UID:43 | Block:4787862 | Consensus:0.0 | Stake:0.0 | Trust:0.0 | Incentive:0.0 | Emission:0.0
[34m2025-01-26 08:07:51.473[39m | [1m[37m      INFO      [39m[49m[0m | bittensor:utils.py:9 | UID:43 | Block:4787863 | Consensus:0.0 | Stake:0.0 | Trust:0.0 | Incentive:0.0 | Emission:0.0
[34m2025-01-26 08:08:03.160[39m | [1m[37m      INFO      [39m[49m[0m | bittensor:utils.py:9 | UID:43 | Block:4787864 | Consensus:0.0 | Stake:0.0 | Trust:0.0 | Incentive:0.0 | Emission:0.0
[34m2025-01-26 08:08:15.722[39m | [1m[37m      INFO      [39m[49m[0m | bittensor:utils.py:9 | UID:43 | Block:4787865 | Consensus:0.0 | Stake:0.0 | Trust:0.0 | Incentive:0.0 | Emission:0.0
[34m2025-01-26 08:08:27.558[39m | [1m[37m      INFO      [39m[49m[0m | bittensor:utils.py:9 | UID:43 | Block:4787866 | Consensus:0.0 | Stake:0.0 | Trust:0.0 | Incentive:0.0 | Emission:0.0
[34m2025-01-26 08:08:39.891[39m | [1m[37m      INFO      [39m[49m[0m | bittensor:utils.py:9 | UID:43 | Block:4787867 | Consensus:0.0 | Stake:0.0 | Trust:0.0 | Incentive:0.0 | Emission:0.0
[34m2025-01-26 08:08:51.091[39m | [1m[37m      INFO      [39m[49m[0m | bittensor:utils.py:9 | UID:43 | Block:4787868 | Consensus:0.0 | Stake:0.0 | Trust:0.0 | Incentive:0.0 | Emission:0.0
[34m2025-01-26 08:09:03.325[39m | [1m[37m      INFO      [39m[49m[0m | bittensor:utils.py:9 | UID:43 | Block:4787869 | Consensus:0.0 | Stake:0.0 | Trust:0.0 | Incentive:0.0 | Emission:0.0
[34m2025-01-26 08:09:15.135[39m | [1m[37m      INFO      [39m[49m[0m | bittensor:utils.py:9 | UID:43 | Block:4787870 | Consensus:0.0 | Stake:0.0 | Trust:0.0 | Incentive:0.0 | Emission:0.0
[34m2025-01-26 08:09:28.748[39m | [1m[37m      INFO      [39m[49m[0m | bittensor:utils.py:9 | UID:43 | Block:4787871 | Consensus:0.0 | Stake:0.0 | Trust:0.0 | Incentive:0.0 | Emission:0.0
[34m2025-01-26 08:09:39.535[39m | [1m[37m      INFO      [39m[49m[0m | bittensor:utils.py:9 | UID:43 | Block:4787872 | Consensus:0.0 | Stake:0.0 | Trust:0.0 | Incentive:0.0 | Emission:0.0
[34m2025-01-26 08:09:52.486[39m | [1m[37m      INFO      [39m[49m[0m | bittensor:utils.py:9 | UID:43 | Block:4787873 | Consensus:0.0 | Stake:0.0 | Trust:0.0 | Incentive:0.0 | Emission:0.0
[34m2025-01-26 08:10:03.490[39m | [1m[37m      INFO      [39m[49m[0m | bittensor:utils.py:9 | UID:43 | Block:4787874 | Consensus:0.0 | Stake:0.0 | Trust:0.0 | Incentive:0.0 | Emission:0.0
[34m2025-01-26 08:10:16.422[39m | [1m[37m      INFO      [39m[49m[0m | bittensor:utils.py:9 | UID:43 | Block:4787875 | Consensus:0.0 | Stake:0.0 | Trust:0.0 | Incentive:0.0 | Emission:0.0
[34m2025-01-26 08:10:27.743[39m | [1m[37m      INFO      [39m[49m[0m | bittensor:utils.py:9 | UID:43 | Block:4787876 | Consensus:0.0 | Stake:0.0 | Trust:0.0 | Incentive:0.0 | Emission:0.0
[34m2025-01-26 08:10:39.703[39m | [1m[37m      INFO      [39m[49m[0m | bittensor:utils.py:9 | UID:43 | Block:4787877 | Consensus:0.0 | Stake:0.0 | Trust:0.0 | Incentive:0.0 | Emission:0.0
[34m2025-01-26 08:10:52.022[39m | [1m[37m      INFO      [39m[49m[0m | bittensor:utils.py:9 | UID:43 | Block:4787878 | Consensus:0.0 | Stake:0.0 | Trust:0.0 | Incentive:0.0 | Emission:0.0
[34m2025-01-26 08:11:04.131[39m | [1m[37m      INFO      [39m[49m[0m | bittensor:utils.py:9 | UID:43 | Block:4787879 | Consensus:0.0 | Stake:0.0 | Trust:0.0 | Incentive:0.0 | Emission:0.0
[34m2025-01-26 08:11:16.062[39m | [1m[37m      INFO      [39m[49m[0m | bittensor:utils.py:9 | UID:43 | Block:4787880 | Consensus:0.0 | Stake:0.0 | Trust:0.0 | Incentive:0.0 | Emission:0.0
[34m2025-01-26 08:11:29.257[39m | [1m[37m      INFO      [39m[49m[0m | bittensor:utils.py:9 | UID:43 | Block:4787881 | Consensus:0.0 | Stake:0.0 | Trust:0.0 | Incentive:0.0 | Emission:0.0
[34m2025-01-26 08:11:39.705[39m | [1m[37m      INFO      [39m[49m[0m | bittensor:utils.py:9 | UID:43 | Block:4787882 | Consensus:0.0 | Stake:0.0 | Trust:0.0 | Incentive:0.0 | Emission:0.0
[34m2025-01-26 08:11:52.679[39m | [1m[37m      INFO      [39m[49m[0m | bittensor:utils.py:9 | UID:43 | Block:4787883 | Consensus:0.0 | Stake:0.0 | Trust:0.0 | Incentive:0.0 | Emission:0.0
[34m2025-01-26 08:12:04.357[39m | [1m[37m      INFO      [39m[49m[0m | bittensor:utils.py:9 | UID:43 | Block:4787884 | Consensus:0.0 | Stake:0.0 | Trust:0.0 | Incentive:0.0 | Emission:0.0
[34m2025-01-26 08:12:17.767[39m | [1m[37m      INFO      [39m[49m[0m | bittensor:utils.py:9 | UID:43 | Block:4787885 | Consensus:0.0 | Stake:0.0 | Trust:0.0 | Incentive:0.0 | Emission:0.0
[34m2025-01-26 08:12:28.359[39m | [1m[37m      INFO      [39m[49m[0m | bittensor:utils.py:9 | UID:43 | Block:4787886 | Consensus:0.0 | Stake:0.0 | Trust:0.0 | Incentive:0.0 | Emission:0.0
[34m2025-01-26 08:12:40.057[39m | [1m[37m      INFO      [39m[49m[0m | bittensor:utils.py:9 | UID:43 | Block:4787887 | Consensus:0.0 | Stake:0.0 | Trust:0.0 | Incentive:0.0 | Emission:0.0
[34m2025-01-26 08:12:52.849[39m | [1m[37m      INFO      [39m[49m[0m | bittensor:utils.py:9 | UID:43 | Block:4787888 | Consensus:0.0 | Stake:0.0 | Trust:0.0 | Incentive:0.0 | Emission:0.0
[34m2025-01-26 08:13:04.763[39m | [1m[37m      INFO      [39m[49m[0m | bittensor:utils.py:9 | UID:43 | Block:4787889 | Consensus:0.0 | Stake:0.0 | Trust:0.0 | Incentive:0.0 | Emission:0.0
[34m2025-01-26 08:13:17.184[39m | [1m[37m      INFO      [39m[49m[0m | bittensor:utils.py:9 | UID:43 | Block:4787890 | Consensus:0.0 | Stake:0.0 | Trust:0.0 | Incentive:0.0 | Emission:0.0
[34m2025-01-26 08:13:27.591[39m | [1m[37m      INFO      [39m[49m[0m | bittensor:utils.py:9 | UID:43 | Block:4787891 | Consensus:0.0 | Stake:0.0 | Trust:0.0 | Incentive:0.0 | Emission:0.0
[34m2025-01-26 08:13:41.124[39m | [1m[37m      INFO      [39m[49m[0m | bittensor:utils.py:9 | UID:43 | Block:4787892 | Consensus:0.0 | Stake:0.0 | Trust:0.0 | Incentive:0.0 | Emission:0.0
[34m2025-01-26 08:13:52.883[39m | [1m[37m      INFO      [39m[49m[0m | bittensor:utils.py:9 | UID:43 | Block:4787893 | Consensus:0.0 | Stake:0.0 | Trust:0.0 | Incentive:0.0 | Emission:0.0
[34m2025-01-26 08:14:04.923[39m | [1m[37m      INFO      [39m[49m[0m | bittensor:utils.py:9 | UID:43 | Block:4787894 | Consensus:0.0 | Stake:0.0 | Trust:0.0 | Incentive:0.0 | Emission:0.0
[34m2025-01-26 08:14:16.838[39m | [1m[37m      INFO      [39m[49m[0m | bittensor:utils.py:9 | UID:43 | Block:4787895 | Consensus:0.0 | Stake:0.0 | Trust:0.0 | Incentive:0.0 | Emission:0.0
[34m2025-01-26 08:14:30.015[39m | [1m[37m      INFO      [39m[49m[0m | bittensor:utils.py:9 | UID:43 | Block:4787896 | Consensus:0.0 | Stake:0.0 | Trust:0.0 | Incentive:0.0 | Emission:0.0
[34m2025-01-26 08:14:41.467[39m | [1m[37m      INFO      [39m[49m[0m | bittensor:utils.py:9 | UID:43 | Block:4787897 | Consensus:0.0 | Stake:0.0 | Trust:0.0 | Incentive:0.0 | Emission:0.0
[34m2025-01-26 08:14:52.105[39m | [1m[37m      INFO      [39m[49m[0m | bittensor:utils.py:9 | UID:43 | Block:4787898 | Consensus:0.0 | Stake:0.0 | Trust:0.0 | Incentive:0.0 | Emission:0.0
[34m2025-01-26 08:15:03.491[39m | [1m[37m      INFO      [39m[49m[0m | bittensor:utils.py:9 | UID:43 | Block:4787899 | Consensus:0.0 | Stake:0.0 | Trust:0.0 | Incentive:0.0 | Emission:0.0
[34m2025-01-26 08:15:18.038[39m | [1m[37m      INFO      [39m[49m[0m | bittensor:utils.py:9 | UID:43 | Block:4787900 | Consensus:0.0 | Stake:0.0 | Trust:0.0 | Incentive:0.0 | Emission:0.0
[34m2025-01-26 08:15:29.381[39m | [1m[37m      INFO      [39m[49m[0m | bittensor:utils.py:9 | UID:43 | Block:4787901 | Consensus:0.0 | Stake:0.0 | Trust:0.0 | Incentive:0.0 | Emission:0.0
[34m2025-01-26 08:15:41.702[39m | [1m[37m      INFO      [39m[49m[0m | bittensor:utils.py:9 | UID:43 | Block:4787902 | Consensus:0.0 | Stake:0.0 | Trust:0.0 | Incentive:0.0 | Emission:0.0
[34m2025-01-26 08:15:51.660[39m | [1m[37m      INFO      [39m[49m[0m | bittensor:utils.py:9 | UID:43 | Block:4787903 | Consensus:0.0 | Stake:0.0 | Trust:0.0 | Incentive:0.0 | Emission:0.0
[34m2025-01-26 08:16:04.016[39m | [1m[37m      INFO      [39m[49m[0m | bittensor:utils.py:9 | UID:43 | Block:4787904 | Consensus:0.0 | Stake:0.0 | Trust:0.0 | Incentive:0.0 | Emission:0.0
[34m2025-01-26 08:16:15.596[39m | [1m[37m      INFO      [39m[49m[0m | bittensor:utils.py:9 | UID:43 | Block:4787905 | Consensus:0.0 | Stake:0.0 | Trust:0.0 | Incentive:0.0 | Emission:0.0
[34m2025-01-26 08:16:28.030[39m | [1m[37m      INFO      [39m[49m[0m | bittensor:utils.py:9 | UID:43 | Block:4787906 | Consensus:0.0 | Stake:0.0 | Trust:0.0 | Incentive:0.0 | Emission:0.0
[34m2025-01-26 08:16:41.360[39m | [1m[37m      INFO      [39m[49m[0m | bittensor:utils.py:9 | UID:43 | Block:4787907 | Consensus:0.0 | Stake:0.0 | Trust:0.0 | Incentive:0.0 | Emission:0.0
[34m2025-01-26 08:16:52.465[39m | [1m[37m      INFO      [39m[49m[0m | bittensor:utils.py:9 | UID:43 | Block:4787908 | Consensus:0.0 | Stake:0.0 | Trust:0.0 | Incentive:0.0 | Emission:0.0
[34m2025-01-26 08:17:04.036[39m | [1m[37m      INFO      [39m[49m[0m | bittensor:utils.py:9 | UID:43 | Block:4787909 | Consensus:0.0 | Stake:0.0 | Trust:0.0 | Incentive:0.0 | Emission:0.0
[34m2025-01-26 08:17:17.434[39m | [1m[37m      INFO      [39m[49m[0m | bittensor:utils.py:9 | UID:43 | Block:4787910 | Consensus:0.0 | Stake:0.0 | Trust:0.0 | Incentive:0.0 | Emission:0.0
[34m2025-01-26 08:17:28.474[39m | [1m[37m      INFO      [39m[49m[0m | bittensor:utils.py:9 | UID:43 | Block:4787911 | Consensus:0.0 | Stake:0.0 | Trust:0.0 | Incentive:0.0 | Emission:0.0
[34m2025-01-26 08:17:41.130[39m | [1m[37m      INFO      [39m[49m[0m | bittensor:utils.py:9 | UID:43 | Block:4787912 | Consensus:0.0 | Stake:0.0 | Trust:0.0 | Incentive:0.0 | Emission:0.0
[34m2025-01-26 08:17:53.135[39m | [1m[37m      INFO      [39m[49m[0m | bittensor:utils.py:9 | UID:43 | Block:4787913 | Consensus:0.0 | Stake:0.0 | Trust:0.0 | Incentive:0.0 | Emission:0.0
[34m2025-01-26 08:18:03.365[39m | [1m[37m      INFO      [39m[49m[0m | bittensor:utils.py:9 | UID:43 | Block:4787914 | Consensus:0.0 | Stake:0.0 | Trust:0.0 | Incentive:0.0 | Emission:0.0
[34m2025-01-26 08:18:15.650[39m | [1m[37m      INFO      [39m[49m[0m | bittensor:utils.py:9 | UID:43 | Block:4787915 | Consensus:0.0 | Stake:0.0 | Trust:0.0 | Incentive:0.0 | Emission:0.0
[34m2025-01-26 08:18:29.314[39m | [1m[37m      INFO      [39m[49m[0m | bittensor:utils.py:9 | UID:43 | Block:4787916 | Consensus:0.0 | Stake:0.0 | Trust:0.0 | Incentive:0.0 | Emission:0.0
[34m2025-01-26 08:18:41.307[39m | [1m[37m      INFO      [39m[49m[0m | bittensor:utils.py:9 | UID:43 | Block:4787917 | Consensus:0.0 | Stake:0.0 | Trust:0.0 | Incentive:0.0 | Emission:0.0
[34m2025-01-26 08:18:53.120[39m | [1m[37m      INFO      [39m[49m[0m | bittensor:utils.py:9 | UID:43 | Block:4787918 | Consensus:0.0 | Stake:0.0 | Trust:0.0 | Incentive:0.0 | Emission:0.0
[34m2025-01-26 08:19:03.320[39m | [1m[37m      INFO      [39m[49m[0m | bittensor:utils.py:9 | UID:43 | Block:4787919 | Consensus:0.0 | Stake:0.0 | Trust:0.0 | Incentive:0.0 | Emission:0.0
[34m2025-01-26 08:19:16.161[39m | [1m[37m      INFO      [39m[49m[0m | bittensor:utils.py:9 | UID:43 | Block:4787920 | Consensus:0.0 | Stake:0.0 | Trust:0.0 | Incentive:0.0 | Emission:0.0
[34m2025-01-26 08:19:28.874[39m | [1m[37m      INFO      [39m[49m[0m | bittensor:utils.py:9 | UID:43 | Block:4787921 | Consensus:0.0 | Stake:0.0 | Trust:0.0 | Incentive:0.0 | Emission:0.0
[34m2025-01-26 08:19:41.263[39m | [1m[37m      INFO      [39m[49m[0m | bittensor:utils.py:9 | UID:43 | Block:4787922 | Consensus:0.0 | Stake:0.0 | Trust:0.0 | Incentive:0.0 | Emission:0.0
[34m2025-01-26 08:19:51.942[39m | [1m[37m      INFO      [39m[49m[0m | bittensor:utils.py:9 | UID:43 | Block:4787923 | Consensus:0.0 | Stake:0.0 | Trust:0.0 | Incentive:0.0 | Emission:0.0
[34m2025-01-26 08:20:04.474[39m | [1m[37m      INFO      [39m[49m[0m | bittensor:utils.py:9 | UID:43 | Block:4787924 | Consensus:0.0 | Stake:0.0 | Trust:0.0 | Incentive:0.0 | Emission:0.0
[34m2025-01-26 08:20:16.325[39m | [1m[37m      INFO      [39m[49m[0m | bittensor:utils.py:9 | UID:43 | Block:4787925 | Consensus:0.0 | Stake:0.0 | Trust:0.0 | Incentive:0.0 | Emission:0.0
[34m2025-01-26 08:20:28.834[39m | [1m[37m      INFO      [39m[49m[0m | bittensor:utils.py:9 | UID:43 | Block:4787926 | Consensus:0.0 | Stake:0.0 | Trust:0.0 | Incentive:0.0 | Emission:0.0
[34m2025-01-26 08:20:39.591[39m | [1m[37m      INFO      [39m[49m[0m | bittensor:utils.py:9 | UID:43 | Block:4787927 | Consensus:0.0 | Stake:0.0 | Trust:0.0 | Incentive:0.0 | Emission:0.0
[34m2025-01-26 08:20:53.454[39m | [1m[37m      INFO      [39m[49m[0m | bittensor:utils.py:9 | UID:43 | Block:4787928 | Consensus:0.0 | Stake:0.0 | Trust:0.0 | Incentive:0.0 | Emission:0.0
[34m2025-01-26 08:21:03.750[39m | [1m[37m      INFO      [39m[49m[0m | bittensor:utils.py:9 | UID:43 | Block:4787929 | Consensus:0.0 | Stake:0.0 | Trust:0.0 | Incentive:0.0 | Emission:0.0
[34m2025-01-26 08:21:16.402[39m | [1m[37m      INFO      [39m[49m[0m | bittensor:utils.py:9 | UID:43 | Block:4787930 | Consensus:0.0 | Stake:0.0 | Trust:0.0 | Incentive:0.0 | Emission:0.0
[34m2025-01-26 08:21:29.643[39m | [1m[37m      INFO      [39m[49m[0m | bittensor:utils.py:9 | UID:43 | Block:4787931 | Consensus:0.0 | Stake:0.0 | Trust:0.0 | Incentive:0.0 | Emission:0.0
[34m2025-01-26 08:21:40.385[39m | [1m[37m      INFO      [39m[49m[0m | bittensor:utils.py:9 | UID:43 | Block:4787932 | Consensus:0.0 | Stake:0.0 | Trust:0.0 | Incentive:0.0 | Emission:0.0
[34m2025-01-26 08:21:53.184[39m | [1m[37m      INFO      [39m[49m[0m | bittensor:utils.py:9 | UID:43 | Block:4787933 | Consensus:0.0 | Stake:0.0 | Trust:0.0 | Incentive:0.0 | Emission:0.0
[34m2025-01-26 08:22:04.828[39m | [1m[37m      INFO      [39m[49m[0m | bittensor:utils.py:9 | UID:43 | Block:4787934 | Consensus:0.0 | Stake:0.0 | Trust:0.0 | Incentive:0.0 | Emission:0.0
[34m2025-01-26 08:22:16.806[39m | [1m[37m      INFO      [39m[49m[0m | bittensor:utils.py:9 | UID:43 | Block:4787935 | Consensus:0.0 | Stake:0.0 | Trust:0.0 | Incentive:0.0 | Emission:0.0
[34m2025-01-26 08:22:29.169[39m | [1m[37m      INFO      [39m[49m[0m | bittensor:utils.py:9 | UID:43 | Block:4787936 | Consensus:0.0 | Stake:0.0 | Trust:0.0 | Incentive:0.0 | Emission:0.0
[34m2025-01-26 08:22:40.362[39m | [1m[37m      INFO      [39m[49m[0m | bittensor:utils.py:9 | UID:43 | Block:4787937 | Consensus:0.0 | Stake:0.0 | Trust:0.0 | Incentive:0.0 | Emission:0.0
[34m2025-01-26 08:22:51.486[39m | [1m[37m      INFO      [39m[49m[0m | bittensor:utils.py:9 | UID:43 | Block:4787938 | Consensus:0.0 | Stake:0.0 | Trust:0.0 | Incentive:0.0 | Emission:0.0
[34m2025-01-26 08:23:04.725[39m | [1m[37m      INFO      [39m[49m[0m | bittensor:utils.py:9 | UID:43 | Block:4787939 | Consensus:0.0 | Stake:0.0 | Trust:0.0 | Incentive:0.0 | Emission:0.0
[34m2025-01-26 08:23:15.202[39m | [1m[37m      INFO      [39m[49m[0m | bittensor:utils.py:9 | UID:43 | Block:4787940 | Consensus:0.0 | Stake:0.0 | Trust:0.0 | Incentive:0.0 | Emission:0.0
[34m2025-01-26 08:23:26.996[39m | [1m[37m      INFO      [39m[49m[0m | bittensor:utils.py:9 | UID:43 | Block:4787941 | Consensus:0.0 | Stake:0.0 | Trust:0.0 | Incentive:0.0 | Emission:0.0
[34m2025-01-26 08:23:38.998[39m | [1m[37m      INFO      [39m[49m[0m | bittensor:utils.py:9 | UID:43 | Block:4787942 | Consensus:0.0 | Stake:0.0 | Trust:0.0 | Incentive:0.0 | Emission:0.0
[34m2025-01-26 08:23:51.115[39m | [1m[37m      INFO      [39m[49m[0m | bittensor:utils.py:9 | UID:43 | Block:4787943 | Consensus:0.0 | Stake:0.0 | Trust:0.0 | Incentive:0.0 | Emission:0.0
[34m2025-01-26 08:24:02.879[39m | [1m[37m      INFO      [39m[49m[0m | bittensor:utils.py:9 | UID:43 | Block:4787944 | Consensus:0.0 | Stake:0.0 | Trust:0.0 | Incentive:0.0 | Emission:0.0
[34m2025-01-26 08:24:14.905[39m | [1m[37m      INFO      [39m[49m[0m | bittensor:utils.py:9 | UID:43 | Block:4787945 | Consensus:0.0 | Stake:0.0 | Trust:0.0 | Incentive:0.0 | Emission:0.0
[34m2025-01-26 08:24:27.019[39m | [1m[37m      INFO      [39m[49m[0m | bittensor:utils.py:9 | UID:43 | Block:4787946 | Consensus:0.0 | Stake:0.0 | Trust:0.0 | Incentive:0.0 | Emission:0.0
[34m2025-01-26 08:24:38.897[39m | [1m[37m      INFO      [39m[49m[0m | bittensor:utils.py:9 | UID:43 | Block:4787947 | Consensus:0.0 | Stake:0.0 | Trust:0.0 | Incentive:0.0 | Emission:0.0
[34m2025-01-26 08:24:50.998[39m | [1m[37m      INFO      [39m[49m[0m | bittensor:utils.py:9 | UID:43 | Block:4787948 | Consensus:0.0 | Stake:0.0 | Trust:0.0 | Incentive:0.0 | Emission:0.0
[34m2025-01-26 08:25:03.236[39m | [1m[37m      INFO      [39m[49m[0m | bittensor:utils.py:9 | UID:43 | Block:4787949 | Consensus:0.0 | Stake:0.0 | Trust:0.0 | Incentive:0.0 | Emission:0.0
[34m2025-01-26 08:25:15.087[39m | [1m[37m      INFO      [39m[49m[0m | bittensor:utils.py:9 | UID:43 | Block:4787950 | Consensus:0.0 | Stake:0.0 | Trust:0.0 | Incentive:0.0 | Emission:0.0
[34m2025-01-26 08:25:27.449[39m | [1m[37m      INFO      [39m[49m[0m | bittensor:utils.py:9 | UID:43 | Block:4787951 | Consensus:0.0 | Stake:0.0 | Trust:0.0 | Incentive:0.0 | Emission:0.0
[34m2025-01-26 08:25:38.933[39m | [1m[37m      INFO      [39m[49m[0m | bittensor:utils.py:9 | UID:43 | Block:4787952 | Consensus:0.0 | Stake:0.0 | Trust:0.0 | Incentive:0.0 | Emission:0.0
[34m2025-01-26 08:25:51.525[39m | [1m[37m      INFO      [39m[49m[0m | bittensor:utils.py:9 | UID:43 | Block:4787953 | Consensus:0.0 | Stake:0.0 | Trust:0.0 | Incentive:0.0 | Emission:0.0
[34m2025-01-26 08:26:03.008[39m | [1m[37m      INFO      [39m[49m[0m | bittensor:utils.py:9 | UID:43 | Block:4787954 | Consensus:0.0 | Stake:0.0 | Trust:0.0 | Incentive:0.0 | Emission:0.0
[34m2025-01-26 08:26:14.982[39m | [1m[37m      INFO      [39m[49m[0m | bittensor:utils.py:9 | UID:43 | Block:4787955 | Consensus:0.0 | Stake:0.0 | Trust:0.0 | Incentive:0.0 | Emission:0.0
[34m2025-01-26 08:26:26.888[39m | [1m[37m      INFO      [39m[49m[0m | bittensor:utils.py:9 | UID:43 | Block:4787956 | Consensus:0.0 | Stake:0.0 | Trust:0.0 | Incentive:0.0 | Emission:0.0
[34m2025-01-26 08:26:39.570[39m | [1m[37m      INFO      [39m[49m[0m | bittensor:utils.py:9 | UID:43 | Block:4787957 | Consensus:0.0 | Stake:0.0 | Trust:0.0 | Incentive:0.0 | Emission:0.0
[34m2025-01-26 08:26:50.990[39m | [1m[37m      INFO      [39m[49m[0m | bittensor:utils.py:9 | UID:43 | Block:4787958 | Consensus:0.0 | Stake:0.0 | Trust:0.0 | Incentive:0.0 | Emission:0.0
[34m2025-01-26 08:27:03.117[39m | [1m[37m      INFO      [39m[49m[0m | bittensor:utils.py:9 | UID:43 | Block:4787959 | Consensus:0.0 | Stake:0.0 | Trust:0.0 | Incentive:0.0 | Emission:0.0
[34m2025-01-26 08:27:15.756[39m | [1m[37m      INFO      [39m[49m[0m | bittensor:utils.py:9 | UID:43 | Block:4787960 | Consensus:0.0 | Stake:0.0 | Trust:0.0 | Incentive:0.0 | Emission:0.0
[34m2025-01-26 08:27:27.534[39m | [1m[37m      INFO      [39m[49m[0m | bittensor:utils.py:9 | UID:43 | Block:4787961 | Consensus:0.0 | Stake:0.0 | Trust:0.0 | Incentive:0.0 | Emission:0.0
[34m2025-01-26 08:27:38.886[39m | [1m[37m      INFO      [39m[49m[0m | bittensor:utils.py:9 | UID:43 | Block:4787962 | Consensus:0.0 | Stake:0.0 | Trust:0.0 | Incentive:0.0 | Emission:0.0
[34m2025-01-26 08:27:51.266[39m | [1m[37m      INFO      [39m[49m[0m | bittensor:utils.py:9 | UID:43 | Block:4787963 | Consensus:0.0 | Stake:0.0 | Trust:0.0 | Incentive:0.0 | Emission:0.0
[34m2025-01-26 08:28:02.690[39m | [1m[37m      INFO      [39m[49m[0m | bittensor:utils.py:9 | UID:43 | Block:4787964 | Consensus:0.0 | Stake:0.0 | Trust:0.0 | Incentive:0.0 | Emission:0.0
[34m2025-01-26 08:28:14.915[39m | [1m[37m      INFO      [39m[49m[0m | bittensor:utils.py:9 | UID:43 | Block:4787965 | Consensus:0.0 | Stake:0.0 | Trust:0.0 | Incentive:0.0 | Emission:0.0
[34m2025-01-26 08:28:27.318[39m | [1m[37m      INFO      [39m[49m[0m | bittensor:utils.py:9 | UID:43 | Block:4787966 | Consensus:0.0 | Stake:0.0 | Trust:0.0 | Incentive:0.0 | Emission:0.0
[34m2025-01-26 08:28:39.745[39m | [1m[37m      INFO      [39m[49m[0m | bittensor:utils.py:9 | UID:43 | Block:4787967 | Consensus:0.0 | Stake:0.0 | Trust:0.0 | Incentive:0.0 | Emission:0.0
[34m2025-01-26 08:28:51.505[39m | [1m[37m      INFO      [39m[49m[0m | bittensor:utils.py:9 | UID:43 | Block:4787968 | Consensus:0.0 | Stake:0.0 | Trust:0.0 | Incentive:0.0 | Emission:0.0
[34m2025-01-26 08:29:03.239[39m | [1m[37m      INFO      [39m[49m[0m | bittensor:utils.py:9 | UID:43 | Block:4787969 | Consensus:0.0 | Stake:0.0 | Trust:0.0 | Incentive:0.0 | Emission:0.0
[34m2025-01-26 08:29:15.472[39m | [1m[37m      INFO      [39m[49m[0m | bittensor:utils.py:9 | UID:43 | Block:4787970 | Consensus:0.0 | Stake:0.0 | Trust:0.0 | Incentive:0.0 | Emission:0.0
[34m2025-01-26 08:29:27.647[39m | [1m[37m      INFO      [39m[49m[0m | bittensor:utils.py:9 | UID:43 | Block:4787971 | Consensus:0.0 | Stake:0.0 | Trust:0.0 | Incentive:0.0 | Emission:0.0
[34m2025-01-26 08:29:39.660[39m | [1m[37m      INFO      [39m[49m[0m | bittensor:utils.py:9 | UID:43 | Block:4787972 | Consensus:0.0 | Stake:0.0 | Trust:0.0 | Incentive:0.0 | Emission:0.0
[34m2025-01-26 08:29:51.719[39m | [1m[37m      INFO      [39m[49m[0m | bittensor:utils.py:9 | UID:43 | Block:4787973 | Consensus:0.0 | Stake:0.0 | Trust:0.0 | Incentive:0.0 | Emission:0.0
[34m2025-01-26 08:30:03.158[39m | [1m[37m      INFO      [39m[49m[0m | bittensor:utils.py:9 | UID:43 | Block:4787974 | Consensus:0.0 | Stake:0.0 | Trust:0.0 | Incentive:0.0 | Emission:0.0
[34m2025-01-26 08:30:15.337[39m | [1m[37m      INFO      [39m[49m[0m | bittensor:utils.py:9 | UID:43 | Block:4787975 | Consensus:0.0 | Stake:0.0 | Trust:0.0 | Incentive:0.0 | Emission:0.0
[34m2025-01-26 08:30:27.326[39m | [1m[37m      INFO      [39m[49m[0m | bittensor:utils.py:9 | UID:43 | Block:4787976 | Consensus:0.0 | Stake:0.0 | Trust:0.0 | Incentive:0.0 | Emission:0.0
[34m2025-01-26 08:30:39.853[39m | [1m[37m      INFO      [39m[49m[0m | bittensor:utils.py:9 | UID:43 | Block:4787977 | Consensus:0.0 | Stake:0.0 | Trust:0.0 | Incentive:0.0 | Emission:0.0
[34m2025-01-26 08:30:51.357[39m | [1m[37m      INFO      [39m[49m[0m | bittensor:utils.py:9 | UID:43 | Block:4787978 | Consensus:0.0 | Stake:0.0 | Trust:0.0 | Incentive:0.0 | Emission:0.0
[34m2025-01-26 08:31:03.296[39m | [1m[37m      INFO      [39m[49m[0m | bittensor:utils.py:9 | UID:43 | Block:4787979 | Consensus:0.0 | Stake:0.0 | Trust:0.0 | Incentive:0.0 | Emission:0.0
[34m2025-01-26 08:31:15.326[39m | [1m[37m      INFO      [39m[49m[0m | bittensor:utils.py:9 | UID:43 | Block:4787980 | Consensus:0.0 | Stake:0.0 | Trust:0.0 | Incentive:0.0 | Emission:0.0
[34m2025-01-26 08:31:27.503[39m | [1m[37m      INFO      [39m[49m[0m | bittensor:utils.py:9 | UID:43 | Block:4787981 | Consensus:0.0 | Stake:0.0 | Trust:0.0 | Incentive:0.0 | Emission:0.0
[34m2025-01-26 08:31:39.096[39m | [1m[37m      INFO      [39m[49m[0m | bittensor:utils.py:9 | UID:43 | Block:4787982 | Consensus:0.0 | Stake:0.0 | Trust:0.0 | Incentive:0.0 | Emission:0.0
[34m2025-01-26 08:31:50.934[39m | [1m[37m      INFO      [39m[49m[0m | bittensor:utils.py:9 | UID:43 | Block:4787983 | Consensus:0.0 | Stake:0.0 | Trust:0.0 | Incentive:0.0 | Emission:0.0
[34m2025-01-26 08:32:03.073[39m | [1m[37m      INFO      [39m[49m[0m | bittensor:utils.py:9 | UID:43 | Block:4787984 | Consensus:0.0 | Stake:0.0 | Trust:0.0 | Incentive:0.0 | Emission:0.0
[34m2025-01-26 08:32:15.867[39m | [1m[37m      INFO      [39m[49m[0m | bittensor:utils.py:9 | UID:43 | Block:4787985 | Consensus:0.0 | Stake:0.0 | Trust:0.0 | Incentive:0.0 | Emission:0.0
[34m2025-01-26 08:32:27.539[39m | [1m[37m      INFO      [39m[49m[0m | bittensor:utils.py:9 | UID:43 | Block:4787986 | Consensus:0.0 | Stake:0.0 | Trust:0.0 | Incentive:0.0 | Emission:0.0
[34m2025-01-26 08:32:38.748[39m | [1m[37m      INFO      [39m[49m[0m | bittensor:utils.py:9 | UID:43 | Block:4787987 | Consensus:0.0 | Stake:0.0 | Trust:0.0 | Incentive:0.0 | Emission:0.0
[34m2025-01-26 08:32:51.571[39m | [1m[37m      INFO      [39m[49m[0m | bittensor:utils.py:9 | UID:43 | Block:4787988 | Consensus:0.0 | Stake:0.0 | Trust:0.0 | Incentive:0.0 | Emission:0.0
[34m2025-01-26 08:33:02.770[39m | [1m[37m      INFO      [39m[49m[0m | bittensor:utils.py:9 | UID:43 | Block:4787989 | Consensus:0.0 | Stake:0.0 | Trust:0.0 | Incentive:0.0 | Emission:0.0
